"OPENMONTH","LOAN_TERM","LOAN_SIZE","AGEINMONTHS","TOTAL_ACCOUNTS","TOTAL_IN_ARREARS"
"202402","2","5001 - 6000",7,45,9
"202506","7","8001 - 9000",1,2,1
"202408","1","5001 - 6000",3,552,55
"202401","2","5001 - 6000",6,22,1
"202412","4","7001 - 8000",5,4276,1831
"202410","3","4001 - 5000",3,842,269
"202405","3",   0 - 1000,4,13,2
"202502","8","9001 - 10000",1,225,12
"202501","5","5001 - 6000",3,3,1
"202407","3","7001 - 8000",4,680,247
"202401","4","3001 - 4000",2,1076,243
"202406","2","4001 - 5000",2,64,12
"202412","3","4001 - 5000",2,1263,394
"202504","2","2001 - 3000",3,72,9
"202412","6","2001 - 3000",1,123,13
General,"6","6001 - 7000",8,4587,1860
"202412","2",   0 - 1000,3,5,3
General,"4","2001 - 3000",2,13024,2506
"202409","3","2001 - 3000",3,896,217
"202410","2","2001 - 3000",6,143,24
"202410","6","2001 - 3000",3,88,24
"202406","4","4001 - 5000",2,1368,341
"202412","2","5001 - 6000",4,35,15
"202401","2","2001 - 3000",6,164,31
General,"1","6001 - 7000",2,3763,463
"202407","2",   0 - 1000,5,14,3
"202405","2","6001 - 7000",7,18,5
"202412","2","3001 - 4000",5,72,17
General,"3","4001 - 5000",4,14024,4160
"202407","4","3001 - 4000",1,1430,181
"202502","7","7001 - 8000",2,1,0
"202402","3","4001 - 5000",4,697,185
"202405","5","2001 - 3000",4,1,0
"202404","3","5001 - 6000",4,503,160
"202412","8","7001 - 8000",4,1,0
"202404","1",   0 - 1000,8,3031,278
"202410","3","5001 - 6000",1,687,103
"202410","3",   0 - 1000,4,6,1
"202406","5","3001 - 4000",7,5,2
"202501","2","5001 - 6000",2,21,4
"202404","5","3001 - 4000",1,7,0
"202408","6","3001 - 4000",8,279,88
"202404","4","4001 - 5000",6,1308,453
"202410","2","1001 - 2000",3,168,28
"202409","4","7001 - 8000",7,3425,1360
"202501","1","1001 - 2000",4,6989,756
"202405","1","3001 - 4000",4,2297,289
"202408","5","2001 - 3000",3,3,0
"202409","7","8001 - 9000",2,1,0
"202408","8","8001 - 9000",2,20,3
"202502","1","4001 - 5000",5,1304,136
General,"1",   0 - 1000,3,50989,5120
"202407","1",   0 - 1000,3,3073,346
"202404","1","4001 - 5000",7,1018,106
"202403","2","6001 - 7000",3,13,3
"202410","3","3001 - 4000",8,990,314
General,"6","5001 - 6000",6,7795,2956
"202402","4","7001 - 8000",2,3393,912
"202501","2",   0 - 1000,4,12,1
"202408","6","6001 - 7000",6,383,165
"202409","1","1001 - 2000",3,6800,712
"202403","5","7001 - 8000",2,15,5
"202410","6","1001 - 2000",3,31,6
"202406","6","6001 - 7000",1,363,36
"202411","3","2001 - 3000",2,1122,303
"202502","7","8001 - 9000",1,1,0
"202408","6","5001 - 6000",4,685,227
"202501","6","2001 - 3000",1,75,3
"202502","4","5001 - 6000",2,681,170
"202408","3",   0 - 1000,5,10,1
"202402","6","1001 - 2000",3,56,4
"202401","6","1001 - 2000",7,65,15
"202411","6","3001 - 4000",3,199,54
"202408","2","7001 - 8000",1,130,3
"202411","7","9001 - 10000",6,167,53
"202412","5","3001 - 4000",6,2,0
"202403","3",   0 - 1000,6,6,2
"202503","1","2001 - 3000",1,5363,606
"202503","6","1001 - 2000",3,37,7
"202412","5","5001 - 6000",2,1,1
"202405","3","5001 - 6000",5,530,166
"202412","1","6001 - 7000",6,251,52
"202409","8","8001 - 9000",4,18,4
"202406","7","9001 - 10000",6,215,59
"202501","4",   0 - 1000,5,2,0
"202506","7","9001 - 10000",1,127,5
"202409","3",   0 - 1000,2,10,4
"202409","4","6001 - 7000",8,749,334
"202402","2","4001 - 5000",7,58,8
"202501","6","3001 - 4000",4,203,50
"202411","6","7001 - 8000",3,2801,936
"202401","8","10000 +",3,525,126
"202401","6","6001 - 7000",1,308,26
"202407","8","9001 - 10000",6,446,208
General,"4","2001 - 3000",1,13697,1255
"202502","3",   0 - 1000,3,8,2
"202401","6","4001 - 5000",2,529,79
"202409","1",   0 - 1000,8,2629,237
"202408","4","4001 - 5000",2,1428,330
"202501","6",   0 - 1000,5,1,0
"202503","6","3001 - 4000",3,214,51
"202401","6","5001 - 6000",5,535,182
"202503","1","4001 - 5000",4,1333,124
"202504","3","1001 - 2000",2,553,83
"202405","4","1001 - 2000",6,344,104
"202506","4","2001 - 3000",2,540,77
"202411","8","8001 - 9000",5,45,14
General,"1","4001 - 5000",6,16304,1854
General,"1","4001 - 5000",7,15000,1718
"202403","2","5001 - 6000",4,50,12
"202407","3","1001 - 2000",7,468,116
"202408","3","5001 - 6000",1,565,111
"202403","5","3001 - 4000",7,3,1
"202412","3","6001 - 7000",6,414,165
"202403","4","2001 - 3000",7,939,252
"202402","5","2001 - 3000",5,2,0
"202503","4","1001 - 2000",5,189,51
"202403","8","10000 +",1,1107,64
"202405","6","7001 - 8000",4,2655,867
"202503","6","5001 - 6000",1,487,56
"202411","4","7001 - 8000",4,3678,1815
"202501","5","6001 - 7000",1,2,0
"202408","5","4001 - 5000",3,6,0
"202502","4","3001 - 4000",2,739,140
"202409","3","6001 - 7000",8,260,84
"202403","7","8001 - 9000",3,2,0
"202411","4","5001 - 6000",3,1047,476
"202412","3","2001 - 3000",6,1291,373
"202407","1","4001 - 5000",6,1199,138
"202411","1","4001 - 5000",1,1436,193
"202401","7","10000 +",8,42,11
"202406","2","4001 - 5000",3,64,12
"202505","1","1001 - 2000",2,7752,795
"202408","3","3001 - 4000",2,877,195
"202503","3","5001 - 6000",3,752,234
"202404","7","10000 +",2,145,20
"202405","1","7001 - 8000",4,599,65
"202406","2",   0 - 1000,7,18,3
"202501","6","4001 - 5000",2,368,57
General,"4","7001 - 8000",3,57969,20408
"202401","2","4001 - 5000",6,75,13
"202501","6","6001 - 7000",7,225,79
"202501","4","3001 - 4000",4,822,257
"202411","8","8001 - 9000",4,45,14
"202411","2","4001 - 5000",8,41,11
"202405","2","4001 - 5000",2,68,9
"202410","6","4001 - 5000",8,398,150
"202404","1","1001 - 2000",4,7380,797
"202411","1",   0 - 1000,2,2870,284
"202405","3","6001 - 7000",1,255,48
"202404","5","4001 - 5000",4,8,4
"202506","8","7001 - 8000",2,3,1
"202404","5","1001 - 2000",5,2,0
"202409","6","5001 - 6000",3,479,134
"202505","2","5001 - 6000",3,19,4
"202410","6","1001 - 2000",6,31,12
"202412","3","5001 - 6000",1,790,178
"202411","3","5001 - 6000",3,706,265
"202407","3",   0 - 1000,2,14,3
"202407","5","7001 - 8000",4,10,6
"202404","2","1001 - 2000",8,239,28
"202408","3","4001 - 5000",8,861,258
"202403","5","1001 - 2000",4,1,0
"202410","4","5001 - 6000",3,1142,461
"202504","6","6001 - 7000",2,277,59
"202505","4","5001 - 6000",3,928,286
"202401","8","8001 - 9000",8,11,5
"202406","5","6001 - 7000",7,3,2
"202402","4","3001 - 4000",8,1127,351
"202411","4","5001 - 6000",6,1047,508
"202409","6","4001 - 5000",7,443,164
"202412","1","3001 - 4000",4,2982,490
"202412","1","4001 - 5000",5,1493,230
"202408","6","3001 - 4000",1,279,20
"202403","1","3001 - 4000",8,2121,212
General,"3","2001 - 3000",8,12143,3142
"202504","7","9001 - 10000",4,114,18
"202402","4","6001 - 7000",3,626,226
"202411","4","3001 - 4000",8,1042,435
General,"6",   0 - 1000,8,2,2
General,"8","8001 - 9000",5,337,119
"202505","3","2001 - 3000",2,1226,255
"202407","1","5001 - 6000",1,532,64
"202407","8","10000 +",8,1323,636
General,"7","5001 - 6000",1,2,0
"202412","8","9001 - 10000",4,491,157
"202401","1","7001 - 8000",2,452,40
General,"5","1001 - 2000",5,17,5
"202412","3","7001 - 8000",4,1298,461
"202402","5","7001 - 8000",6,11,3
"202502","8","8001 - 9000",2,23,5
"202501","3","1001 - 2000",7,418,83
"202405","2","4001 - 5000",6,68,9
"202412","4","4001 - 5000",6,1322,577
"202502","6","1001 - 2000",5,26,4
"202504","1","5001 - 6000",4,458,46
"202409","3","6001 - 7000",2,260,72
"202406","4","3001 - 4000",5,1297,433
"202409","1","4001 - 5000",5,1066,107
"202401","6","4001 - 5000",4,529,131
"202402","3","3001 - 4000",7,672,182
"202408","3","3001 - 4000",8,877,235
"202503","5","7001 - 8000",4,11,3
"202501","4","6001 - 7000",2,397,105
"202503","2","7001 - 8000",3,74,11
"202401","8","8001 - 9000",1,11,0
"202407","3","4001 - 5000",8,823,246
"202405","3","7001 - 8000",8,730,223
General,"3","5001 - 6000",2,10463,3103
"202403","6","4001 - 5000",6,537,182
"202410","4","3001 - 4000",3,1083,410
"202403","1","4001 - 5000",4,979,92
"202410","3","7001 - 8000",7,937,309
"202405","3","1001 - 2000",8,453,92
"202408","3","6001 - 7000",1,277,49
"202407","4","7001 - 8000",3,3736,1495
"202406","5","1001 - 2000",3,1,0
"202408","4","7001 - 8000",4,3588,1383
General,"8","7001 - 8000",7,3,1
"202408","7","8001 - 9000",2,2,2
"202408","4","7001 - 8000",2,3588,969
"202501","1","1001 - 2000",1,6989,709
"202407","1","4001 - 5000",3,1199,138
"202502","6","3001 - 4000",6,137,47
"202507","3","2001 - 3000",1,1243,49
"202503","4","7001 - 8000",3,3099,1009
"202404","6","2001 - 3000",4,144,38
"202411","5","6001 - 7000",7,3,2
"202406","6","6001 - 7000",3,363,99
"202411","1","6001 - 7000",2,266,43
"202406","3","1001 - 2000",6,406,89
"202410","6","5001 - 6000",2,570,122
"202411","5","4001 - 5000",5,5,1
"202402","6","2001 - 3000",2,128,23
"202401","1","5001 - 6000",3,333,40
"202407","4","7001 - 8000",4,3736,1595
"202405","4","4001 - 5000",5,1344,449
"202405","6","1001 - 2000",7,43,13
"202405","5","7001 - 8000",3,9,1
"202408","2","2001 - 3000",5,160,34
"202406","5","2001 - 3000",1,6,0
"202412","5","7001 - 8000",2,11,3
"202401","7","9001 - 10000",6,160,45
"202405","2","1001 - 2000",4,211,37
"202403","7","10000 +",6,157,41
"202403","2","4001 - 5000",3,70,9
"202401","2","6001 - 7000",2,15,4
General,"4",   0 - 1000,8,85,22
"202412","2","2001 - 3000",3,99,26
"202404","6","2001 - 3000",1,144,12
"202404","1","3001 - 4000",3,1986,203
"202402","1","5001 - 6000",4,331,33
"202406","2","1001 - 2000",8,203,35
"202503","4","3001 - 4000",5,917,311
"202411","4","5001 - 6000",5,1047,508
"202405","3","5001 - 6000",8,530,166
"202403","5","5001 - 6000",8,3,3
"202404","1",   0 - 1000,2,3031,278
"202402","8","9001 - 10000",2,438,69
"202406","4","2001 - 3000",5,889,254
"202409","3","5001 - 6000",5,518,182
"202504","6","1001 - 2000",4,43,4
"202403","3","1001 - 2000",7,514,118
"202406","2","4001 - 5000",1,64,9
"202406","4","1001 - 2000",5,288,89
"202403","2","1001 - 2000",3,240,39
"202412","8","7001 - 8000",1,1,0
"202503","5","1001 - 2000",2,1,0
"202503","7","8001 - 9000",1,2,0
"202402","7","9001 - 10000",1,175,11
"202402","3","2001 - 3000",4,860,212
"202406","2","1001 - 2000",2,203,35
"202410","5","7001 - 8000",6,14,7
"202406","1","4001 - 5000",7,1091,105
General,"2","6001 - 7000",2,220,47
"202502","1","3001 - 4000",5,2382,272
"202504","1",   0 - 1000,3,3069,261
"202410","1","3001 - 4000",5,2931,318
"202403","5","2001 - 3000",4,3,1
"202406","5","5001 - 6000",8,6,2
"202402","5","7001 - 8000",8,11,3
"202406","2","5001 - 6000",1,38,4
"202405","3","5001 - 6000",1,530,89
"202505","7","10000 +",1,485,16
"202408","6","6001 - 7000",5,383,157
"202408","7","8001 - 9000",6,2,2
"202501","5","3001 - 4000",7,4,1
"202403","4","1001 - 2000",3,343,83
"202410","6","7001 - 8000",3,2749,920
"202411","1","4001 - 5000",2,1436,199
"202408","2","5001 - 6000",1,31,5
"202408","2",   0 - 1000,6,12,1
"202409","6","6001 - 7000",1,329,48
"202504","6","4001 - 5000",4,451,119
"202410","2","1001 - 2000",4,168,28
"202411","3","3001 - 4000",3,1004,337
"202409","2","5001 - 6000",6,33,7
"202402","4","6001 - 7000",8,626,236
"202405","6","1001 - 2000",8,43,13
"202411","1","5001 - 6000",8,742,109
"202405","4","6001 - 7000",8,651,250
"202506","1","5001 - 6000",1,524,81
"202407","3","1001 - 2000",3,468,116
"202401","2","1001 - 2000",3,212,45
General,"7","9001 - 10000",5,2418,678
"202407","4","5001 - 6000",2,1261,399
"202403","6","7001 - 8000",6,3201,1197
"202504","2","4001 - 5000",4,34,6
"202410","3",   0 - 1000,2,6,1
"202412","1","2001 - 3000",4,5798,985
"202412","1",   0 - 1000,4,2910,420
"202501","2","6001 - 7000",4,10,2
"202405","8","9001 - 10000",2,391,63
"202501","4","5001 - 6000",3,772,248
"202407","5","2001 - 3000",2,3,2
"202403","8","9001 - 10000",7,517,175
"202409","3","5001 - 6000",4,518,182
"202411","4","6001 - 7000",2,625,265
"202411","1","6001 - 7000",1,266,43
"202408","5","5001 - 6000",6,5,1
"202402","2","5001 - 6000",8,45,9
"202402","3","6001 - 7000",4,233,73
"202501","5","6001 - 7000",5,2,0
"202504","2","5001 - 6000",1,21,1
"202402","2","5001 - 6000",6,45,9
"202412","6","6001 - 7000",3,411,132
"202407","1","2001 - 3000",1,5477,687
"202411","6","5001 - 6000",8,573,254
"202412","8","10000 +",4,2645,767
"202408","5","6001 - 7000",5,4,1
"202406","6","4001 - 5000",2,569,86
"202411","5","5001 - 6000",2,4,1
"202408","5","6001 - 7000",6,4,1
"202411","2","1001 - 2000",1,184,18
"202409","5","5001 - 6000",8,3,1
"202405","2","5001 - 6000",2,41,3
"202410","2","4001 - 5000",7,76,20
"202403","7","9001 - 10000",8,176,53
General,"2",   0 - 1000,5,187,41
"202401","2","3001 - 4000",1,105,11
"202412","5","3001 - 4000",3,2,0
"202503","5","1001 - 2000",1,1,0
"202410","3","3001 - 4000",1,990,111
"202406","6","5001 - 6000",7,618,195
"202411","4","1001 - 2000",4,184,73
"202401","1","7001 - 8000",6,452,40
"202411","5","7001 - 8000",3,11,3
"202405","7","10000 +",4,140,43
"202409","6","5001 - 6000",6,479,200
"202407","3","4001 - 5000",2,823,218
"202409","6","6001 - 7000",2,329,77
"202409","4","4001 - 5000",7,1206,480
"202412","3","6001 - 7000",5,414,165
General,"5","1001 - 2000",7,16,4
"202402","6","2001 - 3000",7,128,40
"202506","1","6001 - 7000",1,194,36
"202410","8","10000 +",4,1684,482
"202411","5","5001 - 6000",1,4,0
"202504","5","5001 - 6000",2,2,1
"202404","1","7001 - 8000",6,570,53
"202409","8","8001 - 9000",8,18,6
"202412","5","4001 - 5000",6,7,4
"202407","8","8001 - 9000",3,23,8
"202401","6","2001 - 3000",7,120,28
"202402","3","7001 - 8000",7,639,164
"202408","5","4001 - 5000",8,6,2
"202503","2",   0 - 1000,3,6,2
"202404","2","1001 - 2000",6,239,28
"202505","6","5001 - 6000",3,521,141
"202411","3","1001 - 2000",8,432,126
"202405","3","6001 - 7000",4,255,87
General,"3","3001 - 4000",4,13852,4019
"202405","4",   0 - 1000,1,7,0
"202411","5","3001 - 4000",4,1,1
"202407","4","6001 - 7000",5,853,392
"202503","3","6001 - 7000",5,338,114
"202502","3",   0 - 1000,2,8,2
"202401","2","7001 - 8000",7,79,11
"202410","6","1001 - 2000",2,31,4
"202410","6","2001 - 3000",5,88,31
"202407","5","4001 - 5000",3,11,1
"202412","8","9001 - 10000",8,491,201
General,"4","5001 - 6000",7,14727,5835
"202403","6","2001 - 3000",4,147,31
General,"1","5001 - 6000",7,6790,804
"202501","4","4001 - 5000",5,827,284
General,"1","7001 - 8000",6,9520,972
"202407","4","6001 - 7000",6,853,392
"202407","3","2001 - 3000",7,1016,285
"202412","5","5001 - 6000",6,1,1
"202501","8","7001 - 8000",5,1,0
"202405","6","3001 - 4000",7,271,72
"202407","3","4001 - 5000",7,823,246
"202407","5","3001 - 4000",2,7,2
"202404","3","2001 - 3000",2,1039,183
"202412","8","10000 +",8,2645,966
"202411","3",   0 - 1000,4,7,3
"202406","8","9001 - 10000",3,465,75
"202404","4",   0 - 1000,1,6,0
"202406","3","3001 - 4000",5,793,213
General,"4","2001 - 3000",7,10207,3162
"202412","6","10000 +",5,2,0
"202407","1","2001 - 3000",8,5477,704
General,"8","9001 - 10000",3,6579,1428
General,"3","6001 - 7000",1,5416,957
"202403","2","6001 - 7000",1,13,2
"202406","3","3001 - 4000",1,793,93
"202404","5","7001 - 8000",7,13,5
"202408","7","10000 +",6,216,66
"202408","3","5001 - 6000",2,565,193
"202407","5","2001 - 3000",1,3,1
"202403","8","9001 - 10000",4,517,138
"202402","6","7001 - 8000",4,2924,978
"202409","1","4001 - 5000",1,1066,105
"202411","7","8001 - 9000",1,3,1
General,"3","7001 - 8000",7,10731,3352
"202406","1","7001 - 8000",1,653,53
"202405","1","4001 - 5000",7,1109,120
"202503","1","5001 - 6000",2,546,59
"202505","4","1001 - 2000",3,213,47
"202411","1","7001 - 8000",2,823,100
"202405","7","9001 - 10000",3,183,35
"202405","2",   0 - 1000,7,24,7
"202404","4","2001 - 3000",8,971,288
"202410","4","5001 - 6000",6,1142,521
"202411","3","6001 - 7000",6,362,156
"202501","5","6001 - 7000",6,2,0
"202412","1","4001 - 5000",2,1493,230
"202405","6","5001 - 6000",8,589,208
"202412","4","6001 - 7000",3,715,305
"202401","4","6001 - 7000",8,633,265
"202503","4","4001 - 5000",5,965,331
"202406","1",   0 - 1000,8,2928,283
"202404","2","6001 - 7000",2,20,1
"202503","5","7001 - 8000",1,11,2
"202408","7","10000 +",1,216,13
"202409","1","3001 - 4000",3,2394,265
"202506","1","7001 - 8000",2,687,112
"202501","4","4001 - 5000",2,827,210
"202401","4","5001 - 6000",6,1010,368
"202501","2","4001 - 5000",6,40,8
"202410","4","6001 - 7000",7,723,345
"202409","5","6001 - 7000",2,3,0
"202504","4","1001 - 2000",3,224,36
"202412","2",   0 - 1000,8,5,3
"202403","8","8001 - 9000",1,16,4
"202406","4","4001 - 5000",3,1368,444
"202403","3","5001 - 6000",4,527,154
General,"2","3001 - 4000",8,1190,227
"202405","6","7001 - 8000",2,2655,509
"202405","4","5001 - 6000",2,1159,287
"202406","6","5001 - 6000",5,618,187
"202412","6","6001 - 7000",5,411,159
"202402","2","5001 - 6000",3,45,9
"202411","6","3001 - 4000",7,199,71
"202501","1","1001 - 2000",5,6989,756
"202412","2","5001 - 6000",5,35,15
"202406","6","2001 - 3000",3,124,21
"202410","4","4001 - 5000",3,1168,446
"202403","5","1001 - 2000",6,1,0
"202406","8","8001 - 9000",7,14,4
"202411","3","3001 - 4000",5,1004,338
"202406","1",   0 - 1000,6,2928,283
"202407","7","9001 - 10000",7,183,71
"202404","2","6001 - 7000",3,20,1
"202408","4",   0 - 1000,2,12,3
"202403","6","5001 - 6000",7,629,223
"202503","6","5001 - 6000",2,487,114
"202407","3","6001 - 7000",3,298,118
"202410","5","5001 - 6000",7,1,0
"202405","4",   0 - 1000,3,7,0
"202505","5","6001 - 7000",1,4,2
"202401","6","3001 - 4000",1,282,21
"202401","4","2001 - 3000",4,810,233
General,"2","4001 - 5000",2,999,189
"202409","1","7001 - 8000",1,636,63
"202407","1","4001 - 5000",4,1199,138
"202405","2",   0 - 1000,4,24,7
"202408","5","2001 - 3000",7,3,2
"202410","2","7001 - 8000",7,96,23
General,"2","2001 - 3000",2,2259,443
General,"2","7001 - 8000",4,1617,296
"202405","3","3001 - 4000",4,766,190
"202404","3","4001 - 5000",2,738,173
General,"1","4001 - 5000",8,13662,1567
"202402","4","5001 - 6000",8,1097,438
"202403","1","3001 - 4000",4,2121,212
"202402","5","1001 - 2000",6,1,1
"202411","4","2001 - 3000",1,554,72
"202404","1",   0 - 1000,5,3031,278
General,"1","6001 - 7000",6,2934,374
"202501","5","4001 - 5000",3,6,2
"202501","1","6001 - 7000",1,262,33
"202501","3","2001 - 3000",2,1026,186
"202411","1","1001 - 2000",7,7684,1069
"202407","5","5001 - 6000",6,4,2
"202503","6","1001 - 2000",4,37,9
"202408","7","10000 +",2,216,29
"202403","6","2001 - 3000",8,147,44
"202401","3","3001 - 4000",1,691,95
"202504","5","5001 - 6000",3,2,1
"202409","6","7001 - 8000",6,2463,1000
General,"3",   0 - 1000,4,200,49
"202501","1","4001 - 5000",7,1338,151
"202502","1","5001 - 6000",5,668,63
"202404","3","5001 - 6000",2,503,140
"202404","3","1001 - 2000",4,499,92
"202402","8","10000 +",1,803,44
"202406","2","1001 - 2000",1,203,17
"202412","2","2001 - 3000",5,99,26
"202412","1","5001 - 6000",4,709,117
"202409","5","3001 - 4000",1,2,0
"202403","2","5001 - 6000",3,50,12
"202406","3","6001 - 7000",1,225,40
"202401","3","5001 - 6000",7,458,150
"202407","1",   0 - 1000,1,3073,325
"202501","4","5001 - 6000",1,772,91
"202501","4","7001 - 8000",6,2437,832
"202404","4","3001 - 4000",3,1293,348
"202409","3","2001 - 3000",4,896,217
"202502","2","7001 - 8000",2,69,12
"202403","2","3001 - 4000",4,121,25
"202404","2","3001 - 4000",1,106,10
"202403","6","7001 - 8000",4,3201,1084
"202412","4","4001 - 5000",1,1322,231
"202407","5","1001 - 2000",4,1,0
"202404","4","4001 - 5000",4,1308,450
"202412","2",   0 - 1000,1,5,2
"202406","4","1001 - 2000",8,288,89
"202405","1","1001 - 2000",3,8046,982
"202405","1","7001 - 8000",5,599,65
"202410","7","9001 - 10000",2,141,18
"202404","4","1001 - 2000",1,366,21
"202402","5","6001 - 7000",1,3,0
"202402","5","1001 - 2000",2,1,0
"202402","2","2001 - 3000",4,166,32
"202403","4","7001 - 8000",1,4264,564
"202411","7","8001 - 9000",8,3,2
"202504","8","10000 +",3,2215,432
"202409","5","7001 - 8000",5,21,4
"202503","5","7001 - 8000",5,11,3
"202404","4","2001 - 3000",3,971,242
"202407","6","2001 - 3000",4,136,25
"202410","4","2001 - 3000",8,585,242
"202405","8","8001 - 9000",4,14,4
"202404","4","6001 - 7000",2,689,201
"202403","3","1001 - 2000",2,514,88
"202408","6","4001 - 5000",2,526,86
"202404","2","2001 - 3000",5,175,32
"202408","1","7001 - 8000",7,670,54
"202410","1","5001 - 6000",2,726,73
"202403","1",   0 - 1000,5,3088,310
"202401","7","9001 - 10000",7,160,47
"202411","2","4001 - 5000",5,41,11
"202409","2","3001 - 4000",6,95,13
"202506","8","8001 - 9000",1,45,2
"202411","5","5001 - 6000",4,4,1
"202409","2","3001 - 4000",2,95,12
"202405","2","2001 - 3000",6,176,28
"202503","1","1001 - 2000",1,7764,754
"202409","5","5001 - 6000",5,3,1
"202410","5","3001 - 4000",2,3,0
"202408","3","5001 - 6000",7,565,215
"202503","3","6001 - 7000",1,338,61
General,"8","8001 - 9000",7,267,116
"202412","5","3001 - 4000",5,2,0
"202410","2",   0 - 1000,3,6,0
"202411","8","9001 - 10000",7,396,152
"202403","8","9001 - 10000",3,517,107
"202501","2","7001 - 8000",1,59,3
"202403","1","2001 - 3000",7,4709,559
"202401","6","3001 - 4000",3,282,59
"202410","8","10000 +",1,1684,95
"202401","1","2001 - 3000",4,4136,550
"202402","3","5001 - 6000",2,436,139
"202411","2","7001 - 8000",4,81,21
"202404","4","2001 - 3000",6,971,288
General,"2","5001 - 6000",4,538,111
"202402","6","5001 - 6000",3,512,134
"202412","5","1001 - 2000",7,1,0
"202409","2","7001 - 8000",1,83,11
"202403","6","2001 - 3000",6,147,44
"202403","1","1001 - 2000",1,7542,850
"202407","1","2001 - 3000",3,5477,704
"202407","6","5001 - 6000",2,590,127
"202501","6","6001 - 7000",6,225,79
General,"5","2001 - 3000",2,48,12
"202503","6","7001 - 8000",2,2180,474
"202403","1","3001 - 4000",3,2121,212
General,"7","8001 - 9000",4,21,6
"202411","7","7001 - 8000",3,1,1
"202401","5","1001 - 2000",4,2,0
"202401","1",   0 - 1000,1,2807,339
General,"8","5001 - 6000",1,1,0
"202502","4","4001 - 5000",2,716,154
"202402","8","8001 - 9000",1,14,1
"202406","4","4001 - 5000",4,1368,498
"202404","6","3001 - 4000",7,285,80
General,"6","1001 - 2000",6,589,149
"202504","1","2001 - 3000",2,4499,463
"202505","2","4001 - 5000",2,33,6
"202411","1",   0 - 1000,7,2870,284
"202406","8","9001 - 10000",1,465,22
"202403","4","7001 - 8000",5,4264,1521
"202401","1","1001 - 2000",8,6589,866
General,"3","5001 - 6000",6,7834,2694
"202506","8","10000 +",1,2429,111
"202412","6","7001 - 8000",6,2964,1227
"202408","5","6001 - 7000",3,4,1
"202505","1","2001 - 3000",1,5214,502
"202408","7","8001 - 9000",5,2,2
"202411","4","1001 - 2000",7,184,74
"202412","3","4001 - 5000",1,1263,239
"202406","1","4001 - 5000",6,1091,105
"202405","6","6001 - 7000",2,347,66
General,"4",   0 - 1000,4,94,24
"202401","1","2001 - 3000",3,4136,550
"202402","3","1001 - 2000",8,432,82
"202404","8","8001 - 9000",7,15,6
"202409","1","4001 - 5000",7,1066,107
"202408","6","1001 - 2000",5,38,9
"202506","3","4001 - 5000",1,923,116
"202504","3","6001 - 7000",4,276,101
"202409","4",   0 - 1000,5,2,1
"202404","3","6001 - 7000",4,237,89
"202407","2","2001 - 3000",8,135,24
"202407","6","3001 - 4000",6,298,99
"202402","1","6001 - 7000",2,147,11
General,"7","8001 - 9000",2,26,5
"202405","2","3001 - 4000",6,90,16
"202503","2","6001 - 7000",5,7,1
"202406","1","5001 - 6000",1,430,47
"202405","8","8001 - 9000",5,14,4
"202408","2","5001 - 6000",6,31,6
"202403","3","7001 - 8000",7,798,218
"202503","6","1001 - 2000",1,37,2
"202401","4","3001 - 4000",8,1076,331
"202501","3","5001 - 6000",1,514,86
"202412","6","6001 - 7000",1,411,58
"202410","3","1001 - 2000",5,384,99
"202407","2",   0 - 1000,7,14,3
"202501","7","10000 +",2,325,45
"202403","6","5001 - 6000",3,629,161
"202411","2","2001 - 3000",7,118,27
"202408","1",   0 - 1000,1,3303,280
"202409","3","7001 - 8000",5,774,231
"202502","4","3001 - 4000",6,739,216
"202405","8","8001 - 9000",7,14,5
"202412","1","1001 - 2000",7,7782,1237
"202503","2","6001 - 7000",1,7,1
"202411","8","5001 - 6000",4,1,0
"202407","3","5001 - 6000",8,518,200
"202502","2","3001 - 4000",1,59,5
"202402","2",   0 - 1000,6,11,2
"202406","3",   0 - 1000,4,11,5
"202405","2","7001 - 8000",8,126,19
"202504","5","3001 - 4000",1,2,0
"202410","7","9001 - 10000",4,141,40
"202502","4","1001 - 2000",1,162,4
"202401","5","1001 - 2000",6,2,1
"202411","5","6001 - 7000",4,3,2
General,"3","6001 - 7000",6,3965,1447
"202409","4",   0 - 1000,1,2,0
"202406","1","4001 - 5000",3,1091,105
"202404","4",   0 - 1000,3,6,0
"202406","5","6001 - 7000",2,3,0
"202408","2","3001 - 4000",6,99,22
"202403","4","6001 - 7000",8,774,309
"202406","6","6001 - 7000",2,363,75
"202501","8","7001 - 8000",4,1,0
"202409","5","4001 - 5000",8,5,2
"202402","2","1001 - 2000",8,191,32
"202501","3","7001 - 8000",7,906,263
"202408","3","3001 - 4000",3,877,235
"202501","5","4001 - 5000",7,6,2
"202503","3","5001 - 6000",1,752,126
"202405","4","3001 - 4000",5,1271,464
"202405","5","4001 - 5000",5,5,3
"202504","7","10000 +",4,450,83
"202410","4","7001 - 8000",4,3497,1461
"202404","6","2001 - 3000",8,144,44
"202409","6","6001 - 7000",7,329,129
"202404","7","9001 - 10000",7,167,47
"202504","5","1001 - 2000",2,2,0
"202402","5","4001 - 5000",4,5,2
"202401","8","9001 - 10000",2,497,70
"202405","4","1001 - 2000",5,344,104
"202407","5","1001 - 2000",5,1,0
"202409","6","6001 - 7000",4,329,116
"202501","4","5001 - 6000",4,772,262
"202401","7","10000 +",1,42,3
"202401","8","10000 +",1,525,38
"202406","6","5001 - 6000",6,618,195
"202410","6","4001 - 5000",2,398,65
"202502","4","5001 - 6000",6,681,241
"202401","6","7001 - 8000",3,2786,796
"202502","5","4001 - 5000",5,6,2
"202411","1","1001 - 2000",1,7684,1009
"202411","2","2001 - 3000",5,118,27
"202507","7","10000 +",1,452,3
"202411","8","5001 - 6000",7,1,0
"202405","7","10000 +",1,140,10
"202410","2","5001 - 6000",4,37,4
"202404","2","4001 - 5000",8,67,14
"202408","1","7001 - 8000",6,670,54
"202407","3","2001 - 3000",2,1016,233
"202405","1","2001 - 3000",4,5205,636
"202404","6",   0 - 1000,3,1,1
"202501","1","3001 - 4000",6,2448,299
"202401","2","4001 - 5000",5,75,13
"202405","7","10000 +",2,140,21
"202501","1","5001 - 6000",7,668,93
"202407","7","8001 - 9000",3,2,0
"202404","5","5001 - 6000",5,1,1
"202405","1","2001 - 3000",6,5205,636
"202411","6","6001 - 7000",2,412,106
"202502","6","3001 - 4000",5,137,39
"202503","2","7001 - 8000",5,74,11
"202412","7","10000 +",3,455,84
"202411","2","1001 - 2000",7,184,46
"202409","2","7001 - 8000",4,83,20
"202408","8","8001 - 9000",4,20,5
"202501","2","7001 - 8000",3,59,9
"202401","2","5001 - 6000",2,22,1
"202502","4",   0 - 1000,2,3,1
General,"6","3001 - 4000",6,3549,1102
"202404","3","7001 - 8000",1,715,80
"202406","6","3001 - 4000",5,298,80
"202409","1","3001 - 4000",7,2394,265
"202406","2",   0 - 1000,3,18,3
"202503","1","3001 - 4000",5,2601,297
"202407","3","1001 - 2000",2,468,88
"202412","5","7001 - 8000",6,11,3
General,"4","4001 - 5000",5,17860,6684
"202411","5","7001 - 8000",4,11,3
"202408","8","8001 - 9000",1,20,2
"202411","4","5001 - 6000",8,1047,508
"202407","1","5001 - 6000",6,532,64
"202405","4","6001 - 7000",4,651,247
"202401","8","10000 +",4,525,156
"202410","4","7001 - 8000",7,3497,1467
"202406","4","5001 - 6000",1,1194,145
"202504","5","6001 - 7000",3,1,0
"202412","2","1001 - 2000",6,183,40
"202408","6","7001 - 8000",5,2725,1005
"202406","3",   0 - 1000,3,11,5
"202402","3","1001 - 2000",1,432,33
"202405","5","4001 - 5000",1,5,0
"202401","5","6001 - 7000",2,1,1
"202407","4","5001 - 6000",4,1261,524
"202407","1","1001 - 2000",5,8255,1070
"202411","1","2001 - 3000",4,6000,858
General,"7","7001 - 8000",7,2,2
General,"4","1001 - 2000",1,4912,394
"202409","5","2001 - 3000",6,1,0
"202403","3","1001 - 2000",4,514,118
"202403","2","2001 - 3000",3,174,32
"202402","5","5001 - 6000",5,1,0
"202404","5","6001 - 7000",2,1,0
General,"2","7001 - 8000",2,1747,320
"202409","7","10000 +",6,231,55
"202406","6","5001 - 6000",2,618,101
"202411","2","4001 - 5000",6,41,11
"202406","8","9001 - 10000",6,465,120
"202409","6","4001 - 5000",6,443,164
"202406","3","3001 - 4000",3,793,210
"202502","1","7001 - 8000",1,868,75
"202502","6","1001 - 2000",2,26,4
"202410","1","6001 - 7000",3,286,36
"202406","1","5001 - 6000",3,430,48
"202410","2","5001 - 6000",5,37,4
"202504","6","7001 - 8000",4,2104,605
"202410","6","5001 - 6000",1,570,47
"202407","3","5001 - 6000",6,518,200
"202407","1","4001 - 5000",2,1199,138
"202401","1","4001 - 5000",6,753,85
General,"8","7001 - 8000",4,3,0
"202407","4","6001 - 7000",7,853,392
"202411","5","6001 - 7000",1,3,1
"202406","6","3001 - 4000",6,298,87
"202405","6","3001 - 4000",4,271,60
"202412","1","4001 - 5000",8,1493,230
"202411","8","8001 - 9000",1,45,6
"202402","6","2001 - 3000",6,128,40
"202502","5","7001 - 8000",1,6,0
"202412","6","10000 +",2,2,0
"202408","2","5001 - 6000",3,31,6
"202406","1","3001 - 4000",7,2309,247
"202403","5","1001 - 2000",2,1,0
"202501","5","3001 - 4000",4,4,1
"202407","4","1001 - 2000",7,332,93
"202404","4","7001 - 8000",5,3681,1319
"202407","4","6001 - 7000",3,853,362
"202409","8","10000 +",8,1343,452
"202401","3","2001 - 3000",5,904,205
"202505","3",   0 - 1000,2,17,2
"202406","6","1001 - 2000",4,50,13
"202402","1","4001 - 5000",4,935,105
"202403","1","6001 - 7000",7,182,18
"202405","2","4001 - 5000",8,68,9
"202403","4","4001 - 5000",6,1375,460
"202503","3","3001 - 4000",3,1170,341
"202503","5","6001 - 7000",4,1,1
"202501","2","2001 - 3000",4,86,16
"202501","1","5001 - 6000",5,668,93
"202501","8","7001 - 8000",1,1,0
"202505","1",   0 - 1000,3,3336,302
"202401","3","6001 - 7000",2,225,69
"202405","6",   0 - 1000,4,1,1
"202404","2","7001 - 8000",2,151,20
"202409","1","6001 - 7000",8,191,23
"202402","4","4001 - 5000",8,1152,400
"202401","6","6001 - 7000",4,308,101
"202408","3","2001 - 3000",7,1021,246
"202410","6","3001 - 4000",1,206,18
"202507","3","4001 - 5000",1,932,54
"202412","4","2001 - 3000",6,710,252
"202404","5","5001 - 6000",8,1,1
"202402","5","2001 - 3000",2,2,0
"202506","5","5001 - 6000",1,3,0
"202408","6","2001 - 3000",7,129,41
"202404","1","6001 - 7000",8,174,14
General,"6",   0 - 1000,1,3,0
General,"2","3001 - 4000",6,1320,242
"202408","2",   0 - 1000,5,12,1
"202406","6","2001 - 3000",2,124,11
"202411","3","7001 - 8000",3,1064,387
"202401","5","1001 - 2000",1,2,0
"202409","5","3001 - 4000",7,2,0
"202401","2","3001 - 4000",4,105,19
"202409","5","6001 - 7000",3,3,0
"202408","4","6001 - 7000",3,856,321
"202403","7","8001 - 9000",8,2,0
"202406","4","2001 - 3000",1,889,69
"202501","2","7001 - 8000",2,59,9
"202404","4","4001 - 5000",5,1308,453
General,"3","2001 - 3000",5,15493,3951
"202402","2","4001 - 5000",1,58,7
"202402","1","2001 - 3000",4,4309,524
"202409","2","4001 - 5000",3,56,6
"202401","6","6001 - 7000",5,308,107
"202412","8","10000 +",2,2645,455
"202401","6","6001 - 7000",2,308,60
"202403","3","7001 - 8000",8,798,218
"202411","8","7001 - 8000",3,1,0
"202410","7","9001 - 10000",6,141,67
"202501","4","5001 - 6000",7,772,267
"202407","7","7001 - 8000",2,1,1
"202409","4","7001 - 8000",5,3425,1360
"202408","2","7001 - 8000",8,130,14
"202411","2","5001 - 6000",1,25,2
"202410","2","3001 - 4000",6,95,18
General,"3","6001 - 7000",2,5166,1653
"202505","8","4001 - 5000",1,1,0
"202501","7","9001 - 10000",3,124,17
"202502","3","5001 - 6000",1,565,90
"202405","1","4001 - 5000",1,1109,120
"202405","4","7001 - 8000",8,3356,1289
General,"6","2001 - 3000",8,1455,435
"202403","5","7001 - 8000",8,15,7
"202405","4","3001 - 4000",7,1271,464
"202501","1","1001 - 2000",2,6989,756
"202401","3","5001 - 6000",1,458,74
"202404","6","3001 - 4000",5,285,71
"202402","8","9001 - 10000",1,438,23
"202503","4","4001 - 5000",3,965,273
"202501","3","5001 - 6000",3,514,150
"202407","3","6001 - 7000",1,298,59
"202408","5","5001 - 6000",5,5,1
"202502","4","2001 - 3000",2,434,89
General,"1","4001 - 5000",4,18740,2087
"202502","1","1001 - 2000",2,7128,748
"202408","8","10000 +",8,1525,543
"202406","2","6001 - 7000",6,19,4
"202404","5","6001 - 7000",4,1,0
"202407","3",   0 - 1000,6,14,4
"202403","4","2001 - 3000",5,939,252
"202412","5","4001 - 5000",3,7,3
"202409","2","2001 - 3000",8,126,27
"202406","1","4001 - 5000",5,1091,105
"202401","8","9001 - 10000",8,497,172
"202409","3","4001 - 5000",8,768,232
"202401","2","4001 - 5000",4,75,13
General,"6","9001 - 10000",6,2,1
"202411","1","7001 - 8000",8,823,100
"202411","3","2001 - 3000",8,1122,376
"202502","1","6001 - 7000",6,267,27
"202405","5","7001 - 8000",1,9,0
"202410","3","4001 - 5000",1,842,123
"202404","8","10000 +",3,1124,212
"202403","4","4001 - 5000",3,1375,428
"202406","3","4001 - 5000",3,817,242
"202412","7","8001 - 9000",5,1,0
"202502","3",   0 - 1000,6,8,2
"202503","4","5001 - 6000",2,932,249
"202402","3",   0 - 1000,6,19,3
"202412","6","2001 - 3000",3,123,31
"202505","3","6001 - 7000",3,322,114
"202505","6","6001 - 7000",1,296,32
General,"6","3001 - 4000",7,3412,1055
"202410","5","6001 - 7000",6,2,1
"202409","2","3001 - 4000",4,95,13
"202402","8","9001 - 10000",4,438,114
"202411","3","6001 - 7000",8,362,156
General,"6","5001 - 6000",2,9722,1915
"202411","1","3001 - 4000",2,2875,380
"202401","6","7001 - 8000",1,2786,280
"202408","2","5001 - 6000",7,31,6
"202408","1","3001 - 4000",3,2538,302
"202405","4",   0 - 1000,8,7,0
"202501","2","4001 - 5000",1,40,6
"202502","2",   0 - 1000,6,9,1
"202502","8","8001 - 9000",6,23,9
"202409","2","1001 - 2000",6,167,25
"202407","2","7001 - 8000",7,93,21
"202401","4",   0 - 1000,8,10,3
"202408","2",   0 - 1000,4,12,1
"202408","3","2001 - 3000",8,1021,246
"202408","1","4001 - 5000",4,1216,130
"202503","2","3001 - 4000",5,66,17
"202405","1","5001 - 6000",5,433,44
"202404","3","7001 - 8000",6,715,178
"202412","3","2001 - 3000",7,1291,373
"202506","8","7001 - 8000",1,3,1
"202403","6","7001 - 8000",8,3201,1197
"202503","2","2001 - 3000",4,88,16
"202403","2","3001 - 4000",7,121,25
"202502","1","4001 - 5000",3,1304,136
"202405","5","6001 - 7000",6,1,0
"202501","5","7001 - 8000",5,10,1
"202401","2","7001 - 8000",5,79,11
"202411","4","2001 - 3000",7,554,222
"202402","3","7001 - 8000",3,639,164
"202409","3","6001 - 7000",1,260,34
"202412","6","5001 - 6000",5,615,226
"202402","8","9001 - 10000",7,438,151
"202501","6","3001 - 4000",5,203,55
"202403","4","5001 - 6000",3,1300,446
"202409","5","2001 - 3000",5,1,0
"202409","7","10000 +",3,231,27
"202401","5","7001 - 8000",1,10,1
"202403","5","7001 - 8000",6,15,7
"202405","1","5001 - 6000",2,433,44
"202412","6","6001 - 7000",4,411,150
"202504","7","9001 - 10000",1,114,4
"202405","6","3001 - 4000",3,271,51
"202401","6","5001 - 6000",4,535,173
"202410","6","2001 - 3000",6,88,34
"202406","2","7001 - 8000",5,146,23
"202412","1","4001 - 5000",1,1493,227
"202401","2","1001 - 2000",6,212,45
"202501","8","9001 - 10000",2,280,35
"202405","6","2001 - 3000",2,127,18
"202406","1","1001 - 2000",3,7515,780
"202408","6","4001 - 5000",5,526,188
"202401","5","6001 - 7000",1,1,1
"202407","7","9001 - 10000",8,183,71
"202411","2","2001 - 3000",3,118,27
"202409","3","4001 - 5000",6,768,232
"202411","3","7001 - 8000",2,1064,349
"202407","3","3001 - 4000",5,835,255
"202405","6","5001 - 6000",2,589,97
General,"4","1001 - 2000",7,3733,1083
"202408","5","4001 - 5000",6,6,2
"202404","6","1001 - 2000",4,52,6
"202405","8","9001 - 10000",3,391,90
"202402","5","7001 - 8000",5,11,3
"202410","7","10000 +",7,308,142
"202402","5","7001 - 8000",4,11,3
"202408","1","7001 - 8000",1,670,54
"202401","1","5001 - 6000",4,333,40
"202408","6","6001 - 7000",7,383,165
"202407","7","10000 +",6,210,95
"202407","4","4001 - 5000",5,1440,572
"202502","6","3001 - 4000",4,137,32
"202412","4","5001 - 6000",8,1234,545
"202410","2","7001 - 8000",2,96,23
"202504","6","2001 - 3000",1,95,3
"202501","2","4001 - 5000",2,40,8
"202403","4","6001 - 7000",2,774,237
"202404","6","7001 - 8000",2,2909,542
"202408","3",   0 - 1000,1,10,0
"202401","4","4001 - 5000",3,1192,390
"202404","2","5001 - 6000",8,48,13
"202410","8","8001 - 9000",1,12,0
"202505","6","2001 - 3000",2,98,11
"202502","5","5001 - 6000",5,4,0
"202404","4","7001 - 8000",4,3681,1318
"202401","4","7001 - 8000",1,3269,463
"202502","6","1001 - 2000",3,26,4
"202403","3","2001 - 3000",3,1120,256
"202410","6","6001 - 7000",3,388,138
"202412","5","3001 - 4000",1,2,0
"202401","5","5001 - 6000",3,1,0
"202408","1","7001 - 8000",3,670,54
"202411","4","4001 - 5000",3,1049,489
"202410","1","4001 - 5000",7,1367,150
"202403","3","6001 - 7000",8,278,102
"202411","6","6001 - 7000",4,412,161
General,"3","4001 - 5000",1,16945,2305
"202407","2",   0 - 1000,2,14,3
"202405","5","7001 - 8000",6,9,3
"202501","2","1001 - 2000",3,128,16
"202408","3","2001 - 3000",1,1021,112
"202409","8","10000 +",4,1343,327
"202503","3","1001 - 2000",3,486,104
"202408","3","5001 - 6000",4,565,215
"202412","5","1001 - 2000",5,1,0
"202401","2","1001 - 2000",5,212,45
"202411","6","1001 - 2000",4,18,2
"202406","3","7001 - 8000",6,746,221
"202404","1","3001 - 4000",2,1986,203
"202401","5","4001 - 5000",2,4,1
"202411","3","6001 - 7000",5,362,156
"202502","2","4001 - 5000",6,36,3
"202407","3","7001 - 8000",8,680,247
"202412","1","7001 - 8000",4,909,138
"202407","5","5001 - 6000",3,4,2
"202409","3",   0 - 1000,4,10,4
General,"2","7001 - 8000",3,1674,310
"202411","6","1001 - 2000",1,18,0
"202402","6","4001 - 5000",8,520,150
General,"6","2001 - 3000",1,2095,121
"202501","4","6001 - 7000",7,397,136
"202401","4","5001 - 6000",1,1010,130
"202501","3",   0 - 1000,5,14,3
"202406","7","9001 - 10000",7,215,64
"202501","5","4001 - 5000",1,6,0
General,"5","7001 - 8000",4,180,61
"202401","2","5001 - 6000",4,22,1
"202501","5","3001 - 4000",2,4,1
"202411","4","1001 - 2000",6,184,74
"202501","2",   0 - 1000,3,12,1
"202404","1","1001 - 2000",2,7380,797
"202402","3","5001 - 6000",1,436,81
"202401","5","5001 - 6000",4,1,0
"202408","6","7001 - 8000",2,2725,551
"202410","2",   0 - 1000,8,6,0
"202401","5","3001 - 4000",2,6,1
"202503","6","4001 - 5000",3,443,99
"202409","1","6001 - 7000",2,191,23
"202408","2","3001 - 4000",4,99,22
"202504","5","7001 - 8000",4,6,5
"202409","3","7001 - 8000",8,774,231
"202411","5","1001 - 2000",1,1,0
"202402","5","1001 - 2000",1,1,0
"202410","1","5001 - 6000",7,726,73
"202410","6","7001 - 8000",5,2749,1142
General,"6",   0 - 1000,5,3,2
"202502","4","6001 - 7000",2,389,106
"202404","4","7001 - 8000",8,3681,1319
"202407","5","7001 - 8000",1,10,4
"202410","1","3001 - 4000",8,2931,318
"202404","3","2001 - 3000",5,1039,225
"202405","6","6001 - 7000",4,347,113
"202504","2",   0 - 1000,3,9,0
"202412","6","4001 - 5000",4,566,187
General,"8","8001 - 9000",6,290,120
"202411","8","7001 - 8000",7,1,1
"202408","3","7001 - 8000",4,786,240
"202502","1",   0 - 1000,2,2992,255
"202407","8","8001 - 9000",1,23,3
"202411","1","1001 - 2000",8,7684,1069
"202409","7","9001 - 10000",4,127,34
"202404","7","10000 +",5,145,38
"202503","8","8001 - 9000",5,47,10
"202412","4","6001 - 7000",7,715,332
"202401","3","2001 - 3000",8,904,205
"202503","2","6001 - 7000",2,7,1
"202402","5","1001 - 2000",7,1,1
"202407","8","9001 - 10000",5,446,201
"202402","1","2001 - 3000",6,4309,524
"202410","4","2001 - 3000",5,585,242
"202501","1","1001 - 2000",7,6989,756
"202502","3","4001 - 5000",6,860,229
General,"2","1001 - 2000",6,2696,477
"202411","2","5001 - 6000",8,25,6
"202410","5","1001 - 2000",4,2,1
"202501","3","2001 - 3000",6,1026,241
"202403","2","4001 - 5000",4,70,9
"202401","1","3001 - 4000",8,1952,249
"202501","5","7001 - 8000",4,10,1
"202405","3","1001 - 2000",3,453,91
"202501","4","5001 - 6000",2,772,191
"202502","3","3001 - 4000",3,768,210
"202407","5","1001 - 2000",2,1,0
"202410","2","2001 - 3000",2,143,23
"202412","7","9001 - 10000",2,214,26
"202504","5","5001 - 6000",4,2,1
"202408","1",   0 - 1000,2,3303,300
"202410","1",   0 - 1000,5,2668,247
"202405","6","4001 - 5000",1,554,33
"202408","3","5001 - 6000",3,565,215
"202501","6","1001 - 2000",3,31,4
"202411","1","3001 - 4000",8,2875,380
"202403","3",   0 - 1000,2,6,2
"202503","2",   0 - 1000,2,6,2
"202409","1","5001 - 6000",6,517,50
"202401","6","4001 - 5000",6,529,151
"202406","6","2001 - 3000",6,124,36
"202505","2","1001 - 2000",3,167,29
"202404","3","6001 - 7000",6,237,89
"202404","2","7001 - 8000",4,151,20
"202504","4","7001 - 8000",3,3085,1008
"202409","2",   0 - 1000,7,15,4
"202410","2","1001 - 2000",5,168,28
"202408","1","1001 - 2000",6,8135,886
"202403","1","2001 - 3000",2,4709,559
"202411","4","2001 - 3000",3,554,205
"202408","1","6001 - 7000",6,191,29
"202407","1","7001 - 8000",7,665,86
"202407","3","4001 - 5000",6,823,246
"202406","4","7001 - 8000",8,3838,1434
"202402","3","3001 - 4000",3,672,182
"202408","2","1001 - 2000",4,205,32
"202402","6","1001 - 2000",2,56,3
"202405","2","5001 - 6000",5,41,3
"202504","6","3001 - 4000",2,242,37
"202401","5","7001 - 8000",6,10,3
"202401","1","2001 - 3000",6,4136,550
"202405","4","7001 - 8000",3,3356,1152
"202409","3","2001 - 3000",6,896,217
"202407","6","4001 - 5000",4,573,184
General,"4","6001 - 7000",7,8999,3838
"202503","1","6001 - 7000",4,252,18
"202404","1","3001 - 4000",5,1986,203
"202405","2","2001 - 3000",8,176,28
"202407","2",   0 - 1000,1,14,2
"202402","5","1001 - 2000",8,1,1
"202504","6","6001 - 7000",3,277,89
"202407","4","2001 - 3000",5,916,299
"202405","3","1001 - 2000",5,453,92
"202507","2","3001 - 4000",1,135,3
"202407","4","3001 - 4000",2,1430,357
"202502","4",   0 - 1000,4,3,1
"202506","2","4001 - 5000",1,39,1
"202503","6","2001 - 3000",3,83,16
"202411","4","4001 - 5000",6,1049,520
"202403","6","5001 - 6000",8,629,223
"202412","4",   0 - 1000,8,3,1
"202505","3",   0 - 1000,1,17,2
"202402","7","9001 - 10000",6,175,55
"202411","3","4001 - 5000",6,1060,353
"202409","6","1001 - 2000",3,36,2
"202403","4","2001 - 3000",1,939,70
"202402","5","7001 - 8000",2,11,1
"202408","2","3001 - 4000",2,99,22
"202404","3","4001 - 5000",3,738,194
"202407","4","2001 - 3000",8,916,299
"202402","3","4001 - 5000",1,697,93
"202403","3","4001 - 5000",1,879,132
"202411","7","10000 +",8,386,141
"202405","3","1001 - 2000",1,453,38
"202405","3","2001 - 3000",1,945,91
"202405","6","5001 - 6000",3,589,149
"202409","1","7001 - 8000",8,636,63
"202408","5","3001 - 4000",4,4,0
"202408","5","6001 - 7000",4,4,1
"202409","1","5001 - 6000",8,517,50
"202411","3","4001 - 5000",7,1060,353
"202412","8","7001 - 8000",7,1,0
"202411","4","7001 - 8000",6,3678,1822
"202402","1","2001 - 3000",7,4309,524
"202403","3","7001 - 8000",6,798,218
"202403","4","5001 - 6000",8,1300,480
"202405","1","7001 - 8000",1,599,65
"202402","2","2001 - 3000",3,166,32
"202403","4","1001 - 2000",1,343,34
"202401","2","5001 - 6000",7,22,1
"202504","6","5001 - 6000",2,487,73
"202410","1","6001 - 7000",6,286,36
General,"5","1001 - 2000",1,26,0
"202410","4","3001 - 4000",8,1083,467
"202502","1","6001 - 7000",1,267,27
"202412","1","3001 - 4000",8,2982,490
"202406","4","3001 - 4000",8,1297,433
"202409","7","8001 - 9000",3,1,0
"202507","3","7001 - 8000",1,833,47
"202505","1","2001 - 3000",2,5214,525
"202405","1","3001 - 4000",8,2297,289
"202502","8","9001 - 10000",3,225,47
"202403","1",   0 - 1000,7,3088,310
"202405","5","1001 - 2000",8,3,1
General,"2",   0 - 1000,8,160,37
"202401","1","3001 - 4000",2,1952,249
"202404","7","8001 - 9000",2,2,0
"202404","6","2001 - 3000",2,144,22
"202410","2","7001 - 8000",3,96,23
"202410","7","10000 +",1,308,18
"202405","1","6001 - 7000",7,206,27
"202409","6","10000 +",1,1,0
"202501","3","1001 - 2000",1,418,33
"202405","3","7001 - 8000",3,730,223
"202409","6","3001 - 4000",4,222,63
"202502","2","4001 - 5000",3,36,3
"202401","1",   0 - 1000,8,2807,352
General,"3","7001 - 8000",6,11764,3662
"202411","4","2001 - 3000",2,554,163
"202404","1","7001 - 8000",2,570,53
General,"2","4001 - 5000",6,844,158
"202406","5","4001 - 5000",7,8,3
"202411","4",   0 - 1000,6,6,3
"202404","4","6001 - 7000",4,689,278
"202403","6","1001 - 2000",3,57,8
"202406","1","6001 - 7000",6,181,23
"202402","3","3001 - 4000",4,672,182
"202407","4","4001 - 5000",6,1440,572
"202505","6","4001 - 5000",2,481,91
"202408","2",   0 - 1000,3,12,1
"202503","3","1001 - 2000",5,486,104
"202404","6","4001 - 5000",7,553,154
"202401","7","10000 +",6,42,10
"202401","2","1001 - 2000",8,212,45
"202406","6","5001 - 6000",3,618,146
General,"1","7001 - 8000",1,13315,1354
"202407","4","7001 - 8000",6,3736,1597
"202404","1",   0 - 1000,1,3031,263
"202406","2","6001 - 7000",1,19,4
"202503","8","10000 +",2,2255,276
"202501","3","7001 - 8000",1,906,156
"202501","8","10000 +",7,1774,553
"202402","6","5001 - 6000",6,512,176
"202402","3","7001 - 8000",2,639,158
"202410","5","3001 - 4000",4,3,2
"202405","3","3001 - 4000",2,766,159
"202402","7","9001 - 10000",2,175,25
"202404","8","10000 +",6,1124,364
"202408","4","5001 - 6000",2,1252,337
"202404","1","5001 - 6000",7,364,34
"202501","5","2001 - 3000",1,3,1
"202405","3",   0 - 1000,3,13,2
"202402","2","3001 - 4000",1,110,14
"202507","1","3001 - 4000",1,2095,355
"202502","1","4001 - 5000",2,1304,136
"202407","5","7001 - 8000",2,10,5
"202410","2",   0 - 1000,6,6,0
"202406","5","7001 - 8000",8,12,4
"202405","1",   0 - 1000,8,3195,353
"202411","1","2001 - 3000",7,6000,858
"202405","8","9001 - 10000",4,391,104
"202505","6","2001 - 3000",3,98,12
"202405","2",   0 - 1000,6,24,7
"202403","8","9001 - 10000",5,517,160
"202503","2","7001 - 8000",1,74,6
General,"6","5001 - 6000",1,10174,912
"202401","7","9001 - 10000",4,160,37
"202410","7","10000 +",8,308,142
"202406","1","7001 - 8000",7,653,53
"202501","3","7001 - 8000",5,906,263
"202409","8","9001 - 10000",3,287,56
"202506","6","1001 - 2000",2,37,2
"202401","4","3001 - 4000",3,1076,309
"202410","6","6001 - 7000",6,388,180
"202502","5","3001 - 4000",4,2,1
"202404","2","6001 - 7000",8,20,1
"202412","3","4001 - 5000",6,1263,437
"202502","5","4001 - 5000",3,6,2
"202401","3","3001 - 4000",3,691,204
"202407","4",   0 - 1000,8,12,5
"202411","5","4001 - 5000",7,5,1
"202501","6","2001 - 3000",6,75,23
"202411","7","9001 - 10000",1,167,13
"202501","7","9001 - 10000",5,124,25
"202406","5","5001 - 6000",5,6,2
"202502","2","6001 - 7000",6,7,1
"202409","7","9001 - 10000",3,127,26
"202412","3","3001 - 4000",8,1064,356
"202411","1",   0 - 1000,8,2870,284
"202408","3","4001 - 5000",5,861,258
"202408","3","7001 - 8000",3,786,240
"202405","2","3001 - 4000",2,90,16
"202409","4","1001 - 2000",2,236,44
General,"6","10000 +",5,3,0
"202410","6","5001 - 6000",7,570,242
"202412","5","4001 - 5000",1,7,2
"202402","2","5001 - 6000",4,45,9
"202405","3","4001 - 5000",3,768,229
"202406","7","9001 - 10000",1,215,9
"202501","2","5001 - 6000",3,21,4
"202504","2","3001 - 4000",1,51,4
"202412","4","5001 - 6000",3,1234,503
"202504","4","4001 - 5000",3,1024,297
"202503","4","6001 - 7000",5,493,201
"202404","8","9001 - 10000",6,446,149
"202407","6","1001 - 2000",1,50,7
"202401","4",   0 - 1000,6,10,3
"202503","2","6001 - 7000",3,7,1
"202410","4","1001 - 2000",1,206,14
"202407","3","6001 - 7000",2,298,109
"202412","4","3001 - 4000",5,1213,449
"202412","2",   0 - 1000,4,5,3
"202411","2","6001 - 7000",3,10,3
General,"1","3001 - 4000",1,45169,5512
"202409","5","5001 - 6000",2,3,1
"202503","4","1001 - 2000",3,189,40
"202504","2","6001 - 7000",1,7,1
"202401","7","10000 +",2,42,4
"202409","5","6001 - 7000",1,3,0
"202403","2","5001 - 6000",6,50,12
"202403","6","6001 - 7000",4,456,166
General,"2","5001 - 6000",8,442,90
"202407","4","1001 - 2000",5,332,93
"202410","3","7001 - 8000",3,937,307
"202408","8","9001 - 10000",3,490,111
"202412","1","4001 - 5000",4,1493,230
"202403","1","2001 - 3000",5,4709,559
"202411","5","4001 - 5000",3,5,1
"202406","2","5001 - 6000",8,38,4
"202412","6","10000 +",8,2,0
"202403","4","1001 - 2000",4,343,102
"202404","3","3001 - 4000",6,792,231
"202503","1",   0 - 1000,5,3470,334
"202404","6","1001 - 2000",5,52,8
"202504","1","7001 - 8000",4,730,59
"202502","4","6001 - 7000",1,389,54
"202408","1","7001 - 8000",5,670,54
General,"6","5001 - 6000",3,9290,2571
"202401","7","10000 +",4,42,8
"202504","7","10000 +",1,450,19
"202409","1","2001 - 3000",2,4614,510
"202408","1","6001 - 7000",1,191,29
"202501","2","1001 - 2000",7,128,16
"202405","4","6001 - 7000",6,651,250
"202410","4","5001 - 6000",7,1142,521
"202403","2","1001 - 2000",5,240,39
"202409","5","2001 - 3000",4,1,0
"202411","2",   0 - 1000,8,8,3
"202402","7","10000 +",8,74,24
"202401","8","10000 +",8,525,195
"202403","1","3001 - 4000",2,2121,212
"202501","8","8001 - 9000",6,22,10
"202502","6","3001 - 4000",2,137,16
"202402","5","4001 - 5000",8,5,2
"202502","3","5001 - 6000",5,565,176
"202411","1",   0 - 1000,5,2870,284
"202411","5","1001 - 2000",7,1,0
"202402","5","5001 - 6000",4,1,0
"202503","4","3001 - 4000",1,917,106
"202405","3","6001 - 7000",7,255,87
"202405","6","6001 - 7000",8,347,128
"202410","5","2001 - 3000",1,3,0
"202403","3","2001 - 3000",5,1120,257
"202402","6","4001 - 5000",6,520,150
"202505","8","4001 - 5000",2,1,0
"202408","4",   0 - 1000,3,12,4
"202404","3","3001 - 4000",4,792,231
"202405","4","5001 - 6000",1,1159,133
"202406","1","6001 - 7000",5,181,23
"202501","4","7001 - 8000",2,2437,585
"202408","3","4001 - 5000",1,861,117
"202406","4","3001 - 4000",7,1297,433
"202412","5","2001 - 3000",1,4,0
"202404","5","3001 - 4000",3,7,1
"202501","3","2001 - 3000",1,1026,92
"202409","2","1001 - 2000",1,167,19
"202405","5","1001 - 2000",6,3,1
"202412","7","10000 +",7,455,135
"202402","4","4001 - 5000",5,1152,400
"202408","3","1001 - 2000",3,491,100
"202408","2","2001 - 3000",1,160,19
"202507","4","2001 - 3000",1,673,33
"202401","2","4001 - 5000",2,75,13
"202502","4","6001 - 7000",4,389,150
"202403","6","4001 - 5000",4,537,157
"202411","5","2001 - 3000",4,7,3
"202506","1","3001 - 4000",2,2169,389
General,"5","6001 - 7000",7,29,9
"202403","6","5001 - 6000",6,629,223
"202405","6","3001 - 4000",6,271,72
"202402","5","4001 - 5000",7,5,2
"202503","6","2001 - 3000",5,83,20
"202401","6","2001 - 3000",4,120,19
"202412","6","7001 - 8000",4,2964,1115
"202409","4","5001 - 6000",5,1075,428
"202408","5","4001 - 5000",2,6,0
"202407","4","7001 - 8000",7,3736,1597
"202402","4","4001 - 5000",7,1152,400
"202410","8","10000 +",8,1684,853
"202401","3","2001 - 3000",2,904,170
"202402","4","2001 - 3000",2,775,158
"202407","3","2001 - 3000",1,1016,143
"202412","1",   0 - 1000,1,2910,409
"202407","2","3001 - 4000",4,124,28
"202409","6","2001 - 3000",1,106,5
"202403","8","10000 +",2,1107,125
General,"5","2001 - 3000",3,46,16
"202503","6","6001 - 7000",3,327,104
"202404","2","6001 - 7000",5,20,1
"202403","2","2001 - 3000",7,174,32
"202404","3","1001 - 2000",6,499,92
"202503","2","2001 - 3000",2,88,14
"202410","4","4001 - 5000",1,1168,150
"202408","5","1001 - 2000",4,1,0
"202404","2","3001 - 4000",7,106,14
"202409","3","3001 - 4000",2,827,193
"202411","3",   0 - 1000,3,7,3
"202403","2","3001 - 4000",8,121,25
"202409","2",   0 - 1000,5,15,4
"202403","5","2001 - 3000",6,3,1
"202505","7","5001 - 6000",3,1,0
"202411","5","5001 - 6000",6,4,1
"202504","2","2001 - 3000",2,72,8
"202409","1",   0 - 1000,3,2629,237
General,"1","4001 - 5000",1,22266,2510
"202504","4","6001 - 7000",4,497,208
"202410","8","9001 - 10000",5,320,95
"202409","3","3001 - 4000",6,827,221
"202505","7","5001 - 6000",2,1,0
"202404","3","3001 - 4000",8,792,231
"202408","1","4001 - 5000",3,1216,130
"202504","6","1001 - 2000",2,43,3
"202412","6","5001 - 6000",7,615,232
"202407","2","7001 - 8000",5,93,21
"202506","7","10000 +",2,465,22
General,"8","4001 - 5000",2,1,0
"202406","4","7001 - 8000",3,3838,1316
"202501","4","7001 - 8000",5,2437,832
"202402","4","2001 - 3000",3,775,196
"202405","4","2001 - 3000",5,866,250
"202404","8","8001 - 9000",4,15,4
"202412","8","7001 - 8000",5,1,0
"202504","1","5001 - 6000",2,458,46
General,"2","7001 - 8000",8,1348,253
"202502","5","2001 - 3000",3,1,0
"202506","1","1001 - 2000",1,6867,1035
"202504","2","6001 - 7000",3,7,2
"202403","7","10000 +",1,157,9
"202404","4","6001 - 7000",5,689,279
"202409","3","7001 - 8000",4,774,231
"202409","6","7001 - 8000",4,2463,893
"202506","2","6001 - 7000",2,5,0
"202407","6","1001 - 2000",6,50,17
"202411","1","1001 - 2000",6,7684,1069
"202411","6","2001 - 3000",3,83,21
"202403","2","2001 - 3000",5,174,32
"202502","6","2001 - 3000",6,85,27
"202504","5","3001 - 4000",2,2,0
"202403","4","4001 - 5000",5,1375,460
"202404","5","5001 - 6000",4,1,1
"202504","2","1001 - 2000",4,161,32
"202502","5","6001 - 7000",3,2,0
"202503","1","3001 - 4000",3,2601,297
"202407","2","2001 - 3000",7,135,24
"202411","8","9001 - 10000",5,396,141
"202501","5","5001 - 6000",2,3,1
"202404","1","1001 - 2000",5,7380,797
General,"8","10000 +",8,16372,6125
"202504","1","1001 - 2000",3,6908,688
"202404","5","6001 - 7000",6,1,0
"202402","1","2001 - 3000",3,4309,524
"202407","7","9001 - 10000",6,183,69
General,"7","8001 - 9000",1,26,3
"202406","1","7001 - 8000",6,653,53
"202411","2",   0 - 1000,2,8,3
"202411","4","7001 - 8000",5,3678,1822
"202406","5","4001 - 5000",2,8,1
"202404","2","5001 - 6000",4,48,13
"202503","3","2001 - 3000",2,1283,246
"202408","6","6001 - 7000",2,383,79
"202406","3","4001 - 5000",8,817,243
"202409","8","8001 - 9000",2,18,1
"202401","1","4001 - 5000",5,753,85
"202409","4","6001 - 7000",7,749,334
"202410","3","1001 - 2000",7,384,99
"202404","7","10000 +",8,145,40
"202411","5","7001 - 8000",8,11,3
"202411","3","7001 - 8000",1,1064,182
"202409","3","1001 - 2000",8,372,71
General,"8","5001 - 6000",6,1,0
"202405","8","10000 +",2,947,101
"202502","5","2001 - 3000",6,1,0
"202502","5","2001 - 3000",2,1,0
"202405","4","4001 - 5000",8,1344,449
"202409","4","2001 - 3000",6,742,240
"202406","1",   0 - 1000,5,2928,283
"202409","4","6001 - 7000",1,749,130
"202403","8","8001 - 9000",8,16,10
"202404","3","2001 - 3000",1,1039,96
"202405","4","2001 - 3000",8,866,250
"202412","4","3001 - 4000",4,1213,448
"202503","6","7001 - 8000",3,2180,656
"202501","4","4001 - 5000",7,827,284
"202411","4","6001 - 7000",1,625,133
"202408","2","5001 - 6000",4,31,6
"202409","1","5001 - 6000",7,517,50
"202502","2","5001 - 6000",5,26,5
"202409","1","5001 - 6000",5,517,50
"202404","3","3001 - 4000",3,792,230
"202406","2","6001 - 7000",8,19,4
General,"3","1001 - 2000",1,8740,683
"202404","1","6001 - 7000",1,174,14
"202501","5","4001 - 5000",4,6,2
"202406","3","4001 - 5000",1,817,99
"202410","3","2001 - 3000",2,1019,232
"202409","5","7001 - 8000",1,21,1
General,"5","2001 - 3000",5,42,18
"202502","2","5001 - 6000",6,26,5
"202501","6","3001 - 4000",2,203,33
"202409","7","10000 +",5,231,54
"202408","6","3001 - 4000",4,279,75
"202501","6","7001 - 8000",4,1859,600
"202409","6","1001 - 2000",8,36,8
"202504","8","10000 +",1,2215,121
"202502","4","7001 - 8000",1,2419,291
"202505","7","3001 - 4000",3,1,0
"202402","6","3001 - 4000",3,264,49
"202411","5","2001 - 3000",1,7,0
General,"3","3001 - 4000",5,12841,3716
"202410","2","6001 - 7000",6,17,5
"202403","4","5001 - 6000",1,1300,198
"202410","5","2001 - 3000",5,3,2
"202503","3","7001 - 8000",5,1188,344
"202502","6","6001 - 7000",2,229,40
"202409","5","4001 - 5000",4,5,2
"202407","5","7001 - 8000",6,10,6
"202412","1","6001 - 7000",2,251,52
"202409","6","5001 - 6000",5,479,191
"202411","1","2001 - 3000",6,6000,858
"202404","2",   0 - 1000,2,12,2
"202409","4","3001 - 4000",1,1114,119
"202401","3","5001 - 6000",6,458,150
"202402","1","4001 - 5000",7,935,105
General,"4","5001 - 6000",2,19003,5207
"202503","3","2001 - 3000",1,1283,124
"202406","2","1001 - 2000",6,203,35
"202409","2","4001 - 5000",4,56,6
General,"3","3001 - 4000",3,14849,4341
"202505","6","2001 - 3000",1,98,3
"202412","5","4001 - 5000",4,7,4
General,"8","6001 - 7000",3,1,0
"202411","6","6001 - 7000",6,412,173
"202410","5","2001 - 3000",3,3,1
"202410","6","7001 - 8000",7,2749,1186
General,"3","5001 - 6000",5,8586,2930
"202401","5","4001 - 5000",3,4,1
"202501","5","2001 - 3000",6,3,1
"202503","4","2001 - 3000",4,543,152
"202411","6","4001 - 5000",6,522,196
"202401","1",   0 - 1000,7,2807,352
"202409","4","1001 - 2000",4,236,73
"202503","4","2001 - 3000",5,543,152
"202401","6","7001 - 8000",6,2786,1001
"202412","6","5001 - 6000",2,615,133
"202504","5","7001 - 8000",2,6,4
"202412","5","6001 - 7000",5,4,0
"202409","5","5001 - 6000",7,3,1
"202504","5","4001 - 5000",2,6,1
"202402","5","4001 - 5000",2,5,0
"202412","6","5001 - 6000",3,615,176
"202406","6","1001 - 2000",6,50,18
"202411","8","8001 - 9000",2,45,10
"202502","5","6001 - 7000",5,2,0
"202505","2",   0 - 1000,2,9,3
"202502","4","1001 - 2000",5,162,43
"202405","6","4001 - 5000",4,554,140
"202404","3","6001 - 7000",1,237,51
"202403","1","6001 - 7000",8,182,18
"202411","1","4001 - 5000",3,1436,199
"202409","5","4001 - 5000",5,5,2
"202403","6","7001 - 8000",3,3201,892
"202403","4","1001 - 2000",2,343,61
"202410","4","4001 - 5000",7,1168,497
"202407","6","3001 - 4000",1,298,23
"202407","7","8001 - 9000",5,2,0
"202410","4","3001 - 4000",1,1083,137
"202411","5","6001 - 7000",5,3,2
"202407","3","3001 - 4000",6,835,255
"202504","8","10000 +",4,2215,469
"202405","2","3001 - 4000",8,90,16
"202409","6","3001 - 4000",1,222,15
General,"5","5001 - 6000",4,41,14
"202406","1","7001 - 8000",3,653,53
General,"6",   0 - 1000,6,3,2
"202503","7","8001 - 9000",5,2,1
"202406","8","9001 - 10000",4,465,97
"202408","3","1001 - 2000",5,491,100
"202412","4","3001 - 4000",1,1213,194
"202502","7","8001 - 9000",6,1,0
"202404","2","4001 - 5000",1,67,11
"202505","3","4001 - 5000",1,1066,132
"202406","5","4001 - 5000",4,8,3
General,"1","3001 - 4000",7,31264,3800
"202402","8","9001 - 10000",5,438,134
"202409","6","2001 - 3000",4,106,28
"202408","1","2001 - 3000",5,5517,639
"202409","7","9001 - 10000",5,127,40
"202407","5","7001 - 8000",7,10,6
"202503","6","2001 - 3000",2,83,10
"202402","5","1001 - 2000",3,1,0
"202505","5","5001 - 6000",2,2,1
"202405","5","6001 - 7000",4,1,0
"202506","6","1001 - 2000",1,37,1
"202505","7","10000 +",3,485,59
"202501","3","3001 - 4000",5,754,185
"202501","8","8001 - 9000",1,22,2
"202405","2","4001 - 5000",3,68,9
"202405","6","7001 - 8000",3,2655,718
"202407","5","6001 - 7000",8,1,1
"202404","7","9001 - 10000",6,167,47
"202502","6","2001 - 3000",4,85,16
"202410","6","4001 - 5000",1,398,26
"202407","2","5001 - 6000",5,37,10
General,"3","4001 - 5000",2,16013,4048
"202402","7","9001 - 10000",3,175,39
"202502","3","5001 - 6000",6,565,176
General,"3","7001 - 8000",2,15852,4252
"202404","3","7001 - 8000",2,715,160
"202501","5","4001 - 5000",6,6,2
"202406","1","7001 - 8000",4,653,53
"202504","4","1001 - 2000",2,224,24
"202403","5","5001 - 6000",5,3,3
"202406","7","9001 - 10000",3,215,33
"202407","1",   0 - 1000,6,3073,346
"202402","5","5001 - 6000",6,1,0
"202404","3","4001 - 5000",8,738,194
"202404","6","1001 - 2000",8,52,9
"202411","2","6001 - 7000",8,10,3
"202407","2","4001 - 5000",7,58,13
"202405","6","2001 - 3000",7,127,35
"202502","4","6001 - 7000",3,389,133
"202411","5","7001 - 8000",6,11,3
"202403","1","3001 - 4000",1,2121,209
"202401","3","6001 - 7000",3,225,79
"202412","6","10000 +",3,2,0
"202504","6","4001 - 5000",3,451,102
"202501","6","2001 - 3000",3,75,17
General,"2","3001 - 4000",4,1437,268
"202406","2","2001 - 3000",3,120,23
"202410","8","10000 +",3,1684,357
"202502","4",   0 - 1000,5,3,1
"202407","1","2001 - 3000",7,5477,704
General,"1","7001 - 8000",4,11155,1108
"202404","6","5001 - 6000",6,633,230
"202402","2","7001 - 8000",1,125,30
"202407","3","5001 - 6000",2,518,177
"202412","2","3001 - 4000",6,72,17
"202403","2","2001 - 3000",2,174,32
"202404","4","6001 - 7000",6,689,279
"202411","1","7001 - 8000",1,823,100
"202406","2","3001 - 4000",1,92,5
"202404","5","4001 - 5000",7,8,4
"202401","1","4001 - 5000",8,753,85
"202408","2","4001 - 5000",1,83,13
"202412","4","6001 - 7000",1,715,154
"202401","4","6001 - 7000",6,633,265
"202404","2","7001 - 8000",5,151,20
"202404","5","7001 - 8000",3,13,3
"202412","3","7001 - 8000",3,1298,460
"202502","5","5001 - 6000",6,4,0
"202505","7","10000 +",2,485,57
"202411","7","8001 - 9000",7,3,2
"202401","2","3001 - 4000",6,105,19
"202504","5","4001 - 5000",3,6,1
"202402","6","3001 - 4000",1,264,14
"202402","1",   0 - 1000,3,2776,283
"202503","2","7001 - 8000",2,74,11
"202409","3","1001 - 2000",7,372,71
"202408","6","5001 - 6000",1,685,64
"202406","2","4001 - 5000",5,64,12
"202402","5","5001 - 6000",8,1,0
"202501","6","6001 - 7000",4,225,68
"202411","6","5001 - 6000",3,573,186
"202405","6","1001 - 2000",1,43,0
"202404","1","5001 - 6000",6,364,34
"202402","4","6001 - 7000",7,626,236
"202402","3","7001 - 8000",6,639,164
"202503","7","10000 +",3,373,68
"202502","2","6001 - 7000",1,7,1
General,"4","4001 - 5000",4,18884,7040
"202407","2","4001 - 5000",6,58,13
"202410","4","4001 - 5000",2,1168,307
"202403","1","1001 - 2000",4,7542,884
"202501","4","2001 - 3000",5,504,133
"202407","2","3001 - 4000",2,124,28
"202406","1","4001 - 5000",2,1091,105
"202408","7","8001 - 9000",4,2,2
"202410","3","3001 - 4000",4,990,314
"202404","5","2001 - 3000",8,4,2
"202409","4","4001 - 5000",3,1206,421
"202407","4","5001 - 6000",5,1261,524
General,"4","7001 - 8000",1,63763,8411
"202410","3","7001 - 8000",5,937,309
"202411","5","5001 - 6000",7,4,1
"202501","2","6001 - 7000",3,10,2
"202407","3","3001 - 4000",7,835,255
"202403","1","5001 - 6000",4,453,44
"202401","4",   0 - 1000,7,10,3
"202408","6","5001 - 6000",7,685,266
"202409","3","2001 - 3000",8,896,217
"202411","7","10000 +",6,386,140
"202404","1","2001 - 3000",6,4460,482
"202503","5","6001 - 7000",2,1,1
"202403","8","8001 - 9000",3,16,6
"202404","4","6001 - 7000",1,689,101
"202408","2","6001 - 7000",7,15,3
"202412","5","2001 - 3000",8,4,2
"202401","4","4001 - 5000",1,1192,159
"202411","4","4001 - 5000",2,1049,390
"202503","7","10000 +",5,373,94
"202502","4","1001 - 2000",3,162,37
"202409","6","3001 - 4000",7,222,73
"202503","7","9001 - 10000",5,118,25
"202405","5","3001 - 4000",1,3,0
"202501","3","1001 - 2000",2,418,63
"202502","7","8001 - 9000",5,1,0
"202411","2","2001 - 3000",1,118,17
"202504","3","7001 - 8000",1,1003,133
"202405","1","6001 - 7000",4,206,27
General,"4","6001 - 7000",1,11741,1809
"202504","5","1001 - 2000",1,2,0
"202403","7","9001 - 10000",7,176,53
"202404","2","6001 - 7000",6,20,1
"202410","3","6001 - 7000",1,368,70
"202407","5","7001 - 8000",5,10,6
"202411","5","3001 - 4000",6,1,1
"202412","7","8001 - 9000",6,1,0
"202410","3","2001 - 3000",6,1019,296
"202401","5","6001 - 7000",7,1,1
"202403","5","6001 - 7000",4,1,0
"202411","6","7001 - 8000",7,2801,1255
"202502","3",   0 - 1000,5,8,2
"202502","1","6001 - 7000",3,267,27
"202407","1","5001 - 6000",8,532,64
"202408","8","9001 - 10000",7,490,176
"202411","3","4001 - 5000",2,1060,316
"202404","4","4001 - 5000",3,1308,409
"202407","2","2001 - 3000",3,135,24
"202409","1","6001 - 7000",7,191,23
"202402","1","7001 - 8000",3,492,36
"202502","1","5001 - 6000",6,668,63
"202412","3","1001 - 2000",4,433,130
General,"1","5001 - 6000",1,9984,1139
General,"4","1001 - 2000",4,4308,1231
"202405","2","6001 - 7000",2,18,5
"202408","4","6001 - 7000",2,856,262
"202410","4","2001 - 3000",1,585,53
"202402","7","10000 +",5,74,21
"202505","4","6001 - 7000",3,488,181
"202405","6","2001 - 3000",5,127,34
General,"4","3001 - 4000",6,16234,5567
"202410","2","5001 - 6000",3,37,4
"202507","5",   0 - 1000,1,1,0
General,"5","3001 - 4000",7,54,15
"202404","2","3001 - 4000",4,106,14
"202407","3",   0 - 1000,1,14,1
"202401","1","3001 - 4000",5,1952,249
"202501","3","6001 - 7000",5,237,78
General,"7","10000 +",2,4969,623
"202408","5","5001 - 6000",7,5,1
"202501","5","5001 - 6000",4,3,1
"202408","3","7001 - 8000",1,786,115
"202409","1","7001 - 8000",7,636,63
"202411","4","5001 - 6000",7,1047,508
"202410","3","2001 - 3000",5,1019,296
"202412","4","7001 - 8000",1,4276,812
"202404","3","6001 - 7000",8,237,89
"202502","1","7001 - 8000",6,868,76
"202501","4","6001 - 7000",5,397,136
"202404","2","2001 - 3000",1,175,24
"202506","3","4001 - 5000",2,923,178
"202410","3","1001 - 2000",8,384,99
"202409","1","1001 - 2000",5,6800,712
"202403","2",   0 - 1000,7,20,5
"202408","2","3001 - 4000",5,99,22
"202507","1","4001 - 5000",1,1173,162
"202411","1","3001 - 4000",3,2875,380
"202405","3","5001 - 6000",6,530,166
"202504","1","7001 - 8000",2,730,59
"202408","7","9001 - 10000",4,164,37
"202406","4","1001 - 2000",2,288,55
"202407","6","7001 - 8000",6,2846,1255
"202407","3","4001 - 5000",3,823,245
General,"4","6001 - 7000",6,9388,3988
General,"6","3001 - 4000",3,4237,881
"202501","1","3001 - 4000",3,2448,299
"202407","4","5001 - 6000",6,1261,524
"202406","2","1001 - 2000",3,203,35
"202502","2","7001 - 8000",4,69,13
"202409","1","5001 - 6000",3,517,50
"202412","2",   0 - 1000,7,5,3
General,"4","1001 - 2000",8,3540,1038
"202411","6","2001 - 3000",5,83,27
"202505","2","5001 - 6000",2,19,4
"202402","4","5001 - 6000",6,1097,438
"202501","2",   0 - 1000,1,12,1
"202402","2","7001 - 8000",2,125,37
"202502","4","4001 - 5000",6,716,231
"202501","4","3001 - 4000",2,822,179
"202407","6","4001 - 5000",6,573,224
"202409","8","9001 - 10000",5,287,82
"202401","2","6001 - 7000",5,15,4
"202408","1","2001 - 3000",1,5517,621
"202405","3",   0 - 1000,1,13,0
"202502","1","1001 - 2000",6,7128,748
General,"2",   0 - 1000,2,212,44
"202507","2","6001 - 7000",1,13,0
"202503","6","5001 - 6000",3,487,145
"202411","7","9001 - 10000",7,167,54
"202406","2","2001 - 3000",2,120,22
"202407","1","7001 - 8000",4,665,86
"202401","4","5001 - 6000",3,1010,349
"202405","1","4001 - 5000",3,1109,120
"202402","5","2001 - 3000",4,2,0
"202406","4","3001 - 4000",6,1297,433
"202402","1","3001 - 4000",5,1924,222
"202405","5","3001 - 4000",8,3,1
General,"6","2001 - 3000",6,1615,485
"202402","2","6001 - 7000",1,10,2
"202412","5","6001 - 7000",1,4,0
"202404","6","5001 - 6000",2,633,121
General,"2","6001 - 7000",8,177,38
"202503","8","9001 - 10000",2,323,44
"202402","2","3001 - 4000",7,110,20
"202406","2",   0 - 1000,6,18,3
"202411","8","7001 - 8000",8,1,1
"202405","3","4001 - 5000",2,768,196
"202401","4","3001 - 4000",4,1076,330
"202402","3","3001 - 4000",2,672,152
"202403","5","5001 - 6000",2,3,1
"202402","1","5001 - 6000",6,331,33
"202506","6","2001 - 3000",2,97,8
"202504","8","9001 - 10000",3,272,52
"202401","3","7001 - 8000",4,658,210
"202412","3","5001 - 6000",2,790,293
"202406","3","4001 - 5000",4,817,243
"202506","6","7001 - 8000",2,1988,233
"202409","2","2001 - 3000",4,126,27
"202410","2",   0 - 1000,5,6,0
"202408","4","5001 - 6000",1,1252,182
"202403","2","4001 - 5000",1,70,5
"202411","8","7001 - 8000",2,1,0
"202409","5","4001 - 5000",2,5,1
"202409","4","5001 - 6000",7,1075,428
"202404","8","8001 - 9000",5,15,5
"202412","6","10000 +",6,2,0
"202412","8","10000 +",6,2645,920
General,"4","1001 - 2000",6,3895,1126
"202410","1",   0 - 1000,8,2668,247
"202406","3","2001 - 3000",8,910,218
"202405","5","7001 - 8000",7,9,3
"202412","6","3001 - 4000",6,279,96
"202404","4","7001 - 8000",6,3681,1319
"202412","3","5001 - 6000",6,790,320
"202410","3","4001 - 5000",6,842,273
"202407","5","6001 - 7000",2,1,1
"202403","6","4001 - 5000",1,537,35
"202402","3","4001 - 5000",6,697,185
"202411","3","7001 - 8000",5,1064,387
"202407","3","2001 - 3000",8,1016,285
"202412","6","3001 - 4000",3,279,72
"202402","2","4001 - 5000",2,58,8
"202407","3","6001 - 7000",4,298,119
"202407","6","4001 - 5000",5,573,209
"202405","1","4001 - 5000",6,1109,120
"202410","1","1001 - 2000",4,7414,758
"202410","2",   0 - 1000,4,6,0
"202402","4","7001 - 8000",5,3393,1199
"202401","6","7001 - 8000",8,2786,1001
"202407","6","1001 - 2000",5,50,14
"202403","5","1001 - 2000",7,1,0
"202501","4","2001 - 3000",7,504,133
"202403","6","3001 - 4000",5,326,89
"202402","4","4001 - 5000",1,1152,146
"202502","6","6001 - 7000",6,229,90
"202507","8","7001 - 8000",1,10,0
"202501","6",   0 - 1000,3,1,0
"202411","6","1001 - 2000",2,18,1
"202412","7","10000 +",2,455,64
"202403","3","4001 - 5000",4,879,242
"202407","4","3001 - 4000",7,1430,518
"202503","3","4001 - 5000",2,1169,244
"202408","2","7001 - 8000",7,130,14
"202412","8","9001 - 10000",5,491,175
"202501","4","1001 - 2000",4,193,44
"202402","1","1001 - 2000",8,6725,814
"202504","5","4001 - 5000",4,6,1
"202504","3","1001 - 2000",1,553,43
"202412","6","3001 - 4000",1,279,27
"202502","5","4001 - 5000",2,6,0
"202503","2","4001 - 5000",5,49,12
"202503","5","6001 - 7000",5,1,1
"202402","3","7001 - 8000",8,639,164
"202501","4","2001 - 3000",6,504,133
"202406","8","10000 +",6,1207,359
"202502","2","3001 - 4000",2,59,8
"202410","6","7001 - 8000",1,2749,315
"202410","6","6001 - 7000",1,388,54
"202410","3","5001 - 6000",7,687,229
"202412","1",   0 - 1000,7,2910,420
"202403","2","4001 - 5000",8,70,9
"202505","2","4001 - 5000",1,33,3
"202501","3","2001 - 3000",5,1026,241
"202412","3",   0 - 1000,1,11,2
"202405","5","4001 - 5000",2,5,0
"202405","1","7001 - 8000",8,599,65
General,"3","1001 - 2000",2,8231,1381
"202411","5","5001 - 6000",3,4,1
"202409","2","2001 - 3000",5,126,27
"202503","6","1001 - 2000",5,37,9
"202408","3",   0 - 1000,2,10,0
"202411","5","7001 - 8000",5,11,3
"202403","2",   0 - 1000,5,20,5
"202401","4","2001 - 3000",6,810,234
"202406","8","8001 - 9000",1,14,0
General,"4","4001 - 5000",7,16179,6122
"202403","2","4001 - 5000",7,70,9
"202405","5","2001 - 3000",7,1,0
"202408","6","6001 - 7000",3,383,122
"202504","8","9001 - 10000",1,272,16
"202402","7","9001 - 10000",4,175,44
"202401","3","7001 - 8000",6,658,210
"202402","2","6001 - 7000",3,10,2
"202409","3","1001 - 2000",5,372,71
"202502","1",   0 - 1000,6,2992,255
General,"3","3001 - 4000",6,11671,3373
"202504","4","4001 - 5000",1,1024,109
General,"2","5001 - 6000",2,574,117
"202404","5","3001 - 4000",5,7,1
"202503","2","7001 - 8000",4,74,11
"202401","4","5001 - 6000",4,1010,366
"202404","1","6001 - 7000",6,174,14
"202412","3","1001 - 2000",6,433,130
"202401","3","1001 - 2000",3,461,96
"202404","4","3001 - 4000",5,1293,391
"202503","8","9001 - 10000",4,323,91
"202412","1","7001 - 8000",3,909,138
"202401","3",   0 - 1000,6,21,5
"202506","6","3001 - 4000",1,207,11
"202502","6","5001 - 6000",6,362,143
"202405","4","3001 - 4000",3,1271,411
"202406","5","4001 - 5000",8,8,3
"202403","1","6001 - 7000",1,182,18
"202505","2",   0 - 1000,3,9,3
"202408","4","6001 - 7000",7,856,354
"202405","6","7001 - 8000",5,2655,931
"202410","6","3001 - 4000",4,206,72
"202412","6","5001 - 6000",6,615,232
General,"5","7001 - 8000",5,174,58
"202412","3",   0 - 1000,4,11,4
"202409","1","1001 - 2000",7,6800,712
"202406","4","2001 - 3000",6,889,254
"202503","4","7001 - 8000",1,3099,376
"202409","4","4001 - 5000",2,1206,315
General,"6","9001 - 10000",4,2,1
"202405","6",   0 - 1000,3,1,0
"202403","5","6001 - 7000",6,1,0
"202401","5","3001 - 4000",5,6,1
"202405","3","6001 - 7000",6,255,87
"202404","1","4001 - 5000",4,1018,106
"202402","5","3001 - 4000",6,7,3
"202402","4",   0 - 1000,7,9,1
"202412","6","5001 - 6000",1,615,65
"202403","5","7001 - 8000",3,15,5
"202404","2","5001 - 6000",7,48,13
"202410","6","1001 - 2000",8,31,12
"202408","6","5001 - 6000",3,685,195
"202504","5","4001 - 5000",1,6,0
"202401","3","6001 - 7000",1,225,36
"202409","1","1001 - 2000",4,6800,712
"202408","3","7001 - 8000",6,786,240
"202401","2",   0 - 1000,5,15,4
"202404","1","6001 - 7000",7,174,14
"202405","6","4001 - 5000",2,554,84
"202411","6","7001 - 8000",5,2801,1221
"202412","6","7001 - 8000",8,2964,1227
"202405","6","3001 - 4000",2,271,34
"202402","6","2001 - 3000",5,128,35
"202404","5","4001 - 5000",1,8,2
"202405","2","7001 - 8000",6,126,19
"202502","3","7001 - 8000",4,1033,310
"202403","2","2001 - 3000",6,174,32
"202409","1",   0 - 1000,7,2629,237
"202402","6","3001 - 4000",2,264,33
"202506","3","3001 - 4000",1,892,97
"202406","1",   0 - 1000,2,2928,283
"202402","4","5001 - 6000",5,1097,438
"202501","7","9001 - 10000",7,124,28
"202411","2","1001 - 2000",6,184,46
"202405","5","6001 - 7000",7,1,0
"202409","3","5001 - 6000",3,518,181
"202501","4","6001 - 7000",1,397,56
"202502","6","3001 - 4000",1,137,6
"202408","4","1001 - 2000",5,338,100
"202505","3","6001 - 7000",2,322,97
"202411","8","10000 +",6,2139,734
"202506","1","4001 - 5000",2,1124,179
"202402","5","5001 - 6000",1,1,0
"202404","1","4001 - 5000",1,1018,101
"202405","1","6001 - 7000",3,206,27
"202406","6","7001 - 8000",6,2900,1023
"202410","1","1001 - 2000",2,7414,758
"202409","5","4001 - 5000",6,5,2
"202404","8","8001 - 9000",8,15,6
"202506","3","5001 - 6000",1,615,99
"202401","2","7001 - 8000",3,79,11
"202406","4","6001 - 7000",7,708,279
"202506","1","7001 - 8000",1,687,109
"202412","1","3001 - 4000",5,2982,490
"202410","2","1001 - 2000",8,168,28
"202505","2","6001 - 7000",2,7,3
"202503","7","9001 - 10000",3,118,16
"202501","4",   0 - 1000,7,2,0
General,"3","5001 - 6000",1,10961,1822
"202402","6","3001 - 4000",7,264,65
"202503","2","1001 - 2000",5,161,29
"202402","3","4001 - 5000",3,697,185
"202403","5","5001 - 6000",3,3,2
"202502","4","3001 - 4000",5,739,216
"202408","4","4001 - 5000",8,1428,511
"202407","6","4001 - 5000",1,573,51
"202401","1","5001 - 6000",2,333,40
"202404","8","10000 +",2,1124,145
"202406","2","5001 - 6000",3,38,4
"202409","3","1001 - 2000",2,372,48
General,"8","5001 - 6000",3,1,0
"202501","4","3001 - 4000",6,822,258
"202404","5","2001 - 3000",1,4,2
"202412","3","3001 - 4000",3,1064,355
"202408","5","6001 - 7000",2,4,1
"202410","2","3001 - 4000",2,95,18
"202401","6","6001 - 7000",6,308,109
"202501","3","3001 - 4000",7,754,185
"202401","6","4001 - 5000",7,529,151
"202408","5","6001 - 7000",7,4,1
"202409","3","6001 - 7000",7,260,84
"202505","4","3001 - 4000",3,1002,230
"202411","3","1001 - 2000",5,432,126
"202410","5","6001 - 7000",7,2,1
"202404","3","1001 - 2000",5,499,92
"202408","8","9001 - 10000",6,490,174
"202403","2","7001 - 8000",4,153,28
General,"4","5001 - 6000",4,17285,6801
"202412","4","6001 - 7000",4,715,330
"202504","3","6001 - 7000",2,276,80
"202402","3","6001 - 7000",2,233,66
"202411","5","7001 - 8000",2,11,3
"202402","1","5001 - 6000",3,331,33
"202501","1","6001 - 7000",2,262,33
"202408","1","2001 - 3000",2,5517,639
General,"4","3001 - 4000",3,19151,5745
"202412","2","7001 - 8000",6,85,16
General,"6",   0 - 1000,3,3,1
"202403","8","8001 - 9000",6,16,9
"202402","3","6001 - 7000",1,233,42
"202403","2","4001 - 5000",6,70,9
"202408","2","4001 - 5000",2,83,18
"202409","4","5001 - 6000",8,1075,428
"202505","7","3001 - 4000",2,1,0
"202402","5","4001 - 5000",3,5,2
"202411","4",   0 - 1000,4,6,3
"202411","2","7001 - 8000",6,81,21
"202411","2",   0 - 1000,7,8,3
"202405","6","1001 - 2000",4,43,10
"202410","1","3001 - 4000",7,2931,318
"202506","2","5001 - 6000",2,17,3
"202406","1","1001 - 2000",4,7515,780
"202404","1","2001 - 3000",1,4460,468
"202504","3","3001 - 4000",3,1011,302
"202410","7","9001 - 10000",7,141,69
"202402","5","3001 - 4000",8,7,3
"202501","3","4001 - 5000",4,823,253
"202411","4","1001 - 2000",3,184,72
"202408","6","3001 - 4000",2,279,44
"202403","6","3001 - 4000",2,326,48
"202404","6","7001 - 8000",5,2909,1032
"202406","2","5001 - 6000",6,38,4
"202403","2","3001 - 4000",1,121,17
"202503","6","4001 - 5000",1,443,35
"202404","2","3001 - 4000",3,106,14
"202404","4","3001 - 4000",7,1293,391
"202502","3","7001 - 8000",1,1033,128
"202408","6","1001 - 2000",6,38,9
"202406","5","4001 - 5000",6,8,3
"202504","4","6001 - 7000",3,497,177
"202407","5","4001 - 5000",5,11,1
"202407","3","3001 - 4000",4,835,255
"202407","2","3001 - 4000",6,124,28
"202506","3",   0 - 1000,1,16,0
"202405","6","6001 - 7000",7,347,128
General,"5","3001 - 4000",1,111,4
"202412","7","8001 - 9000",1,1,0
"202411","4","2001 - 3000",4,554,220
"202410","6","9001 - 10000",6,1,1
"202411","3","2001 - 3000",1,1122,133
"202402","3","1001 - 2000",5,432,82
"202404","2","3001 - 4000",6,106,14
"202501","7","9001 - 10000",2,124,14
"202404","3",   0 - 1000,6,13,3
"202406","3","3001 - 4000",8,793,213
"202412","6","1001 - 2000",2,36,3
"202502","1","7001 - 8000",5,868,76
"202502","4","2001 - 3000",5,434,132
"202401","1","5001 - 6000",5,333,40
"202405","5","6001 - 7000",1,1,0
"202401","2","4001 - 5000",8,75,13
"202407","2","4001 - 5000",1,58,9
"202408","4","6001 - 7000",4,856,350
"202409","2","2001 - 3000",6,126,27
"202401","3","7001 - 8000",2,658,187
"202402","1","1001 - 2000",7,6725,814
"202404","2","3001 - 4000",5,106,14
"202408","5","7001 - 8000",3,10,2
"202505","8","8001 - 9000",2,50,5
"202410","7","10000 +",4,308,97
"202408","4","4001 - 5000",7,1428,511
"202405","1","6001 - 7000",2,206,27
"202506","4","3001 - 4000",1,846,74
"202402","2","3001 - 4000",6,110,20
"202411","2","7001 - 8000",2,81,21
"202502","8","8001 - 9000",1,23,2
"202503","6","4001 - 5000",5,443,136
"202505","6","4001 - 5000",1,481,39
General,"8","8001 - 9000",1,525,33
"202404","5","3001 - 4000",7,7,1
"202409","5","2001 - 3000",1,1,0
"202405","4","1001 - 2000",2,344,69
"202404","6","6001 - 7000",2,417,80
"202502","5","7001 - 8000",3,6,2
"202411","8","8001 - 9000",3,45,11
"202406","7","10000 +",7,168,46
"202410","8","8001 - 9000",3,12,2
General,"5","2001 - 3000",8,38,17
"202504","4","3001 - 4000",3,998,271
General,"4","3001 - 4000",1,20946,2315
"202502","3","2001 - 3000",2,1041,215
"202403","3","2001 - 3000",2,1120,207
"202402","6","3001 - 4000",5,264,62
"202401","5","4001 - 5000",6,4,1
"202409","1","4001 - 5000",2,1066,107
"202502","1","7001 - 8000",3,868,76
General,"4","7001 - 8000",6,48857,19025
"202401","2","2001 - 3000",5,164,31
"202502","3","6001 - 7000",2,296,97
"202406","1","1001 - 2000",7,7515,780
"202408","1",   0 - 1000,8,3303,300
"202505","1","1001 - 2000",1,7752,740
"202411","2","4001 - 5000",1,41,8
"202412","3","3001 - 4000",7,1064,356
"202411","3","4001 - 5000",1,1060,169
"202504","3","4001 - 5000",4,1011,289
"202402","6","6001 - 7000",3,364,116
"202403","6","1001 - 2000",8,57,11
"202505","6","5001 - 6000",1,521,48
"202402","6","5001 - 6000",8,512,176
"202412","6","4001 - 5000",1,566,63
"202401","2","6001 - 7000",8,15,4
"202404","3",   0 - 1000,1,13,1
"202403","6","1001 - 2000",6,57,11
"202406","7","10000 +",5,168,42
"202503","1","4001 - 5000",1,1333,124
"202405","7","9001 - 10000",1,183,6
"202503","7","9001 - 10000",1,118,5
"202406","6","6001 - 7000",7,363,125
"202412","6","3001 - 4000",2,279,52
"202401","3","3001 - 4000",5,691,204
"202501","1","4001 - 5000",5,1338,151
"202504","5",   0 - 1000,3,1,0
"202410","8","9001 - 10000",4,320,84
"202501","3","4001 - 5000",2,823,213
"202402","2","1001 - 2000",1,191,22
"202404","6","3001 - 4000",6,285,80
"202404","1","3001 - 4000",7,1986,203
"202505","4","7001 - 8000",1,2928,315
General,"7","7001 - 8000",6,3,2
"202403","6","7001 - 8000",2,3201,620
"202402","6","6001 - 7000",2,364,90
"202403","6","1001 - 2000",4,57,9
"202504","3","2001 - 3000",1,1206,122
"202402","6","1001 - 2000",5,56,9
"202411","2","1001 - 2000",8,184,46
"202401","1","2001 - 3000",2,4136,550
"202403","3","6001 - 7000",2,278,95
"202412","1","2001 - 3000",2,5798,985
"202403","5","3001 - 4000",8,3,1
"202405","2","5001 - 6000",4,41,3
"202506","4","7001 - 8000",2,2841,470
"202403","6","3001 - 4000",1,326,21
"202408","5","1001 - 2000",5,1,0
"202401","2","3001 - 4000",3,105,19
"202507","2","4001 - 5000",1,90,3
"202504","4","7001 - 8000",1,3085,357
"202406","6","4001 - 5000",1,569,46
"202406","8","10000 +",4,1207,263
"202406","5","3001 - 4000",4,5,2
"202402","1",   0 - 1000,2,2776,283
"202408","4","2001 - 3000",1,946,86
"202411","3","6001 - 7000",3,362,156
"202507","1","1001 - 2000",1,6828,1633
"202408","1","3001 - 4000",8,2538,302
"202412","6","1001 - 2000",1,36,1
"202410","3","1001 - 2000",4,384,99
"202402","3","6001 - 7000",5,233,73
General,"4","7001 - 8000",8,44001,17369
"202503","6","2001 - 3000",4,83,19
"202405","3",   0 - 1000,6,13,2
"202411","1","4001 - 5000",8,1436,199
General,"2","4001 - 5000",3,960,182
"202505","3","7001 - 8000",1,967,148
"202501","6","5001 - 6000",3,405,117
"202410","3","4001 - 5000",7,842,273
"202403","4","6001 - 7000",6,774,309
"202404","7","9001 - 10000",3,167,30
General,"4","1001 - 2000",2,4694,798
"202408","7","8001 - 9000",7,2,2
"202409","5","7001 - 8000",2,21,3
"202402","3","2001 - 3000",8,860,212
"202503","3","4001 - 5000",4,1169,279
"202408","3","3001 - 4000",4,877,235
"202412","5","6001 - 7000",8,4,0
"202504","5","6001 - 7000",4,1,0
"202408","7","10000 +",5,216,64
"202410","4","6001 - 7000",3,723,312
"202403","7","9001 - 10000",1,176,10
"202407","2","5001 - 6000",6,37,10
"202412","3",   0 - 1000,6,11,4
General,"5","3001 - 4000",8,50,14
"202408","1","4001 - 5000",6,1216,130
"202502","1","7001 - 8000",2,868,76
"202405","3","7001 - 8000",1,730,102
"202505","6","1001 - 2000",1,26,1
"202403","4",   0 - 1000,2,4,0
"202412","1",   0 - 1000,3,2910,420
"202411","3","1001 - 2000",7,432,126
"202501","1",   0 - 1000,4,2844,275
"202501","6","5001 - 6000",6,405,161
"202403","2","5001 - 6000",1,50,8
"202504","6","1001 - 2000",3,43,3
"202503","6","1001 - 2000",2,37,6
"202503","2","2001 - 3000",5,88,16
"202408","4","3001 - 4000",4,1384,453
"202410","6","9001 - 10000",3,1,1
"202410","2","7001 - 8000",8,96,23
"202410","5","4001 - 5000",8,4,2
"202409","6","5001 - 6000",8,479,200
"202406","2","6001 - 7000",7,19,4
"202501","6","4001 - 5000",1,368,22
"202501","1",   0 - 1000,7,2844,275
"202406","5","1001 - 2000",6,1,0
"202410","5","2001 - 3000",8,3,2
"202408","1",   0 - 1000,3,3303,300
"202408","7","9001 - 10000",8,164,51
"202401","3","7001 - 8000",1,658,90
"202501","7","10000 +",4,325,74
"202402","6","5001 - 6000",1,512,46
"202407","4","7001 - 8000",2,3736,1201
"202409","6","10000 +",2,1,0
"202410","4","5001 - 6000",5,1142,521
"202503","1",   0 - 1000,1,3470,315
"202401","1","1001 - 2000",2,6589,866
"202406","8","8001 - 9000",6,14,4
"202409","4","1001 - 2000",8,236,74
"202502","3","7001 - 8000",5,1033,310
"202408","5","5001 - 6000",3,5,0
"202408","6","3001 - 4000",5,279,84
"202412","1","7001 - 8000",1,909,137
"202402","8","9001 - 10000",3,438,93
"202502","6","5001 - 6000",3,362,93
"202501","1","3001 - 4000",7,2448,299
General,"2","1001 - 2000",2,3324,599
"202404","7","9001 - 10000",5,167,42
"202406","6","4001 - 5000",3,569,131
General,"8","9001 - 10000",7,5464,1965
"202503","1","4001 - 5000",5,1333,124
"202506","5","5001 - 6000",2,3,0
General,"6","6001 - 7000",1,6461,755
"202506","4","4001 - 5000",1,913,94
"202412","8","10000 +",5,2645,879
"202410","5","5001 - 6000",8,1,0
"202405","1","1001 - 2000",7,8046,982
General,"1","2001 - 3000",6,70575,8794
"202401","4","1001 - 2000",2,336,61
"202502","3","3001 - 4000",5,768,214
"202402","2","1001 - 2000",2,191,31
"202407","1","7001 - 8000",2,665,86
General,"6","10000 +",3,3,0
"202502","2","1001 - 2000",1,157,24
"202502","4","6001 - 7000",5,389,150
"202412","1","3001 - 4000",7,2982,490
"202502","7","10000 +",6,339,97
"202504","2","1001 - 2000",3,161,32
"202409","2","3001 - 4000",1,95,7
"202505","6","3001 - 4000",2,232,32
"202407","6","7001 - 8000",3,2846,971
"202407","2","5001 - 6000",2,37,10
"202407","8","10000 +",6,1323,610
"202505","4","4001 - 5000",3,1004,284
"202503","2","4001 - 5000",4,49,12
"202501","8","10000 +",3,1774,332
"202401","2","6001 - 7000",1,15,3
"202407","2","6001 - 7000",2,14,2
"202409","2","1001 - 2000",8,167,25
"202410","5","7001 - 8000",2,14,5
"202406","6","4001 - 5000",8,569,176
"202503","5","3001 - 4000",3,1,0
"202412","1","3001 - 4000",2,2982,490
"202406","1","2001 - 3000",1,5013,495
"202411","4","5001 - 6000",2,1047,375
"202402","8","8001 - 9000",4,14,5
"202505","8","9001 - 10000",2,295,35
"202403","8","10000 +",3,1107,213
"202401","2","2001 - 3000",7,164,31
"202503","2","3001 - 4000",3,66,17
"202504","3","2001 - 3000",4,1206,336
"202411","3",   0 - 1000,6,7,3
"202408","1","6001 - 7000",5,191,29
"202409","4","2001 - 3000",8,742,240
"202404","6","4001 - 5000",1,553,35
"202405","4","6001 - 7000",1,651,78
"202501","7","9001 - 10000",6,124,27
"202403","6","3001 - 4000",4,326,80
"202408","1","5001 - 6000",7,552,55
"202407","2","1001 - 2000",3,208,44
"202409","7","10000 +",7,231,55
"202411","7","8001 - 9000",5,3,2
"202411","1","4001 - 5000",7,1436,199
"202410","2","3001 - 4000",1,95,11
"202404","5","7001 - 8000",1,13,2
"202507","5","1001 - 2000",1,6,0
"202407","4","2001 - 3000",1,916,101
"202405","6","5001 - 6000",4,589,182
"202406","8","10000 +",5,1207,320
"202410","1",   0 - 1000,4,2668,247
"202502","7","7001 - 8000",1,1,0
"202501","4","2001 - 3000",2,504,86
"202409","4","2001 - 3000",2,742,134
"202408","4",   0 - 1000,6,12,4
"202407","8","10000 +",1,1323,223
"202405","6",   0 - 1000,5,1,1
"202411","4",   0 - 1000,1,6,0
"202404","6","7001 - 8000",6,2909,1062
"202401","5","2001 - 3000",2,1,0
General,"6","4001 - 5000",7,6658,2247
General,"6",   0 - 1000,4,3,2
"202411","2","5001 - 6000",5,25,6
"202405","1",   0 - 1000,2,3195,353
"202412","5","1001 - 2000",3,1,0
"202401","5","1001 - 2000",2,2,0
"202502","1","1001 - 2000",5,7128,748
"202409","4","2001 - 3000",1,742,55
"202410","8","8001 - 9000",7,12,4
"202404","4","7001 - 8000",7,3681,1319
"202406","5","7001 - 8000",3,12,2
"202406","2","1001 - 2000",4,203,35
"202409","2","6001 - 7000",4,14,2
"202408","4","1001 - 2000",4,338,99
General,"8","4001 - 5000",1,1,0
"202502","5","2001 - 3000",5,1,0
"202411","5","5001 - 6000",8,4,1
"202402","6","1001 - 2000",1,56,2
"202403","6","4001 - 5000",5,537,173
"202411","1","2001 - 3000",8,6000,858
General,"5","4001 - 5000",8,75,27
"202412","8","8001 - 9000",7,43,25
"202501","5","5001 - 6000",7,3,1
"202501","6","1001 - 2000",1,31,1
"202406","6","5001 - 6000",1,618,37
"202409","1","7001 - 8000",2,636,63
"202503","3","4001 - 5000",1,1169,137
"202503","7","8001 - 9000",3,2,0
"202402","8","9001 - 10000",6,438,145
"202402","6","1001 - 2000",4,56,6
"202503","3","2001 - 3000",4,1283,291
"202503","2","5001 - 6000",2,28,6
"202411","5","3001 - 4000",8,1,1
"202404","2","4001 - 5000",2,67,14
"202410","3","6001 - 7000",8,368,138
"202501","1","2001 - 3000",5,4989,651
"202403","2",   0 - 1000,3,20,5
"202410","4",   0 - 1000,5,1,0
"202404","3","1001 - 2000",3,499,89
"202502","6","2001 - 3000",1,85,5
"202401","8","8001 - 9000",4,11,4
"202504","7","9001 - 10000",2,114,12
"202503","6","6001 - 7000",1,327,36
"202403","4","6001 - 7000",1,774,110
"202409","3","2001 - 3000",7,896,217
"202403","1","2001 - 3000",4,4709,559
"202410","2","4001 - 5000",8,76,20
"202402","6","6001 - 7000",5,364,144
"202402","4","2001 - 3000",6,775,220
"202412","5","5001 - 6000",8,1,1
"202405","5","7001 - 8000",2,9,1
"202405","4","6001 - 7000",5,651,250
"202403","2","6001 - 7000",2,13,3
"202402","6","6001 - 7000",1,364,48
"202402","1","3001 - 4000",7,1924,222
General,"5",   0 - 1000,3,1,0
"202407","3",   0 - 1000,7,14,4
"202410","1",   0 - 1000,7,2668,247
General,"1","1001 - 2000",4,118656,13853
"202411","3","2001 - 3000",4,1122,376
"202407","4","1001 - 2000",1,332,25
General,"6","1001 - 2000",3,695,98
"202409","8","9001 - 10000",4,287,73
"202405","8","9001 - 10000",8,391,130
"202411","7","8001 - 9000",3,3,2
"202404","3",   0 - 1000,5,13,3
"202410","3","5001 - 6000",2,687,194
"202409","2","3001 - 4000",7,95,13
"202408","2","6001 - 7000",8,15,3
"202412","2","6001 - 7000",3,12,4
"202402","4","3001 - 4000",7,1127,351
"202408","5","6001 - 7000",1,4,1
"202410","5","5001 - 6000",1,1,0
"202409","6","6001 - 7000",5,329,125
General,"2","7001 - 8000",6,1476,275
"202407","3","5001 - 6000",5,518,200
"202401","3","3001 - 4000",6,691,204
"202401","3","4001 - 5000",7,645,217
"202411","2","3001 - 4000",2,81,21
"202408","1","1001 - 2000",8,8135,886
"202411","2","6001 - 7000",7,10,3
"202409","3","4001 - 5000",2,768,205
"202405","6","2001 - 3000",1,127,6
"202403","6","1001 - 2000",1,57,3
"202408","3",   0 - 1000,3,10,1
General,"6","3001 - 4000",2,4444,635
General,"7","9001 - 10000",1,2874,154
"202406","8","10000 +",3,1207,209
"202502","1","3001 - 4000",1,2382,259
General,"1",   0 - 1000,7,38122,3968
"202404","2","4001 - 5000",3,67,14
"202404","6","6001 - 7000",6,417,169
"202412","4","6001 - 7000",8,715,332
"202403","4","1001 - 2000",5,343,104
"202410","5","1001 - 2000",3,2,1
"202405","1","2001 - 3000",5,5205,636
"202505","2","3001 - 4000",1,54,3
"202407","1","2001 - 3000",6,5477,704
"202406","2","7001 - 8000",4,146,23
"202404","5","1001 - 2000",2,2,0
General,"6","2001 - 3000",3,1891,363
"202410","6","7001 - 8000",6,2749,1186
"202504","1","2001 - 3000",3,4499,463
"202502","5","4001 - 5000",1,6,0
"202501","2","3001 - 4000",6,71,7
"202408","1","3001 - 4000",4,2538,302
"202503","2","5001 - 6000",1,28,5
"202503","2","4001 - 5000",3,49,12
"202410","1","6001 - 7000",7,286,36
"202405","2","6001 - 7000",4,18,5
"202402","3",   0 - 1000,3,19,3
"202404","3","5001 - 6000",8,503,160
"202503","1","5001 - 6000",5,546,59
"202407","6","4001 - 5000",8,573,224
General,"2","1001 - 2000",7,2539,447
"202502","6","2001 - 3000",3,85,14
General,"1","2001 - 3000",8,60758,7577
"202501","6","5001 - 6000",2,405,85
"202409","5","2001 - 3000",8,1,0
General,"8","9001 - 10000",2,6864,1033
"202407","6","6001 - 7000",8,409,189
"202401","1","7001 - 8000",4,452,40
"202409","2","3001 - 4000",8,95,13
"202406","5","6001 - 7000",5,3,2
"202411","5","1001 - 2000",3,1,0
"202412","5","4001 - 5000",5,7,4
"202404","5","1001 - 2000",3,2,0
"202411","6","4001 - 5000",3,522,155
"202403","4","4001 - 5000",1,1375,158
"202402","4","2001 - 3000",1,775,75
"202408","2","3001 - 4000",8,99,22
"202410","1","5001 - 6000",6,726,73
"202404","2","4001 - 5000",6,67,14
"202406","7","10000 +",3,168,27
"202411","7","7001 - 8000",5,1,1
"202410","2","5001 - 6000",7,37,4
"202403","4","4001 - 5000",8,1375,460
"202502","4","5001 - 6000",1,681,78
"202411","7","8001 - 9000",4,3,2
"202403","1","7001 - 8000",6,563,48
"202408","1","6001 - 7000",3,191,29
"202404","2","1001 - 2000",5,239,28
"202408","4","1001 - 2000",3,338,83
"202406","8","9001 - 10000",7,465,130
"202408","5","4001 - 5000",7,6,2
"202406","5","5001 - 6000",4,6,2
"202409","8","10000 +",6,1343,431
"202410","1","1001 - 2000",3,7414,758
"202407","8","9001 - 10000",3,446,145
"202405","5","6001 - 7000",8,1,0
"202410","2","5001 - 6000",8,37,4
"202501","1","1001 - 2000",3,6989,756
General,"4","4001 - 5000",6,16895,6353
"202404","3","6001 - 7000",5,237,89
"202406","2",   0 - 1000,8,18,3
"202406","7","9001 - 10000",4,215,46
"202406","3","7001 - 8000",3,746,221
"202404","1","6001 - 7000",2,174,14
"202408","3","5001 - 6000",6,565,215
"202409","1","3001 - 4000",4,2394,265
"202411","3","3001 - 4000",2,1004,290
"202404","4","5001 - 6000",5,1184,438
General,"6","10000 +",4,3,0
"202406","5","1001 - 2000",4,1,0
"202503","1","6001 - 7000",3,252,18
"202410","1","7001 - 8000",5,740,62
"202505","1","2001 - 3000",3,5214,525
"202404","2","7001 - 8000",7,151,20
"202406","3","5001 - 6000",6,517,174
"202504","7","8001 - 9000",4,3,0
"202409","6","4001 - 5000",2,443,65
"202409","1","7001 - 8000",3,636,63
"202405","4","3001 - 4000",8,1271,464
"202406","1","5001 - 6000",7,430,48
"202502","7","10000 +",5,339,96
"202402","1",   0 - 1000,6,2776,283
"202501","8","7001 - 8000",6,1,0
"202408","6","6001 - 7000",1,383,43
"202411","2","3001 - 4000",3,81,21
"202408","6","1001 - 2000",2,38,4
"202401","1","2001 - 3000",8,4136,550
"202404","1","5001 - 6000",4,364,34
"202402","2","7001 - 8000",5,125,37
General,"1","6001 - 7000",3,3569,426
"202401","4",   0 - 1000,2,10,3
"202408","4","5001 - 6000",6,1252,451
General,"2",   0 - 1000,4,196,41
"202412","3","7001 - 8000",5,1298,461
"202404","3",   0 - 1000,8,13,3
"202402","1","2001 - 3000",5,4309,524
"202501","3",   0 - 1000,3,14,3
General,"2","5001 - 6000",1,612,75
"202507","4","5001 - 6000",1,878,45
"202409","5","2001 - 3000",2,1,0
"202504","7","8001 - 9000",2,3,0
"202407","5","5001 - 6000",2,4,2
"202505","8","10000 +",3,2539,360
"202406","3",   0 - 1000,7,11,5
"202405","4","1001 - 2000",4,344,104
"202504","1","2001 - 3000",1,4499,430
"202404","5","1001 - 2000",1,2,0
"202409","5","5001 - 6000",4,3,1
"202409","2",   0 - 1000,8,15,4
"202405","3",   0 - 1000,2,13,2
General,"2","2001 - 3000",4,2094,398
General,"1",   0 - 1000,1,57437,6113
"202505","3","1001 - 2000",3,509,154
"202404","5","2001 - 3000",7,4,2
"202408","1","7001 - 8000",2,670,54
"202501","1","3001 - 4000",2,2448,299
"202410","2","1001 - 2000",1,168,14
"202404","3",   0 - 1000,2,13,3
"202504","1","6001 - 7000",2,180,13
"202403","6","3001 - 4000",3,326,64
"202410","3","7001 - 8000",8,937,309
"202406","6","6001 - 7000",8,363,125
"202405","5","1001 - 2000",7,3,1
"202411","8","8001 - 9000",6,45,16
"202402","6","1001 - 2000",8,56,12
"202410","5","5001 - 6000",5,1,0
"202409","5","6001 - 7000",6,3,0
"202411","8","10000 +",5,2139,685
"202407","1","5001 - 6000",4,532,64
"202407","5","7001 - 8000",8,10,6
"202501","1","5001 - 6000",6,668,93
"202411","3","6001 - 7000",1,362,78
"202411","3","4001 - 5000",5,1060,353
"202404","5","2001 - 3000",3,4,2
"202503","1","2001 - 3000",5,5363,624
"202405","8","10000 +",5,947,263
"202402","1","3001 - 4000",8,1924,222
"202401","3",   0 - 1000,4,21,5
"202505","3","3001 - 4000",2,997,240
General,"2","1001 - 2000",4,3018,538
"202408","4","2001 - 3000",8,946,276
"202410","3","3001 - 4000",6,990,314
"202412","5","6001 - 7000",6,4,0
General,"2",   0 - 1000,3,205,44
"202501","4","1001 - 2000",1,193,8
"202412","7","9001 - 10000",4,214,49
"202409","6","4001 - 5000",4,443,144
"202411","8","9001 - 10000",3,396,101
"202402","1","4001 - 5000",5,935,105
"202410","4","3001 - 4000",7,1083,467
"202503","6","7001 - 8000",1,2180,229
"202401","4","7001 - 8000",8,3269,1143
"202409","5","3001 - 4000",5,2,0
"202409","1","3001 - 4000",5,2394,265
"202407","4","7001 - 8000",1,3736,669
"202410","6","9001 - 10000",4,1,1
"202412","3","5001 - 6000",8,790,320
"202401","1","2001 - 3000",5,4136,550
"202404","4","1001 - 2000",4,366,75
"202504","1","1001 - 2000",4,6908,688
"202405","6","7001 - 8000",6,2655,950
General,"6","3001 - 4000",4,4005,1035
"202405","8","8001 - 9000",8,14,5
"202504","4","6001 - 7000",1,497,74
"202401","6","3001 - 4000",8,282,79
"202507","6","7001 - 8000",1,2188,59
"202504","6","3001 - 4000",3,242,45
General,"6","5001 - 6000",7,7433,2813
"202504","8","8001 - 9000",1,52,1
"202501","6","3001 - 4000",1,203,15
"202404","4","1001 - 2000",7,366,77
"202502","2",   0 - 1000,3,9,1
"202409","8","10000 +",7,1343,446
"202407","6","6001 - 7000",6,409,189
"202503","3","7001 - 8000",4,1188,344
"202402","6","1001 - 2000",6,56,12
"202503","4","7001 - 8000",5,3099,1177
"202401","1",   0 - 1000,3,2807,352
"202401","7","9001 - 10000",3,160,29
"202501","4","7001 - 8000",3,2437,776
"202401","6","4001 - 5000",8,529,151
"202402","4","1001 - 2000",5,332,91
"202407","6","7001 - 8000",5,2846,1222
"202410","2","4001 - 5000",6,76,20
"202403","3","1001 - 2000",5,514,118
"202401","5","4001 - 5000",4,4,1
"202407","7","9001 - 10000",4,183,55
"202502","7","8001 - 9000",2,1,0
"202403","5","2001 - 3000",5,3,1
"202401","2","4001 - 5000",3,75,13
"202406","4","2001 - 3000",3,889,216
"202411","4","2001 - 3000",5,554,222
"202501","1",   0 - 1000,6,2844,275
"202401","1","6001 - 7000",6,125,15
"202403","3","2001 - 3000",6,1120,257
"202405","6",   0 - 1000,8,1,1
"202409","8","10000 +",3,1343,249
"202404","4",   0 - 1000,4,6,1
"202504","5","2001 - 3000",3,4,1
"202405","7","9001 - 10000",2,183,20
"202406","1","2001 - 3000",7,5013,511
"202401","1","6001 - 7000",3,125,15
"202504","5",   0 - 1000,4,1,0
"202502","6","4001 - 5000",3,306,77
"202409","2","3001 - 4000",5,95,13
"202410","4","1001 - 2000",8,206,73
"202404","3","5001 - 6000",1,503,78
"202406","5","1001 - 2000",1,1,0
"202408","4","3001 - 4000",6,1384,459
"202412","8","9001 - 10000",6,491,186
"202505","1","3001 - 4000",1,2494,261
"202412","5","6001 - 7000",2,4,0
"202406","2","2001 - 3000",5,120,23
"202408","5","2001 - 3000",8,3,2
"202502","4",   0 - 1000,3,3,1
"202502","1","3001 - 4000",4,2382,272
"202403","3","5001 - 6000",1,527,77
"202502","4",   0 - 1000,1,3,0
"202504","8","8001 - 9000",2,52,4
"202501","2","7001 - 8000",4,59,9
"202402","2","2001 - 3000",8,166,32
"202507","1",   0 - 1000,1,3312,820
"202501","8","9001 - 10000",7,280,92
"202402","1","1001 - 2000",3,6725,814
"202410","6","3001 - 4000",6,206,82
"202401","2","1001 - 2000",7,212,45
"202502","3","4001 - 5000",2,860,201
"202407","2","4001 - 5000",2,58,13
"202406","3","4001 - 5000",6,817,243
"202406","1","5001 - 6000",2,430,48
General,"4",   0 - 1000,2,97,13
General,"3","3001 - 4000",2,15741,3760
"202408","3",   0 - 1000,6,10,1
"202406","3","1001 - 2000",3,406,84
"202410","5","4001 - 5000",4,4,2
"202410","3",   0 - 1000,6,6,1
"202408","4","3001 - 4000",2,1384,302
"202407","5","1001 - 2000",8,1,0
"202502","2","5001 - 6000",2,26,4
"202406","2","3001 - 4000",6,92,14
"202502","5","7001 - 8000",6,6,3
"202403","3","4001 - 5000",2,879,222
"202411","4",   0 - 1000,3,6,3
"202402","4","7001 - 8000",1,3393,470
"202410","8","9001 - 10000",1,320,16
"202401","4","7001 - 8000",3,3269,1097
"202501","4","3001 - 4000",3,822,228
General,"2","2001 - 3000",6,1934,373
General,"4","4001 - 5000",2,20801,5232
"202407","1","4001 - 5000",5,1199,138
"202411","8","8001 - 9000",7,45,17
"202403","2","7001 - 8000",8,153,28
General,"8","5001 - 6000",4,1,0
"202403","3",   0 - 1000,5,6,2
"202502","6","6001 - 7000",4,229,83
"202405","8","8001 - 9000",6,14,5
"202502","2","7001 - 8000",5,69,13
"202403","1","6001 - 7000",4,182,18
"202503","4","1001 - 2000",4,189,51
"202405","4","2001 - 3000",3,866,206
"202402","7","10000 +",7,74,24
"202403","2","1001 - 2000",4,240,39
"202404","3","2001 - 3000",6,1039,225
"202408","7","9001 - 10000",7,164,51
"202405","4","1001 - 2000",3,344,93
"202410","3","3001 - 4000",5,990,314
"202407","3","7001 - 8000",7,680,247
"202406","1","2001 - 3000",6,5013,511
General,"3","6001 - 7000",8,3432,1262
General,"6","4001 - 5000",1,9293,695
"202403","7","9001 - 10000",3,176,31
"202406","3","6001 - 7000",6,225,70
"202507","7","7001 - 8000",1,1,0
"202405","3","6001 - 7000",8,255,87
"202410","2","1001 - 2000",6,168,28
"202407","2","2001 - 3000",4,135,24
"202403","3","5001 - 6000",8,527,154
"202506","3","6001 - 7000",1,265,46
"202404","1","6001 - 7000",4,174,14
"202407","7","7001 - 8000",7,1,1
"202407","1","6001 - 7000",6,205,23
"202405","7","10000 +",7,140,51
"202503","5","4001 - 5000",1,4,0
"202409","4","6001 - 7000",6,749,334
"202409","6","5001 - 6000",4,479,173
General,"5","5001 - 6000",8,32,13
"202407","8","8001 - 9000",5,23,11
"202406","2","6001 - 7000",5,19,4
"202408","6","7001 - 8000",3,2725,771
"202407","4","1001 - 2000",2,332,61
"202501","6","5001 - 6000",5,405,154
"202405","5","4001 - 5000",3,5,2
"202407","6","2001 - 3000",2,136,12
"202403","6","2001 - 3000",7,147,44
"202503","6","7001 - 8000",4,2180,799
"202411","4","6001 - 7000",3,625,318
"202406","7","9001 - 10000",5,215,52
"202403","4","5001 - 6000",2,1300,356
"202505","6","7001 - 8000",3,2091,441
"202403","4","6001 - 7000",7,774,309
"202408","1",   0 - 1000,7,3303,300
"202504","1","1001 - 2000",1,6908,632
"202402","3","4001 - 5000",2,697,163
"202405","1","4001 - 5000",4,1109,120
"202412","4","1001 - 2000",3,235,55
"202404","8","9001 - 10000",1,446,30
General,"8","5001 - 6000",7,1,0
General,"6","10000 +",8,3,0
"202407","6","6001 - 7000",5,409,183
"202404","3","3001 - 4000",2,792,199
"202405","3",   0 - 1000,7,13,2
"202505","5","4001 - 5000",2,5,0
"202408","6","7001 - 8000",8,2725,1044
"202406","6","7001 - 8000",1,2900,246
"202401","6","6001 - 7000",8,308,109
"202409","5","4001 - 5000",7,5,2
"202409","2","4001 - 5000",6,56,6
"202411","8","5001 - 6000",3,1,0
"202504","5","7001 - 8000",1,6,3
"202408","4","6001 - 7000",5,856,354
"202411","3","2001 - 3000",5,1122,376
"202407","5","6001 - 7000",1,1,0
"202403","4","3001 - 4000",4,1343,402
"202409","8","9001 - 10000",1,287,14
"202410","4","6001 - 7000",4,723,345
"202408","4","1001 - 2000",8,338,100
"202402","6","6001 - 7000",4,364,136
"202408","6","2001 - 3000",6,129,41
"202401","4","4001 - 5000",4,1192,415
"202401","8","10000 +",2,525,80
"202412","5","7001 - 8000",7,11,3
"202406","4","4001 - 5000",5,1368,502
"202411","2","1001 - 2000",5,184,46
"202403","6","3001 - 4000",8,326,98
"202401","8","8001 - 9000",3,11,2
"202410","3","4001 - 5000",5,842,273
"202412","6","9001 - 10000",2,1,0
"202402","3","2001 - 3000",6,860,212
"202505","4","1001 - 2000",1,213,16
"202504","8","8001 - 9000",4,52,8
"202403","1","1001 - 2000",8,7542,884
"202411","2","1001 - 2000",4,184,46
"202408","4",   0 - 1000,8,12,4
"202406","1","6001 - 7000",8,181,23
General,"3","7001 - 8000",3,14922,4647
"202410","1","1001 - 2000",1,7414,730
"202503","5","1001 - 2000",3,1,1
"202410","2","6001 - 7000",2,17,5
"202406","5","2001 - 3000",7,6,2
"202412","4","7001 - 8000",4,4276,1820
"202409","6","5001 - 6000",1,479,34
"202504","4","2001 - 3000",1,708,52
"202402","1",   0 - 1000,7,2776,283
"202401","3","3001 - 4000",2,691,172
"202406","1","2001 - 3000",4,5013,511
"202408","6","1001 - 2000",7,38,9
"202404","3","3001 - 4000",5,792,231
"202407","2","1001 - 2000",7,208,44
"202402","2","5001 - 6000",2,45,9
"202404","3","5001 - 6000",3,503,158
"202410","8","8001 - 9000",2,12,2
General,"5","4001 - 5000",5,91,33
"202403","3","7001 - 8000",1,798,117
"202403","1","7001 - 8000",2,563,48
"202406","2","2001 - 3000",6,120,23
"202410","3","5001 - 6000",4,687,229
"202404","4","6001 - 7000",3,689,258
"202503","3","6001 - 7000",4,338,114
"202407","6","6001 - 7000",4,409,172
"202403","5","4001 - 5000",3,7,2
"202502","2","4001 - 5000",5,36,3
"202404","6","5001 - 6000",8,633,230
"202406","4","4001 - 5000",8,1368,502
General,"2","1001 - 2000",5,2857,506
"202401","7","9001 - 10000",1,160,9
"202412","3","3001 - 4000",5,1064,356
General,"2","5001 - 6000",6,489,99
"202507","6","5001 - 6000",1,452,15
"202502","6","1001 - 2000",1,26,1
"202411","7","9001 - 10000",2,167,23
"202408","3","3001 - 4000",7,877,235
"202402","4","1001 - 2000",3,332,78
"202411","6","7001 - 8000",8,2801,1255
"202410","2","7001 - 8000",6,96,23
"202503","6","4001 - 5000",2,443,73
"202403","1","7001 - 8000",5,563,48
"202504","6","1001 - 2000",1,43,1
"202402","2","1001 - 2000",5,191,32
"202412","4","5001 - 6000",7,1234,545
"202402","5","1001 - 2000",5,1,1
"202410","1","1001 - 2000",5,7414,758
"202411","1",   0 - 1000,6,2870,284
"202501","2","3001 - 4000",1,71,4
"202410","2","4001 - 5000",2,76,20
"202411","5","7001 - 8000",1,11,2
"202501","7","8001 - 9000",7,2,1
"202404","3","4001 - 5000",5,738,194
"202401","2","2001 - 3000",3,164,31
"202404","1","4001 - 5000",3,1018,106
"202403","3",   0 - 1000,4,6,2
"202401","1","6001 - 7000",4,125,15
"202403","7","9001 - 10000",2,176,20
"202407","8","10000 +",5,1323,577
"202404","6","3001 - 4000",8,285,80
"202411","6","4001 - 5000",5,522,192
General,"5","3001 - 4000",5,57,16
"202404","3","6001 - 7000",2,237,86
"202404","6","6001 - 7000",5,417,157
"202504","2","7001 - 8000",1,67,6
"202501","2","1001 - 2000",5,128,16
"202410","1","2001 - 3000",4,5520,619
"202502","4","7001 - 8000",4,2419,822
"202504","6","6001 - 7000",4,277,98
"202404","2","7001 - 8000",3,151,20
"202412","4","1001 - 2000",1,235,20
"202504","2","7001 - 8000",2,67,10
"202504","1","6001 - 7000",1,180,13
"202412","6","4001 - 5000",6,566,208
"202502","3","6001 - 7000",6,296,107
"202403","2","3001 - 4000",2,121,25
"202503","7","8001 - 9000",4,2,1
"202411","5","6001 - 7000",8,3,2
"202501","6","1001 - 2000",2,31,4
General,"4","2001 - 3000",3,12484,3243
"202412","3","3001 - 4000",4,1064,356
General,"3","2001 - 3000",4,16699,4287
"202412","5","5001 - 6000",7,1,1
"202504","3","2001 - 3000",2,1206,243
"202412","4",   0 - 1000,2,3,0
"202411","1","7001 - 8000",4,823,100
"202412","6","4001 - 5000",7,566,208
"202410","5","1001 - 2000",6,2,1
"202409","7","8001 - 9000",4,1,0
"202409","2",   0 - 1000,1,15,2
"202407","4",   0 - 1000,6,12,5
"202411","5","2001 - 3000",6,7,3
"202405","2","6001 - 7000",3,18,5
"202405","5","4001 - 5000",4,5,2
"202404","2",   0 - 1000,7,12,2
"202403","3","6001 - 7000",4,278,102
"202502","3","7001 - 8000",6,1033,310
"202401","2","4001 - 5000",7,75,13
"202404","4","2001 - 3000",4,971,286
"202503","3","3001 - 4000",4,1170,343
"202503","3","1001 - 2000",2,486,85
"202504","1","4001 - 5000",3,1103,109
"202505","8","10000 +",1,2539,126
"202505","2","2001 - 3000",2,85,27
"202505","2","2001 - 3000",3,85,27
"202411","8","9001 - 10000",1,396,31
"202410","5","6001 - 7000",3,2,1
"202405","5","7001 - 8000",5,9,3
"202409","3","1001 - 2000",4,372,71
"202409","4","5001 - 6000",1,1075,133
"202402","7","10000 +",3,74,15
"202504","3","4001 - 5000",3,1011,289
"202407","1","1001 - 2000",2,8255,1070
"202408","5","2001 - 3000",1,3,0
"202502","4","5001 - 6000",5,681,241
General,"6","6001 - 7000",5,5368,2094
"202403","4","6001 - 7000",3,774,297
"202502","5","2001 - 3000",4,1,0
"202412","2","1001 - 2000",2,183,39
"202411","1","1001 - 2000",4,7684,1069
"202403","3","7001 - 8000",2,798,195
"202406","3","1001 - 2000",5,406,89
General,"6","7001 - 8000",7,35782,13968
"202501","3","2001 - 3000",4,1026,241
"202401","5","5001 - 6000",6,1,0
"202405","2","5001 - 6000",3,41,3
"202401","3",   0 - 1000,7,21,5
"202403","1","7001 - 8000",7,563,48
General,"6","1001 - 2000",5,626,137
"202407","4","4001 - 5000",3,1440,518
"202401","1","1001 - 2000",5,6589,866
"202506","2",   0 - 1000,2,7,2
"202501","2","1001 - 2000",2,128,15
"202405","3","7001 - 8000",6,730,223
General,"4",   0 - 1000,7,87,22
"202408","3","5001 - 6000",5,565,215
"202402","1","5001 - 6000",8,331,33
"202411","4","7001 - 8000",8,3678,1822
"202409","1","4001 - 5000",3,1066,107
"202404","4","5001 - 6000",3,1184,408
"202405","4","5001 - 6000",5,1159,420
"202402","8","8001 - 9000",5,14,5
"202403","3","1001 - 2000",3,514,118
"202404","3","6001 - 7000",3,237,89
"202406","3","6001 - 7000",2,225,65
"202405","2",   0 - 1000,8,24,7
"202403","5","7001 - 8000",4,15,6
"202403","3","7001 - 8000",4,798,218
"202501","6","6001 - 7000",5,225,73
"202503","5","1001 - 2000",5,1,1
"202402","5","6001 - 7000",3,3,1
"202503","1","2001 - 3000",4,5363,624
"202410","3","5001 - 6000",3,687,228
"202412","2","4001 - 5000",8,52,14
"202408","6","2001 - 3000",8,129,41
"202406","1","4001 - 5000",1,1091,104
"202506","1","2001 - 3000",2,4651,821
"202410","4",   0 - 1000,2,1,0
"202412","2","6001 - 7000",5,12,4
"202501","5","6001 - 7000",4,2,0
"202411","4","3001 - 4000",7,1042,435
"202411","5","7001 - 8000",7,11,3
"202407","1","7001 - 8000",8,665,86
"202412","6","10000 +",4,2,0
"202402","2","4001 - 5000",3,58,8
"202412","6","3001 - 4000",4,279,84
General,"7","9001 - 10000",4,2532,599
"202412","2","5001 - 6000",7,35,15
"202412","5","7001 - 8000",4,11,3
"202403","2","6001 - 7000",6,13,3
"202403","7","8001 - 9000",6,2,0
"202410","6","2001 - 3000",2,88,18
"202408","4","6001 - 7000",1,856,117
General,"6","7001 - 8000",2,45970,9398
"202405","4","4001 - 5000",6,1344,449
General,"8","5001 - 6000",8,1,0
"202405","5","3001 - 4000",5,3,1
"202403","2","2001 - 3000",8,174,32
"202411","4",   0 - 1000,8,6,3
"202501","1","6001 - 7000",4,262,33
"202403","6","6001 - 7000",3,456,140
"202406","4","7001 - 8000",2,3838,957
General,"2","1001 - 2000",8,2411,431
"202405","5","3001 - 4000",6,3,1
"202408","5","5001 - 6000",1,5,0
"202412","3","4001 - 5000",7,1263,437
"202404","6","5001 - 6000",5,633,227
"202401","6","1001 - 2000",5,65,11
"202401","5","6001 - 7000",5,1,1
"202504","2","6001 - 7000",4,7,2
"202401","5","3001 - 4000",8,6,1
"202403","2","1001 - 2000",6,240,39
"202504","4","3001 - 4000",4,998,383
"202410","5","7001 - 8000",4,14,7
"202406","5","7001 - 8000",2,12,2
"202409","4","5001 - 6000",3,1075,376
"202410","6","5001 - 6000",5,570,230
"202404","1","4001 - 5000",8,1018,106
"202405","8","10000 +",4,947,219
"202403","3","6001 - 7000",6,278,102
"202407","3",   0 - 1000,8,14,4
"202409","6","2001 - 3000",2,106,10
General,"1","2001 - 3000",2,90302,11227
"202504","7","8001 - 9000",3,3,0
"202412","4","2001 - 3000",5,710,252
"202411","1","4001 - 5000",4,1436,199
"202409","8","10000 +",1,1343,61
"202505","7","5001 - 6000",1,1,0
"202407","2","1001 - 2000",4,208,44
"202404","6","6001 - 7000",8,417,169
"202402","3","1001 - 2000",4,432,82
"202412","1","2001 - 3000",7,5798,985
"202412","1","5001 - 6000",7,709,117
"202402","3","2001 - 3000",2,860,185
"202404","6","2001 - 3000",3,144,31
"202404","4","4001 - 5000",8,1308,453
"202503","8","10000 +",3,2255,406
"202406","1","3001 - 4000",6,2309,247
"202412","4","5001 - 6000",1,1234,236
"202409","3",   0 - 1000,8,10,4
"202501","3","5001 - 6000",5,514,152
"202410","6","2001 - 3000",8,88,34
"202404","5","2001 - 3000",2,4,2
"202411","2","3001 - 4000",6,81,21
"202409","6","2001 - 3000",7,106,35
"202409","4","7001 - 8000",2,3425,878
"202501","2","4001 - 5000",7,40,8
"202406","4",   0 - 1000,4,13,3
"202401","6","6001 - 7000",7,308,109
"202412","2","5001 - 6000",3,35,15
"202405","5","5001 - 6000",6,2,1
"202503","2","3001 - 4000",4,66,17
"202412","2","4001 - 5000",7,52,14
General,"1","1001 - 2000",6,103984,12359
"202402","4",   0 - 1000,8,9,1
"202404","5","1001 - 2000",6,2,0
"202403","7","10000 +",2,157,16
"202412","1","5001 - 6000",3,709,117
"202411","2","7001 - 8000",3,81,21
General,"8","7001 - 8000",3,6,0
General,"6","6001 - 7000",6,5041,2029
General,"8","10000 +",7,18146,6559
"202411","6","2001 - 3000",1,83,6
"202410","6","3001 - 4000",8,206,82
"202402","1","4001 - 5000",1,935,105
"202504","1","1001 - 2000",2,6908,688
"202404","5","4001 - 5000",6,8,4
"202408","4","6001 - 7000",8,856,354
"202405","5","1001 - 2000",1,3,0
General,"7","7001 - 8000",8,2,2
"202410","4","2001 - 3000",2,585,125
"202502","1","5001 - 6000",2,668,63
"202412","4","2001 - 3000",2,710,174
"202406","2","7001 - 8000",1,146,12
"202403","5","3001 - 4000",3,3,1
"202410","6","4001 - 5000",7,398,150
"202506","6","6001 - 7000",1,246,23
"202504","6","5001 - 6000",1,487,35
"202503","3",   0 - 1000,4,18,2
"202406","1","5001 - 6000",6,430,48
"202408","1","2001 - 3000",6,5517,639
"202501","3","1001 - 2000",6,418,83
General,"1","1001 - 2000",2,133275,15772
"202412","3","6001 - 7000",1,414,86
"202407","3","2001 - 3000",3,1016,284
"202409","6","4001 - 5000",5,443,152
"202507","1","7001 - 8000",1,699,63
"202507","5","3001 - 4000",1,42,1
"202406","7","9001 - 10000",2,215,23
"202403","5","1001 - 2000",1,1,0
"202501","1","4001 - 5000",4,1338,151
"202503","4","6001 - 7000",1,493,71
"202501","2","3001 - 4000",4,71,7
"202405","1","3001 - 4000",3,2297,289
"202501","6","5001 - 6000",4,405,138
"202406","8","9001 - 10000",8,465,134
"202501","4","6001 - 7000",4,397,134
"202503","2","4001 - 5000",2,49,12
"202505","4",   0 - 1000,1,1,0
"202505","3","5001 - 6000",1,687,102
"202410","1","6001 - 7000",2,286,36
"202404","2","1001 - 2000",4,239,28
"202502","5","4001 - 5000",6,6,2
"202501","1","2001 - 3000",1,4989,637
"202408","5","3001 - 4000",7,4,0
"202409","4","1001 - 2000",7,236,74
"202501","5","4001 - 5000",5,6,2
"202408","5","5001 - 6000",4,5,1
"202404","2","6001 - 7000",4,20,1
"202406","2","3001 - 4000",7,92,14
"202507","3","6001 - 7000",1,250,17
"202504","3","7001 - 8000",3,1003,336
"202412","2","7001 - 8000",8,85,16
"202501","6","3001 - 4000",7,203,65
"202401","5","2001 - 3000",5,1,1
"202501","2","4001 - 5000",5,40,8
"202405","4","2001 - 3000",2,866,168
"202401","4","7001 - 8000",4,3269,1141
"202405","4","5001 - 6000",4,1159,419
"202501","6","7001 - 8000",2,1859,365
"202406","5","6001 - 7000",6,3,2
"202401","1","1001 - 2000",1,6589,839
"202502","6","5001 - 6000",2,362,68
"202411","2","6001 - 7000",1,10,2
"202405","3","1001 - 2000",7,453,92
"202408","3","5001 - 6000",8,565,215
"202407","8","10000 +",7,1323,624
"202410","1","7001 - 8000",3,740,62
General,"3","5001 - 6000",7,7269,2518
"202505","1","6001 - 7000",2,203,21
"202405","4","3001 - 4000",1,1271,147
"202401","4","1001 - 2000",7,336,91
"202410","6","2001 - 3000",1,88,7
"202403","1","1001 - 2000",3,7542,884
"202412","7","8001 - 9000",4,1,0
"202408","2","6001 - 7000",6,15,3
"202409","6","4001 - 5000",1,443,36
"202402","6","2001 - 3000",4,128,34
"202505","6","7001 - 8000",1,2091,177
"202409","5","3001 - 4000",8,2,0
"202506","4",   0 - 1000,2,2,0
"202408","2","6001 - 7000",3,15,3
"202411","7","10000 +",2,386,65
"202502","1",   0 - 1000,1,2992,234
"202405","5","5001 - 6000",5,2,1
General,"5","5001 - 6000",6,39,14
"202405","4","6001 - 7000",3,651,226
"202411","2","6001 - 7000",2,10,3
"202403","4",   0 - 1000,8,4,0
"202411","2","5001 - 6000",6,25,6
"202408","4","5001 - 6000",4,1252,450
"202502","3","2001 - 3000",6,1041,277
"202406","1","3001 - 4000",3,2309,247
"202401","5","5001 - 6000",2,1,0
"202408","1","5001 - 6000",2,552,55
"202410","6","3001 - 4000",7,206,82
"202407","8","8001 - 9000",4,23,9
"202409","3","1001 - 2000",3,372,66
"202406","4","5001 - 6000",7,1194,447
"202501","3",   0 - 1000,7,14,3
"202404","6","2001 - 3000",6,144,44
"202403","4","7001 - 8000",3,4264,1409
"202411","7","8001 - 9000",2,3,2
General,"3","2001 - 3000",6,14210,3660
"202405","6","2001 - 3000",6,127,35
"202410","6","4001 - 5000",3,398,107
"202502","7","8001 - 9000",3,1,0
General,"4","7001 - 8000",4,55041,21345
"202503","5","3001 - 4000",5,1,0
"202401","5","4001 - 5000",8,4,1
"202408","3","2001 - 3000",2,1021,216
"202501","6","7001 - 8000",7,1859,701
"202403","3","3001 - 4000",2,838,203
"202502","2","2001 - 3000",2,92,16
"202404","6","7001 - 8000",7,2909,1062
"202406","6","5001 - 6000",8,618,195
"202408","1","1001 - 2000",2,8135,886
"202403","1","1001 - 2000",5,7542,884
"202402","6","7001 - 8000",5,2924,1035
"202504","6","7001 - 8000",1,2104,187
"202408","6","2001 - 3000",1,129,9
General,"8","10000 +",6,19833,6877
"202410","1","3001 - 4000",1,2931,309
"202401","2","2001 - 3000",2,164,30
"202403","2","6001 - 7000",5,13,3
"202410","3","6001 - 7000",7,368,138
"202402","4",   0 - 1000,3,9,1
"202501","5","7001 - 8000",6,10,1
"202411","6","5001 - 6000",6,573,254
"202410","1","3001 - 4000",6,2931,318
"202503","6","4001 - 5000",4,443,129
"202412","2","6001 - 7000",1,12,4
"202501","1","5001 - 6000",4,668,93
"202408","6","1001 - 2000",8,38,9
"202501","1","7001 - 8000",1,880,97
"202502","1","3001 - 4000",2,2382,272
"202504","3","4001 - 5000",1,1011,110
"202408","1","4001 - 5000",5,1216,130
"202403","2","1001 - 2000",1,240,26
"202401","4","2001 - 3000",2,810,157
"202504","3","1001 - 2000",4,553,120
"202502","2","6001 - 7000",3,7,1
"202502","8","9001 - 10000",2,225,34
"202401","1","7001 - 8000",8,452,40
"202406","4","7001 - 8000",7,3838,1434
"202409","7","8001 - 9000",8,1,0
"202505","3","4001 - 5000",2,1066,240
"202505","4","3001 - 4000",2,1002,167
"202407","5","6001 - 7000",7,1,1
"202501","4","7001 - 8000",1,2437,315
"202412","5","7001 - 8000",1,11,3
"202407","8","10000 +",2,1323,327
"202505","2","7001 - 8000",1,57,3
"202412","2","5001 - 6000",2,35,15
"202403","2","7001 - 8000",2,153,28
"202409","5","2001 - 3000",3,1,0
"202402","4",   0 - 1000,4,9,1
"202501","6","6001 - 7000",3,225,59
"202409","4","7001 - 8000",8,3425,1360
"202403","2","7001 - 8000",7,153,28
General,"1","5001 - 6000",8,6122,711
"202405","2","3001 - 4000",7,90,16
"202408","5","3001 - 4000",2,4,0
"202407","3","7001 - 8000",1,680,132
"202408","6","2001 - 3000",2,129,19
"202406","5","4001 - 5000",5,8,3
"202408","1",   0 - 1000,5,3303,300
"202502","3","1001 - 2000",3,443,105
"202412","3","2001 - 3000",5,1291,373
"202401","5","7001 - 8000",3,10,2
"202501","2","7001 - 8000",5,59,9
"202402","3","4001 - 5000",8,697,185
"202502","1","5001 - 6000",1,668,62
"202408","2","1001 - 2000",8,205,32
"202408","3","6001 - 7000",8,277,100
General,"4","6001 - 7000",5,9881,4189
"202409","4","6001 - 7000",3,749,309
"202504","3",   0 - 1000,1,19,3
"202408","4","2001 - 3000",3,946,251
"202408","1","3001 - 4000",6,2538,302
"202404","2","6001 - 7000",7,20,1
"202412","6","1001 - 2000",8,36,10
"202501","3","5001 - 6000",2,514,137
"202504","4","3001 - 4000",2,998,206
"202409","3","3001 - 4000",8,827,221
"202403","6","4001 - 5000",3,537,126
General,"5","4001 - 5000",1,182,8
"202410","2","4001 - 5000",1,76,13
"202410","4","2001 - 3000",7,585,242
"202412","4",   0 - 1000,7,3,1
"202411","4",   0 - 1000,7,6,3
"202403","2","7001 - 8000",3,153,28
"202410","5","6001 - 7000",5,2,1
"202409","3",   0 - 1000,6,10,4
"202412","8","7001 - 8000",6,1,0
General,"2","3001 - 4000",7,1261,234
"202402","1","7001 - 8000",6,492,36
"202412","1","7001 - 8000",6,909,138
"202404","5","6001 - 7000",5,1,0
"202404","4","5001 - 6000",4,1184,437
General,"6","10000 +",7,3,0
"202502","7","7001 - 8000",6,1,0
"202401","3","1001 - 2000",2,461,70
"202412","4","2001 - 3000",3,710,214
"202505","3","7001 - 8000",2,967,271
"202503","1","5001 - 6000",3,546,59
"202410","3","7001 - 8000",6,937,309
General,"1","7001 - 8000",5,10425,1049
"202409","1","2001 - 3000",5,4614,510
"202504","2",   0 - 1000,2,9,0
"202406","2","1001 - 2000",5,203,35
"202501","4","7001 - 8000",7,2437,832
"202401","4","7001 - 8000",5,3269,1143
"202505","5","7001 - 8000",3,13,5
"202412","6","9001 - 10000",3,1,0
"202505","7","9001 - 10000",1,110,5
"202407","4","5001 - 6000",7,1261,524
General,"6","10000 +",6,3,0
"202407","7","7001 - 8000",4,1,1
"202406","6","7001 - 8000",3,2900,767
"202402","5","1001 - 2000",4,1,0
"202401","5","7001 - 8000",5,10,3
"202411","6","6001 - 7000",7,412,173
"202405","7","10000 +",6,140,49
"202403","3","7001 - 8000",5,798,218
"202411","8","7001 - 8000",1,1,0
"202410","1","5001 - 6000",1,726,73
"202410","2","2001 - 3000",3,143,24
General,"4","2001 - 3000",4,11892,3666
"202408","4","7001 - 8000",1,3588,481
General,"1","3001 - 4000",5,36247,4369
"202401","6","4001 - 5000",3,529,109
"202405","7","10000 +",3,140,31
"202406","1","3001 - 4000",2,2309,247
General,"2","2001 - 3000",7,1842,356
"202505","1","3001 - 4000",2,2494,268
"202403","5","7001 - 8000",7,15,7
"202405","3","3001 - 4000",7,766,190
"202503","4","3001 - 4000",4,917,311
"202505","2","4001 - 5000",3,33,6
"202407","6","7001 - 8000",1,2846,469
"202412","4",   0 - 1000,1,3,0
"202505","1","6001 - 7000",1,203,20
"202401","8","8001 - 9000",7,11,5
"202408","2","2001 - 3000",7,160,34
"202502","3","1001 - 2000",2,443,76
"202406","2","7001 - 8000",8,146,23
"202505","1","7001 - 8000",2,774,79
General,"3","6001 - 7000",7,3669,1340
"202405","3","4001 - 5000",7,768,230
"202409","7","10000 +",2,231,16
General,"7","7001 - 8000",3,3,2
"202507","2","7001 - 8000",1,96,0
"202503","3","3001 - 4000",2,1170,295
"202409","2","1001 - 2000",4,167,25
"202405","4","4001 - 5000",7,1344,449
"202409","6","1001 - 2000",5,36,8
"202408","4","3001 - 4000",8,1384,459
"202502","6","6001 - 7000",1,229,19
"202411","7","9001 - 10000",8,167,54
"202409","5","4001 - 5000",3,5,1
"202412","5","3001 - 4000",8,2,0
"202409","6","10000 +",6,1,0
"202406","3","1001 - 2000",1,406,22
"202408","2","1001 - 2000",3,205,32
"202402","4","7001 - 8000",4,3393,1198
General,"8","10000 +",3,26842,5338
"202401","5","4001 - 5000",7,4,1
"202404","1","3001 - 4000",8,1986,203
"202406","5","2001 - 3000",3,6,2
"202405","6","1001 - 2000",3,43,9
"202502","6","4001 - 5000",2,306,51
"202411","6","3001 - 4000",8,199,71
"202404","4","1001 - 2000",6,366,77
"202407","4","4001 - 5000",1,1440,208
"202501","2","3001 - 4000",7,71,7
"202402","1","7001 - 8000",2,492,36
"202405","2","1001 - 2000",7,211,37
"202409","7","9001 - 10000",7,127,44
"202405","2","4001 - 5000",7,68,9
"202404","1","1001 - 2000",6,7380,797
"202404","8","9001 - 10000",4,446,119
"202501","8","10000 +",4,1774,437
"202402","2",   0 - 1000,3,11,2
"202404","7","8001 - 9000",5,2,0
"202405","6","1001 - 2000",2,43,7
"202406","3","5001 - 6000",5,517,174
"202403","1","2001 - 3000",3,4709,559
"202506","8","9001 - 10000",2,285,26
General,"5","5001 - 6000",1,92,5
"202506","5","7001 - 8000",2,11,3
General,"4","1001 - 2000",5,4084,1177
"202408","4","7001 - 8000",6,3588,1387
"202404","4","4001 - 5000",7,1308,453
"202502","8","10000 +",5,1687,497
General,"2","2001 - 3000",1,2453,270
General,"6","4001 - 5000",2,8792,1413
"202410","2",   0 - 1000,2,6,0
"202504","4",   0 - 1000,3,4,0
"202503","6","2001 - 3000",1,83,6
"202407","5","5001 - 6000",5,4,2
"202412","2","2001 - 3000",4,99,26
"202411","4","7001 - 8000",1,3678,616
General,"2",   0 - 1000,6,181,39
"202406","3",   0 - 1000,1,11,2
"202404","2","7001 - 8000",6,151,20
General,"4","4001 - 5000",1,21994,2673
"202504","2","5001 - 6000",2,21,6
"202503","2","5001 - 6000",3,28,6
"202410","1","2001 - 3000",1,5520,599
"202408","5","7001 - 8000",6,10,3
"202405","4","1001 - 2000",8,344,104
"202506","5","2001 - 3000",2,2,0
"202410","1","7001 - 8000",7,740,62
"202406","5","1001 - 2000",5,1,0
"202406","3","5001 - 6000",7,517,174
"202410","1","4001 - 5000",4,1367,150
"202412","1","1001 - 2000",6,7782,1237
"202406","4","7001 - 8000",6,3838,1434
"202403","2","3001 - 4000",6,121,25
"202406","5","3001 - 4000",1,5,0
General,"2","6001 - 7000",1,233,32
"202403","2","2001 - 3000",4,174,32
"202410","4","1001 - 2000",6,206,73
"202501","4","4001 - 5000",4,827,281
"202401","4",   0 - 1000,3,10,3
"202502","7","8001 - 9000",4,1,0
"202407","2","7001 - 8000",3,93,21
"202407","5","5001 - 6000",1,4,2
"202506","3","7001 - 8000",1,930,120
"202501","6","2001 - 3000",4,75,20
"202411","1","3001 - 4000",7,2875,380
"202408","5","3001 - 4000",1,4,0
"202401","3",   0 - 1000,3,21,5
"202404","2","1001 - 2000",1,239,17
"202503","3","1001 - 2000",4,486,104
"202409","1","1001 - 2000",2,6800,712
General,"1","5001 - 6000",5,8004,926
"202403","6","7001 - 8000",7,3201,1197
"202503","6","7001 - 8000",5,2180,820
"202412","4","4001 - 5000",2,1322,418
"202404","2","7001 - 8000",1,151,14
"202505","4",   0 - 1000,3,1,0
"202503","3",   0 - 1000,3,18,2
General,"3","5001 - 6000",3,9848,3373
"202409","7","10000 +",4,231,41
"202411","4","4001 - 5000",5,1049,520
"202406","4","4001 - 5000",6,1368,502
"202407","6","5001 - 6000",5,590,225
"202409","3","6001 - 7000",6,260,84
"202401","1","5001 - 6000",6,333,40
"202405","5","5001 - 6000",4,2,1
General,"6","9001 - 10000",7,2,1
General,"2","2001 - 3000",5,2022,389
"202401","4","1001 - 2000",3,336,78
"202403","6","4001 - 5000",7,537,182
General,"3",   0 - 1000,8,141,37
"202505","4","2001 - 3000",3,592,116
"202401","7","9001 - 10000",5,160,39
"202402","3","1001 - 2000",6,432,82
"202504","4","2001 - 3000",3,708,155
"202406","6","3001 - 4000",1,298,19
"202411","4","3001 - 4000",3,1042,403
"202507","6","4001 - 5000",1,501,14
"202505","6","6001 - 7000",2,296,61
"202405","3",   0 - 1000,5,13,2
"202402","2","1001 - 2000",4,191,32
"202406","1","4001 - 5000",8,1091,105
"202402","8","10000 +",3,803,159
"202410","7","9001 - 10000",8,141,69
"202410","6","4001 - 5000",5,398,146
"202407","4","1001 - 2000",3,332,81
"202410","4",   0 - 1000,4,1,0
"202405","4","7001 - 8000",7,3356,1289
"202506","6","7001 - 8000",1,1988,162
"202401","5","1001 - 2000",3,2,0
"202403","4","3001 - 4000",3,1343,368
"202411","6","5001 - 6000",4,573,220
"202403","7","9001 - 10000",4,176,44
"202401","1",   0 - 1000,5,2807,352
"202405","2","5001 - 6000",7,41,3
"202406","5","3001 - 4000",8,5,2
"202412","6","2001 - 3000",6,123,42
"202402","4","3001 - 4000",4,1127,349
"202504","1","4001 - 5000",1,1103,106
"202412","1",   0 - 1000,5,2910,420
"202409","7","9001 - 10000",2,127,21
"202404","8","9001 - 10000",3,446,91
"202502","6","7001 - 8000",4,1825,609
"202403","3","4001 - 5000",7,879,242
"202411","5","4001 - 5000",8,5,1
"202403","6","6001 - 7000",7,456,183
"202402","2","1001 - 2000",6,191,32
"202409","4","1001 - 2000",1,236,25
"202504","6","6001 - 7000",1,277,30
"202409","4","4001 - 5000",8,1206,480
"202408","4","4001 - 5000",3,1428,458
"202407","6","7001 - 8000",2,2846,766
"202502","1","1001 - 2000",4,7128,748
"202402","2","7001 - 8000",8,125,37
"202404","1",   0 - 1000,7,3031,278
"202403","1","1001 - 2000",7,7542,884
"202411","8","10000 +",8,2139,785
"202410","4","1001 - 2000",4,206,73
"202405","6","4001 - 5000",3,554,122
"202407","4","3001 - 4000",3,1430,468
"202401","6","7001 - 8000",5,2786,967
"202408","8","10000 +",6,1525,524
"202501","6","4001 - 5000",3,368,82
"202409","1","4001 - 5000",8,1066,107
"202506","1","3001 - 4000",1,2169,384
"202412","2","1001 - 2000",3,183,40
General,"6","5001 - 6000",4,8769,2898
"202404","2","5001 - 6000",2,48,13
"202401","6","1001 - 2000",4,65,10
"202402","4",   0 - 1000,1,9,0
"202404","2","1001 - 2000",7,239,28
"202403","5","1001 - 2000",5,1,0
"202412","2","7001 - 8000",3,85,16
"202408","4","3001 - 4000",7,1384,459
"202409","7","10000 +",8,231,55
"202407","2",   0 - 1000,4,14,3
"202411","6","1001 - 2000",3,18,1
"202403","7","8001 - 9000",1,2,0
"202407","2","1001 - 2000",5,208,44
"202406","3","1001 - 2000",4,406,89
"202406","1","6001 - 7000",1,181,23
"202406","2","7001 - 8000",2,146,23
"202408","4","2001 - 3000",7,946,276
"202404","6","5001 - 6000",3,633,174
"202410","6","9001 - 10000",1,1,0
"202411","2","7001 - 8000",1,81,9
"202404","8","9001 - 10000",8,446,164
"202406","3","2001 - 3000",5,910,218
"202401","2",   0 - 1000,2,15,4
"202407","1","6001 - 7000",1,205,23
"202410","4",   0 - 1000,6,1,0
"202401","4",   0 - 1000,4,10,3
"202406","4","3001 - 4000",2,1297,280
General,"2",   0 - 1000,1,230,22
"202409","6","1001 - 2000",6,36,8
"202411","8","9001 - 10000",8,396,159
"202407","5","6001 - 7000",5,1,1
"202505","5","4001 - 5000",1,5,0
"202412","4","3001 - 4000",6,1213,449
"202412","1","7001 - 8000",7,909,138
"202408","8","10000 +",5,1525,491
"202411","7","7001 - 8000",7,1,1
"202406","3","4001 - 5000",7,817,243
"202410","5","2001 - 3000",7,3,2
"202402","1","7001 - 8000",4,492,36
"202401","4","2001 - 3000",8,810,234
"202501","8","10000 +",1,1774,93
General,"6","1001 - 2000",8,532,138
"202406","2","1001 - 2000",7,203,35
"202412","6","7001 - 8000",7,2964,1227
"202404","6","6001 - 7000",7,417,169
"202402","5","4001 - 5000",5,5,2
"202407","5","7001 - 8000",3,10,6
"202409","3","4001 - 5000",5,768,232
"202502","2","3001 - 4000",3,59,8
"202407","1",   0 - 1000,8,3073,346
"202402","4","6001 - 7000",4,626,236
"202403","3",   0 - 1000,1,6,1
"202405","7","10000 +",5,140,49
"202412","2",   0 - 1000,6,5,3
"202409","2","2001 - 3000",2,126,27
"202407","3","3001 - 4000",8,835,255
"202504","2",   0 - 1000,4,9,0
"202406","1","2001 - 3000",3,5013,511
"202406","2",   0 - 1000,1,18,0
"202411","4","1001 - 2000",8,184,74
"202404","3","4001 - 5000",1,738,99
General,"6","9001 - 10000",2,2,0
"202403","7","8001 - 9000",5,2,0
"202404","7","9001 - 10000",2,167,22
"202410","1",   0 - 1000,3,2668,247
"202503","8","9001 - 10000",5,323,95
"202502","1",   0 - 1000,3,2992,255
"202504","5","7001 - 8000",3,6,5
"202408","1","3001 - 4000",2,2538,302
"202403","3","4001 - 5000",3,879,242
"202408","5","3001 - 4000",6,4,0
"202405","2","1001 - 2000",3,211,37
"202501","6","6001 - 7000",2,225,44
"202411","3","7001 - 8000",8,1064,387
General,"6","1001 - 2000",1,761,36
"202405","2","6001 - 7000",6,18,5
"202411","3","5001 - 6000",7,706,265
General,"5",   0 - 1000,1,2,0
"202406","4","5001 - 6000",6,1194,447
"202502","3","4001 - 5000",3,860,229
"202403","3","6001 - 7000",7,278,102
"202503","2","2001 - 3000",1,88,3
"202412","3","3001 - 4000",1,1064,199
"202405","1","3001 - 4000",5,2297,289
"202411","8","10000 +",1,2139,155
"202411","5","2001 - 3000",7,7,3
"202505","8","7001 - 8000",2,3,0
"202401","2",   0 - 1000,1,15,2
"202409","6","3001 - 4000",6,222,73
"202404","4","3001 - 4000",1,1293,135
"202411","6","1001 - 2000",8,18,4
"202409","5","7001 - 8000",4,21,4
"202401","3",   0 - 1000,5,21,5
"202501","8","9001 - 10000",3,280,51
"202409","6","4001 - 5000",3,443,106
"202407","1",   0 - 1000,5,3073,346
"202412","2","3001 - 4000",8,72,17
"202402","2",   0 - 1000,4,11,2
"202401","5","3001 - 4000",7,6,1
"202405","4","6001 - 7000",2,651,172
"202406","8","10000 +",8,1207,383
"202408","8","8001 - 9000",8,20,9
"202410","2","6001 - 7000",8,17,5
"202403","4","3001 - 4000",8,1343,402
"202409","3","2001 - 3000",1,896,87
"202402","8","10000 +",4,803,192
"202403","6","4001 - 5000",2,537,88
"202403","5","3001 - 4000",6,3,1
"202406","4","5001 - 6000",8,1194,447
"202405","5","6001 - 7000",3,1,0
"202405","8","10000 +",1,947,45
"202501","5","2001 - 3000",3,3,1
"202405","2","3001 - 4000",4,90,16
"202404","4","1001 - 2000",2,366,42
"202404","3","5001 - 6000",6,503,160
"202403","5","7001 - 8000",5,15,7
"202403","1","4001 - 5000",6,979,92
"202404","3","1001 - 2000",7,499,92
"202411","5","3001 - 4000",3,1,1
"202410","4","1001 - 2000",2,206,39
"202501","3","2001 - 3000",3,1026,238
"202412","4","5001 - 6000",6,1234,545
"202407","2","2001 - 3000",6,135,24
"202405","5","5001 - 6000",7,2,1
"202406","5","6001 - 7000",4,3,1
"202410","5","2001 - 3000",6,3,2
"202502","7","9001 - 10000",5,104,31
General,"8","7001 - 8000",8,2,1
"202404","2","4001 - 5000",5,67,14
"202406","1","2001 - 3000",8,5013,511
"202402","5","3001 - 4000",5,7,3
General,"4","2001 - 3000",5,11184,3446
"202502","5","7001 - 8000",4,6,2
"202405","2","6001 - 7000",5,18,5
"202501","5","7001 - 8000",2,10,1
"202401","2","6001 - 7000",3,15,4
"202501","2","2001 - 3000",7,86,16
"202401","6","5001 - 6000",3,535,150
"202408","1","5001 - 6000",4,552,55
"202408","5","1001 - 2000",8,1,0
"202410","4","7001 - 8000",5,3497,1467
"202401","3","6001 - 7000",6,225,79
"202408","4","4001 - 5000",1,1428,159
General,"4","4001 - 5000",3,19888,6610
"202411","4","7001 - 8000",2,3678,1400
"202411","6","4001 - 5000",8,522,196
"202410","5","6001 - 7000",8,2,1
General,"5","7001 - 8000",1,440,27
"202404","2",   0 - 1000,8,12,2
"202409","6","2001 - 3000",6,106,35
"202503","1","2001 - 3000",3,5363,624
"202504","4",   0 - 1000,2,4,0
"202403","6","1001 - 2000",5,57,9
"202501","6","1001 - 2000",6,31,5
"202407","2","1001 - 2000",1,208,22
"202402","4","5001 - 6000",3,1097,413
"202405","5","3001 - 4000",7,3,1
"202412","6","1001 - 2000",3,36,4
"202406","1","4001 - 5000",4,1091,105
"202401","1","1001 - 2000",7,6589,866
"202404","8","8001 - 9000",1,15,1
"202502","6","7001 - 8000",6,1825,709
"202412","8","10000 +",7,2645,952
"202404","1","5001 - 6000",5,364,34
"202406","2","6001 - 7000",4,19,4
General,"7","10000 +",1,5421,283
"202502","1","7001 - 8000",4,868,76
"202501","5","3001 - 4000",1,4,0
"202412","4",   0 - 1000,3,3,1
"202408","4","7001 - 8000",3,3588,1265
"202411","3",   0 - 1000,1,7,1
General,"5","1001 - 2000",3,19,2
"202404","2",   0 - 1000,3,12,2
"202405","2","1001 - 2000",2,211,36
"202504","3","1001 - 2000",3,553,119
"202412","5","1001 - 2000",6,1,0
"202407","3",   0 - 1000,3,14,4
"202408","6","4001 - 5000",6,526,202
"202504","8","10000 +",2,2215,292
"202412","2","4001 - 5000",4,52,14
"202407","7","8001 - 9000",4,2,0
"202507","6","3001 - 4000",1,237,4
"202408","1","3001 - 4000",5,2538,302
"202408","1","1001 - 2000",4,8135,886
"202409","2","6001 - 7000",1,14,2
"202407","2","7001 - 8000",8,93,21
"202407","8","8001 - 9000",7,23,11
"202401","3","2001 - 3000",7,904,205
"202506","2","3001 - 4000",2,58,16
"202406","4","7001 - 8000",4,3838,1426
"202404","8","8001 - 9000",2,15,1
"202408","2","4001 - 5000",7,83,18
"202501","6",   0 - 1000,6,1,0
"202405","6",   0 - 1000,7,1,1
"202410","2","3001 - 4000",7,95,18
General,"3",   0 - 1000,6,163,42
"202501","4","6001 - 7000",3,397,130
"202502","6","2001 - 3000",2,85,10
"202411","8","8001 - 9000",8,45,19
"202407","2","4001 - 5000",4,58,13
"202401","1","2001 - 3000",1,4136,540
"202408","1","3001 - 4000",7,2538,302
"202502","4","3001 - 4000",3,739,192
General,"8","8001 - 9000",2,484,67
"202504","2","2001 - 3000",4,72,9
"202506","2","7001 - 8000",1,73,8
"202412","6","6001 - 7000",6,411,165
"202409","3","5001 - 6000",1,518,95
"202408","3","2001 - 3000",4,1021,246
"202412","8","9001 - 10000",3,491,130
"202411","8","5001 - 6000",5,1,0
"202403","1","3001 - 4000",7,2121,212
"202411","6","6001 - 7000",1,412,69
"202402","6","5001 - 6000",7,512,176
"202405","1","1001 - 2000",6,8046,982
"202403","2",   0 - 1000,6,20,5
"202407","3",   0 - 1000,4,14,4
"202407","3","5001 - 6000",3,518,200
"202404","6","1001 - 2000",2,52,0
"202403","2","1001 - 2000",7,240,39
"202504","7","10000 +",3,450,78
"202411","5","6001 - 7000",3,3,1
"202403","1","7001 - 8000",8,563,48
"202503","5","4001 - 5000",4,4,2
"202407","4","2001 - 3000",7,916,299
"202402","2","2001 - 3000",2,166,32
"202503","2","1001 - 2000",1,161,17
"202405","2","1001 - 2000",1,211,22
"202406","6","7001 - 8000",7,2900,1023
"202409","3","2001 - 3000",5,896,217
"202408","2","4001 - 5000",8,83,18
"202411","4","2001 - 3000",8,554,222
"202407","5","1001 - 2000",3,1,0
General,"1","2001 - 3000",5,75938,9418
"202501","5","4001 - 5000",2,6,1
"202408","6","3001 - 4000",3,279,59
"202412","6","7001 - 8000",2,2964,717
"202408","8","9001 - 10000",2,490,75
"202407","5","2001 - 3000",3,3,2
"202505","5","3001 - 4000",1,8,0
"202503","6","3001 - 4000",4,214,66
"202506","5","2001 - 3000",1,2,0
"202403","5","4001 - 5000",2,7,2
"202403","4","4001 - 5000",4,1375,458
"202410","2","4001 - 5000",5,76,20
"202411","3","4001 - 5000",4,1060,353
"202409","4","4001 - 5000",6,1206,480
"202402","2","7001 - 8000",7,125,37
"202405","2","7001 - 8000",1,126,11
"202408","6","4001 - 5000",7,526,202
"202502","8","9001 - 10000",6,225,73
"202503","5","6001 - 7000",3,1,1
"202407","4","1001 - 2000",4,332,92
"202405","6","7001 - 8000",7,2655,950
"202402","6","1001 - 2000",7,56,12
"202406","3","2001 - 3000",3,910,216
"202501","3",   0 - 1000,6,14,3
"202408","2","5001 - 6000",8,31,6
"202502","4","2001 - 3000",1,434,40
"202408","4","4001 - 5000",4,1428,510
"202506","1",   0 - 1000,2,3136,485
"202408","3",   0 - 1000,7,10,1
"202502","7","10000 +",4,339,82
"202501","3",   0 - 1000,2,14,2
"202402","5","6001 - 7000",5,3,1
"202411","1","5001 - 6000",3,742,109
"202405","5","1001 - 2000",5,3,1
General,"3","6001 - 7000",4,4579,1662
"202404","1","4001 - 5000",2,1018,106
"202405","5","7001 - 8000",4,9,3
"202406","2","3001 - 4000",4,92,14
"202501","2","5001 - 6000",7,21,4
"202411","4","1001 - 2000",5,184,74
"202405","6","3001 - 4000",1,271,13
"202406","5","5001 - 6000",7,6,2
"202408","7","8001 - 9000",8,2,2
"202408","1",   0 - 1000,6,3303,300
General,"6","1001 - 2000",2,732,78
"202408","8","8001 - 9000",6,20,8
"202501","2","5001 - 6000",4,21,4
"202408","1","6001 - 7000",7,191,29
"202405","6","4001 - 5000",7,554,160
"202502","5","5001 - 6000",2,4,0
"202501","2","5001 - 6000",6,21,4
"202402","1","7001 - 8000",7,492,36
"202412","3","7001 - 8000",2,1298,422
"202412","4",   0 - 1000,4,3,1
"202408","5","1001 - 2000",2,1,0
"202502","3","5001 - 6000",4,565,176
"202401","3","4001 - 5000",5,645,217
"202408","6","6001 - 7000",4,383,146
General,"4","2001 - 3000",8,9703,3029
"202402","2","6001 - 7000",5,10,2
"202407","7","10000 +",3,210,67
"202404","2","2001 - 3000",8,175,32
"202412","5","7001 - 8000",8,11,3
"202410","3","6001 - 7000",6,368,138
"202504","6","5001 - 6000",3,487,117
"202412","5","3001 - 4000",7,2,0
"202405","4","7001 - 8000",2,3356,872
General,"3","6001 - 7000",3,4901,1772
General,"4","3001 - 4000",7,15495,5351
"202404","6",   0 - 1000,6,1,1
"202410","6","5001 - 6000",4,570,212
"202402","3","2001 - 3000",3,860,211
"202412","6","4001 - 5000",3,566,155
"202406","1","3001 - 4000",1,2309,241
"202403","5","3001 - 4000",4,3,1
"202409","8","9001 - 10000",7,287,89
General,"3","3001 - 4000",8,10149,2974
"202402","2",   0 - 1000,7,11,2
"202407","6","6001 - 7000",1,409,83
"202402","8","10000 +",8,803,264
"202407","1","3001 - 4000",2,2507,324
"202501","1","4001 - 5000",3,1338,151
"202403","6","4001 - 5000",8,537,182
"202408","5","7001 - 8000",5,10,3
"202409","6","10000 +",5,1,0
"202407","1","7001 - 8000",5,665,86
"202404","5","2001 - 3000",5,4,2
"202405","3","7001 - 8000",4,730,223
"202407","2","6001 - 7000",7,14,2
"202404","5","7001 - 8000",2,13,3
"202410","8","8001 - 9000",5,12,3
"202405","1","2001 - 3000",7,5205,636
"202407","1","7001 - 8000",1,665,86
"202412","2","1001 - 2000",5,183,40
"202410","5","4001 - 5000",5,4,2
"202401","5","7001 - 8000",2,10,2
"202410","5","4001 - 5000",6,4,2
"202502","4","1001 - 2000",2,162,20
"202403","3",   0 - 1000,3,6,2
"202401","6","2001 - 3000",6,120,28
"202406","5","5001 - 6000",1,6,0
"202403","2","4001 - 5000",5,70,9
"202407","5","1001 - 2000",6,1,0
"202403","8","9001 - 10000",8,517,177
"202402","1","7001 - 8000",8,492,36
"202408","5","2001 - 3000",2,3,0
"202412","6","9001 - 10000",8,1,0
"202406","4","1001 - 2000",7,288,89
"202408","4","7001 - 8000",7,3588,1387
"202402","6","2001 - 3000",1,128,8
"202504","4","2001 - 3000",2,708,111
"202404","3","3001 - 4000",7,792,231
"202406","5","7001 - 8000",4,12,4
"202411","7","9001 - 10000",4,167,49
"202412","6","3001 - 4000",8,279,96
"202411","4","4001 - 5000",8,1049,520
"202409","2","7001 - 8000",2,83,19
"202409","3","3001 - 4000",5,827,221
"202409","1","3001 - 4000",8,2394,265
"202504","4","7001 - 8000",4,3085,1215
"202401","2","3001 - 4000",8,105,19
"202403","3","4001 - 5000",6,879,242
"202403","1","5001 - 6000",8,453,44
"202411","7","9001 - 10000",3,167,41
"202408","5","1001 - 2000",6,1,0
"202504","3","3001 - 4000",1,1011,127
"202503","1","7001 - 8000",4,905,77
"202401","1","3001 - 4000",6,1952,249
"202404","1","1001 - 2000",3,7380,797
"202401","6","4001 - 5000",5,529,144
"202502","2",   0 - 1000,4,9,1
"202504","1",   0 - 1000,2,3069,261
"202408","6","5001 - 6000",5,685,253
"202411","4","6001 - 7000",8,625,327
"202401","2",   0 - 1000,3,15,4
"202502","3","2001 - 3000",5,1041,277
"202404","2",   0 - 1000,1,12,0
"202405","6","5001 - 6000",5,589,200
"202405","3","4001 - 5000",4,768,230
"202405","3","2001 - 3000",4,945,232
"202403","1","2001 - 3000",6,4709,559
"202409","5","7001 - 8000",7,21,4
"202412","5","7001 - 8000",5,11,3
"202406","6","4001 - 5000",4,569,160
"202406","5","7001 - 8000",7,12,4
"202402","1","5001 - 6000",1,331,32
"202408","1","2001 - 3000",3,5517,639
"202412","2","5001 - 6000",8,35,15
"202408","4","7001 - 8000",5,3588,1387
"202412","1","7001 - 8000",8,909,138
"202501","6","5001 - 6000",1,405,38
"202505","4","3001 - 4000",1,1002,72
"202408","2","6001 - 7000",4,15,3
"202410","2","4001 - 5000",4,76,20
"202407","1","5001 - 6000",7,532,64
"202411","3","7001 - 8000",7,1064,387
"202401","1","4001 - 5000",2,753,85
"202407","5","3001 - 4000",6,7,2
"202407","2","6001 - 7000",1,14,1
"202504","2","7001 - 8000",3,67,10
"202410","2","2001 - 3000",5,143,24
"202503","3","7001 - 8000",3,1188,344
"202412","2","6001 - 7000",4,12,4
"202501","1","4001 - 5000",6,1338,151
"202407","5","4001 - 5000",1,11,0
"202501","2","6001 - 7000",7,10,2
"202409","1","6001 - 7000",3,191,23
"202412","6","2001 - 3000",5,123,41
General,"5","7001 - 8000",6,163,55
"202403","4",   0 - 1000,7,4,0
"202401","3","7001 - 8000",8,658,210
General,"3","1001 - 2000",4,7245,1626
"202501","2","1001 - 2000",6,128,16
"202506","4","7001 - 8000",1,2841,303
"202411","4",   0 - 1000,2,6,0
"202501","2",   0 - 1000,5,12,1
"202501","3","4001 - 5000",6,823,253
"202410","6","6001 - 7000",2,388,92
"202409","5","5001 - 6000",1,3,1
"202404","1","7001 - 8000",1,570,53
General,"1","6001 - 7000",4,3366,405
"202502","4","7001 - 8000",2,2419,597
"202403","4","3001 - 4000",2,1343,263
"202501","1",   0 - 1000,1,2844,262
"202412","7","9001 - 10000",8,214,76
"202405","4","2001 - 3000",6,866,250
"202402","4","5001 - 6000",7,1097,438
"202503","8","9001 - 10000",3,323,70
"202407","3","3001 - 4000",1,835,113
"202407","3","7001 - 8000",5,680,247
"202412","5","6001 - 7000",3,4,0
"202405","7","9001 - 10000",8,183,52
"202404","4",   0 - 1000,7,6,1
"202408","3","4001 - 5000",4,861,258
General,"1","4001 - 5000",2,21093,2381
"202408","8","8001 - 9000",3,20,3
"202409","6","5001 - 6000",7,479,200
"202501","8","7001 - 8000",2,1,0
"202402","3","6001 - 7000",6,233,73
"202412","8","8001 - 9000",5,43,23
"202406","3",   0 - 1000,2,11,5
"202410","6","9001 - 10000",2,1,0
"202408","4",   0 - 1000,5,12,4
"202405","2","1001 - 2000",5,211,37
"202412","3","6001 - 7000",7,414,165
"202404","5","4001 - 5000",2,8,3
"202412","5","1001 - 2000",4,1,0
"202408","4","5001 - 6000",8,1252,451
"202505","3",   0 - 1000,3,17,5
"202410","5","4001 - 5000",7,4,2
"202502","3","3001 - 4000",2,768,167
"202407","6","4001 - 5000",2,573,109
"202403","1","2001 - 3000",1,4709,543
General,"1","1001 - 2000",3,126408,14648
"202411","8","7001 - 8000",4,1,0
"202412","2","2001 - 3000",1,99,20
"202408","6","5001 - 6000",2,685,146
"202411","4","5001 - 6000",4,1047,506
"202504","3","4001 - 5000",2,1011,231
"202408","3","7001 - 8000",7,786,240
"202406","5","6001 - 7000",3,3,1
"202404","6","4001 - 5000",4,553,126
"202410","5","1001 - 2000",8,2,1
"202401","8","9001 - 10000",1,497,34
"202408","2","2001 - 3000",6,160,34
"202404","3","2001 - 3000",4,1039,225
"202402","3","7001 - 8000",4,639,164
General,"3","4001 - 5000",5,13013,3871
"202501","1","6001 - 7000",5,262,33
"202411","3","4001 - 5000",8,1060,353
"202501","4",   0 - 1000,3,2,0
"202407","3","5001 - 6000",4,518,200
"202504","2","3001 - 4000",2,51,9
"202410","7","10000 +",2,308,44
"202403","2","1001 - 2000",2,240,39
"202408","4","3001 - 4000",1,1384,163
"202502","7","7001 - 8000",3,1,0
"202411","4","3001 - 4000",4,1042,435
"202407","3","1001 - 2000",4,468,116
"202408","1","1001 - 2000",5,8135,886
"202402","6","3001 - 4000",8,264,65
"202409","4",   0 - 1000,6,2,1
"202504","1","4001 - 5000",2,1103,109
"202405","4","2001 - 3000",4,866,246
"202410","2","3001 - 4000",8,95,18
"202503","2","5001 - 6000",5,28,6
"202407","4",   0 - 1000,2,12,3
"202411","6","4001 - 5000",2,522,114
"202404","4","2001 - 3000",7,971,288
"202409","4","6001 - 7000",5,749,334
"202501","3","1001 - 2000",4,418,83
"202402","5","3001 - 4000",7,7,3
"202501","6","4001 - 5000",7,368,130
General,"5","6001 - 7000",5,32,10
"202502","5","7001 - 8000",5,6,3
"202407","5","3001 - 4000",1,7,1
"202411","6","4001 - 5000",1,522,59
"202407","5","1001 - 2000",7,1,0
"202504","2","6001 - 7000",2,7,2
"202407","2","1001 - 2000",6,208,44
"202408","2","5001 - 6000",5,31,6
"202410","4","3001 - 4000",4,1083,467
"202404","8","10000 +",1,1124,59
"202408","3","7001 - 8000",2,786,220
"202410","2",   0 - 1000,1,6,0
"202407","5","4001 - 5000",2,11,0
"202502","2","4001 - 5000",1,36,1
"202504","3","5001 - 6000",2,575,155
"202403","5","6001 - 7000",8,1,0
"202402","1","3001 - 4000",4,1924,222
"202410","1","7001 - 8000",6,740,62
"202405","3","7001 - 8000",7,730,223
"202402","2",   0 - 1000,8,11,2
"202504","5","3001 - 4000",3,2,0
"202411","3","3001 - 4000",8,1004,338
"202503","1","6001 - 7000",5,252,18
"202504","1","5001 - 6000",1,458,45
"202404","4","5001 - 6000",8,1184,438
"202402","6","7001 - 8000",7,2924,1067
"202505","5","3001 - 4000",3,8,3
"202409","7","9001 - 10000",8,127,44
"202411","1","3001 - 4000",1,2875,371
"202410","1","2001 - 3000",7,5520,619
"202502","5","3001 - 4000",6,2,1
"202401","6","3001 - 4000",7,282,79
"202402","6","2001 - 3000",8,128,40
General,"5","7001 - 8000",2,204,50
"202401","5","5001 - 6000",5,1,0
"202403","6","7001 - 8000",5,3201,1158
"202501","8","9001 - 10000",6,280,91
"202411","1","5001 - 6000",4,742,109
General,"3","4001 - 5000",3,15090,4482
"202409","6","3001 - 4000",2,222,31
"202405","4",   0 - 1000,2,7,0
"202402","5","5001 - 6000",2,1,0
"202501","8","7001 - 8000",7,1,0
"202501","7","10000 +",6,325,97
"202408","2","4001 - 5000",6,83,18
"202411","1","5001 - 6000",1,742,109
"202402","1","1001 - 2000",5,6725,814
"202501","7","8001 - 9000",2,2,0
"202502","6","4001 - 5000",4,306,95
"202401","1","5001 - 6000",7,333,40
"202406","5","7001 - 8000",5,12,4
"202407","5","5001 - 6000",8,4,2
"202402","1","6001 - 7000",7,147,11
General,"5","2001 - 3000",7,41,18
"202412","3",   0 - 1000,7,11,4
"202501","6","1001 - 2000",5,31,5
"202410","1","4001 - 5000",6,1367,150
"202407","6","6001 - 7000",7,409,189
"202411","7","10000 +",5,386,134
"202406","4","6001 - 7000",8,708,279
"202405","4",   0 - 1000,6,7,0
"202406","6","3001 - 4000",7,298,87
"202409","6","2001 - 3000",5,106,33
"202504","4","5001 - 6000",3,945,316
"202410","4","4001 - 5000",6,1168,497
"202402","2","2001 - 3000",5,166,32
"202407","6","2001 - 3000",5,136,26
General,"5","5001 - 6000",3,43,14
"202502","6","1001 - 2000",4,26,4
"202404","5","6001 - 7000",1,1,0
"202407","6","1001 - 2000",4,50,12
"202405","6","5001 - 6000",1,589,45
"202404","5","3001 - 4000",2,7,1
"202408","2","7001 - 8000",6,130,14
"202412","2","1001 - 2000",7,183,40
"202402","2","3001 - 4000",4,110,20
"202412","4","7001 - 8000",7,4276,1831
General,"8","8001 - 9000",4,389,113
"202402","8","10000 +",2,803,109
"202403","5","6001 - 7000",1,1,0
"202408","1",   0 - 1000,4,3303,300
"202505","8","6001 - 7000",2,1,0
"202412","4","1001 - 2000",2,235,41
"202407","6","5001 - 6000",7,590,235
"202407","8","10000 +",3,1323,399
"202406","1","1001 - 2000",2,7515,780
"202412","5","2001 - 3000",4,4,2
"202503","6","6001 - 7000",2,327,74
"202407","2","7001 - 8000",6,93,21
"202409","1","6001 - 7000",1,191,23
"202406","6","1001 - 2000",5,50,15
"202404","5","1001 - 2000",8,2,0
"202401","5","5001 - 6000",7,1,0
"202404","5","5001 - 6000",2,1,0
"202501","2","6001 - 7000",6,10,2
"202501","5","6001 - 7000",7,2,0
General,"2","6001 - 7000",5,201,42
"202411","3","5001 - 6000",6,706,265
"202505","3","6001 - 7000",1,322,53
"202405","6","2001 - 3000",3,127,23
"202401","1","5001 - 6000",8,333,40
"202403","8","9001 - 10000",1,517,31
"202403","4","2001 - 3000",6,939,252
"202402","2",   0 - 1000,2,11,2
"202407","4","6001 - 7000",2,853,283
General,"5","7001 - 8000",8,147,51
"202404","5","2001 - 3000",4,4,2
"202407","3",   0 - 1000,5,14,4
"202403","5","2001 - 3000",3,3,1
"202506","7","9001 - 10000",2,127,8
"202406","3","7001 - 8000",8,746,221
"202406","5","1001 - 2000",8,1,0
"202401","1","6001 - 7000",1,125,14
"202409","6","3001 - 4000",8,222,73
"202504","4","4001 - 5000",2,1024,211
"202401","4","7001 - 8000",7,3269,1143
"202402","4","3001 - 4000",2,1127,256
"202401","3","5001 - 6000",5,458,150
"202402","1",   0 - 1000,8,2776,283
"202402","6","6001 - 7000",7,364,145
"202408","1","2001 - 3000",7,5517,639
"202407","6","1001 - 2000",7,50,17
"202411","3","2001 - 3000",7,1122,376
"202407","4",   0 - 1000,5,12,5
"202404","6","5001 - 6000",1,633,48
"202403","5","1001 - 2000",3,1,0
"202403","3","6001 - 7000",5,278,102
"202409","2","2001 - 3000",1,126,18
"202501","4",   0 - 1000,6,2,0
"202406","2","4001 - 5000",6,64,12
General,"8","7001 - 8000",5,3,0
"202410","5","3001 - 4000",8,3,2
"202404","7","8001 - 9000",6,2,0
"202506","2","5001 - 6000",1,17,3
"202404","3","4001 - 5000",7,738,194
"202411","8","5001 - 6000",8,1,0
"202401","4","6001 - 7000",4,633,264
"202410","1","7001 - 8000",4,740,62
"202408","4","7001 - 8000",8,3588,1387
"202502","6","7001 - 8000",2,1825,348
"202410","4","2001 - 3000",3,585,205
General,"1","6001 - 7000",8,2405,314
"202405","2","3001 - 4000",5,90,16
"202506","3","3001 - 4000",2,892,159
"202405","4",   0 - 1000,5,7,0
General,"7","10000 +",7,2857,954
"202501","6",   0 - 1000,1,1,0
"202411","2","4001 - 5000",2,41,10
"202506","1","6001 - 7000",2,194,37
"202505","3","2001 - 3000",3,1226,404
"202502","6","2001 - 3000",5,85,19
"202401","4","1001 - 2000",4,336,90
"202404","2","2001 - 3000",2,175,32
"202404","8","10000 +",5,1124,323
"202505","8","6001 - 7000",1,1,0
"202403","7","9001 - 10000",6,176,53
"202411","8","10000 +",2,2139,343
"202412","5","7001 - 8000",3,11,3
"202501","5","5001 - 6000",1,3,0
"202404","2","2001 - 3000",3,175,32
"202505","4","5001 - 6000",1,928,108
"202410","6","7001 - 8000",2,2749,628
"202507","2","1001 - 2000",1,272,12
"202503","3","3001 - 4000",1,1170,154
"202404","1",   0 - 1000,4,3031,278
"202410","7","10000 +",6,308,139
"202505","3","3001 - 4000",1,997,112
"202406","5","5001 - 6000",2,6,0
"202404","7","9001 - 10000",4,167,36
"202411","1","5001 - 6000",5,742,109
"202408","2",   0 - 1000,1,12,0
"202407","2","7001 - 8000",4,93,21
"202412","7","10000 +",1,455,30
"202403","1","3001 - 4000",5,2121,212
"202504","3",   0 - 1000,3,19,5
"202412","6","10000 +",7,2,0
"202401","5","2001 - 3000",8,1,1
"202503","2","3001 - 4000",2,66,17
"202408","4","2001 - 3000",2,946,184
"202404","8","10000 +",4,1124,280
"202411","3","4001 - 5000",3,1060,353
"202401","5","2001 - 3000",1,1,0
"202408","2","6001 - 7000",1,15,1
"202412","1",   0 - 1000,6,2910,420
"202504","2","4001 - 5000",3,34,6
"202412","4","5001 - 6000",5,1234,545
"202405","1","4001 - 5000",2,1109,120
"202506","5","3001 - 4000",2,2,0
"202503","4","5001 - 6000",4,932,359
"202405","5","5001 - 6000",8,2,1
"202505","7","8001 - 9000",1,3,0
"202411","1","6001 - 7000",6,266,43
"202406","3","3001 - 4000",4,793,213
"202501","2","5001 - 6000",5,21,4
"202407","6","4001 - 5000",3,573,155
"202408","8","9001 - 10000",1,490,33
"202411","6","7001 - 8000",2,2801,674
"202409","7","9001 - 10000",6,127,43
"202402","1","7001 - 8000",1,492,36
"202501","5","7001 - 8000",7,10,1
"202407","4","4001 - 5000",7,1440,572
General,"2","4001 - 5000",8,768,147
"202407","1","1001 - 2000",1,8255,1022
"202407","5","5001 - 6000",4,4,2
"202502","5","3001 - 4000",2,2,1
"202411","8","5001 - 6000",2,1,0
"202405","5","2001 - 3000",8,1,0
"202412","5","1001 - 2000",1,1,0
"202404","6","3001 - 4000",4,285,63
"202409","4","4001 - 5000",1,1206,157
"202402","6","5001 - 6000",5,512,166
"202407","6","5001 - 6000",8,590,235
"202409","4",   0 - 1000,7,2,1
"202408","6","1001 - 2000",3,38,6
"202402","5","6001 - 7000",7,3,1
"202404","4","5001 - 6000",1,1184,156
"202506","1",   0 - 1000,1,3136,439
"202402","6","7001 - 8000",3,2924,793
"202503","7","9001 - 10000",4,118,22
"202410","6","1001 - 2000",7,31,12
"202410","3","7001 - 8000",1,937,133
"202408","2","6001 - 7000",5,15,3
"202402","3","3001 - 4000",6,672,182
"202412","8","10000 +",3,2645,636
"202405","2",   0 - 1000,5,24,7
"202502","3","1001 - 2000",4,443,108
"202411","3","2001 - 3000",3,1122,373
"202405","5","5001 - 6000",2,2,1
"202404","6","7001 - 8000",3,2909,807
"202502","3","4001 - 5000",1,860,112
"202410","4","6001 - 7000",2,723,222
"202503","1","1001 - 2000",2,7764,806
"202402","1","7001 - 8000",5,492,36
"202404","5","6001 - 7000",7,1,0
"202412","7","9001 - 10000",5,214,53
"202407","1","3001 - 4000",8,2507,324
"202408","5","3001 - 4000",8,4,0
"202401","3",   0 - 1000,1,21,3
"202404","6","1001 - 2000",7,52,9
"202401","2",   0 - 1000,6,15,4
"202404","4","2001 - 3000",1,971,88
"202407","1","3001 - 4000",6,2507,324
"202407","1","7001 - 8000",3,665,86
"202406","2","6001 - 7000",3,19,4
"202410","1","1001 - 2000",6,7414,758
"202503","4","5001 - 6000",3,932,320
"202404","6","3001 - 4000",3,285,49
"202407","5","6001 - 7000",4,1,1
"202409","3","4001 - 5000",3,768,231
"202501","4","4001 - 5000",1,827,103
"202401","4","1001 - 2000",8,336,91
"202408","5","3001 - 4000",5,4,0
"202408","3","4001 - 5000",2,861,225
"202412","8","10000 +",1,2645,237
"202408","2","1001 - 2000",6,205,32
"202504","6","2001 - 3000",4,95,17
"202402","4","3001 - 4000",5,1127,351
"202407","2","6001 - 7000",5,14,2
"202505","4","4001 - 5000",2,1004,235
"202407","1",   0 - 1000,7,3073,346
"202502","5","6001 - 7000",2,2,0
General,"2","5001 - 6000",7,463,94
General,"7","10000 +",6,3196,1018
General,"7","9001 - 10000",2,2769,352
General,"3","7001 - 8000",5,12952,4006
"202408","7","8001 - 9000",1,2,1
"202402","4","7001 - 8000",6,3393,1199
"202412","5","5001 - 6000",1,1,1
General,"4",   0 - 1000,1,101,7
"202502","1","4001 - 5000",6,1304,136
"202411","5","4001 - 5000",1,5,1
"202410","5","5001 - 6000",3,1,0
"202409","3",   0 - 1000,5,10,4
"202501","3","6001 - 7000",2,237,68
"202405","3","2001 - 3000",8,945,232
"202504","2","3001 - 4000",4,51,9
General,"1","2001 - 3000",4,80437,9881
"202410","2","7001 - 8000",1,96,9
"202407","4","1001 - 2000",8,332,93
"202408","1","1001 - 2000",3,8135,886
"202503","4","4001 - 5000",2,965,189
"202404","3","2001 - 3000",3,1039,217
"202505","3","4001 - 5000",3,1066,334
"202402","2","1001 - 2000",3,191,32
General,"1","3001 - 4000",4,38411,4604
"202404","4","7001 - 8000",1,3681,491
"202410","5","2001 - 3000",4,3,2
"202407","6","5001 - 6000",1,590,68
"202506","2","3001 - 4000",1,58,9
"202407","6","1001 - 2000",2,50,10
"202502","6","6001 - 7000",3,229,72
"202410","2","4001 - 5000",3,76,20
"202406","1","1001 - 2000",1,7515,743
"202406","1","6001 - 7000",2,181,23
"202408","8","10000 +",4,1525,392
"202409","2","2001 - 3000",3,126,27
"202406","6","1001 - 2000",2,50,10
"202405","5","6001 - 7000",2,1,0
"202411","1","1001 - 2000",5,7684,1069
"202501","8","8001 - 9000",3,22,7
"202410","5","6001 - 7000",4,2,1
"202411","7","8001 - 9000",6,3,2
"202409","3","6001 - 7000",3,260,84
"202403","5","2001 - 3000",7,3,1
General,"5","3001 - 4000",6,56,16
"202412","2",   0 - 1000,2,5,2
"202408","4","4001 - 5000",5,1428,511
"202411","8","9001 - 10000",6,396,148
"202402","6","4001 - 5000",3,520,94
"202408","5","4001 - 5000",4,6,2
"202403","8","10000 +",8,1107,370
"202412","4","1001 - 2000",5,235,68
"202411","6","2001 - 3000",2,83,13
"202402","7","9001 - 10000",5,175,51
"202401","2","5001 - 6000",8,22,1
"202408","1","4001 - 5000",1,1216,129
"202408","8","10000 +",2,1525,175
"202408","3","2001 - 3000",3,1021,246
"202406","1","5001 - 6000",5,430,48
"202412","1","2001 - 3000",8,5798,985
"202404","4","7001 - 8000",2,3681,949
"202401","2","7001 - 8000",4,79,11
"202401","2","6001 - 7000",6,15,4
"202408","3","7001 - 8000",5,786,240
General,"8","6001 - 7000",1,1,0
"202411","3","7001 - 8000",6,1064,387
"202402","4","1001 - 2000",8,332,91
General,"4","1001 - 2000",3,4521,1071
"202408","2","7001 - 8000",3,130,14
"202411","2","4001 - 5000",3,41,11
"202402","4","3001 - 4000",3,1127,326
"202401","6","1001 - 2000",2,65,8
"202404","7","8001 - 9000",4,2,0
"202402","1","4001 - 5000",3,935,105
"202411","4","6001 - 7000",4,625,327
"202406","3","7001 - 8000",2,746,186
"202410","4","2001 - 3000",6,585,242
"202406","3",   0 - 1000,6,11,5
"202401","2","7001 - 8000",2,79,11
"202408","6","3001 - 4000",7,279,88
"202412","5","3001 - 4000",2,2,0
"202409","4","1001 - 2000",5,236,74
"202402","1","6001 - 7000",8,147,11
"202409","7","9001 - 10000",1,127,1
"202411","7","9001 - 10000",5,167,51
"202412","2","6001 - 7000",7,12,4
"202502","8","8001 - 9000",5,23,9
"202502","1","2001 - 3000",6,4828,566
"202505","6","6001 - 7000",3,296,68
"202407","4","4001 - 5000",2,1440,408
"202402","5","7001 - 8000",3,11,2
"202404","6","5001 - 6000",4,633,208
"202409","4","1001 - 2000",6,236,74
"202412","3","6001 - 7000",8,414,165
"202412","3","2001 - 3000",8,1291,373
"202506","6","5001 - 6000",2,432,55
"202504","3","3001 - 4000",2,1011,235
General,"1","3001 - 4000",8,28816,3501
"202405","1",   0 - 1000,6,3195,353
"202412","1","4001 - 5000",6,1493,230
"202506","1","2001 - 3000",1,4651,774
"202407","4",   0 - 1000,4,12,5
"202501","5","3001 - 4000",6,4,1
"202411","6","3001 - 4000",4,199,61
"202501","3","3001 - 4000",2,754,154
General,"2","3001 - 4000",1,1684,179
"202403","4","3001 - 4000",7,1343,402
"202409","1",   0 - 1000,2,2629,237
"202407","3","4001 - 5000",1,823,124
"202403","3","3001 - 4000",4,838,235
"202409","4","7001 - 8000",1,3425,433
"202401","6","3001 - 4000",4,282,71
"202408","6","5001 - 6000",8,685,266
"202411","3","6001 - 7000",4,362,156
"202501","3","6001 - 7000",1,237,41
"202407","3","4001 - 5000",4,823,246
"202402","3","6001 - 7000",7,233,73
"202410","8","8001 - 9000",6,12,4
"202409","3","6001 - 7000",5,260,84
"202408","3","7001 - 8000",8,786,240
"202505","7","8001 - 9000",3,3,0
"202402","6","6001 - 7000",6,364,145
"202501","3","4001 - 5000",5,823,253
"202405","6","1001 - 2000",6,43,13
"202410","1","2001 - 3000",5,5520,619
"202412","4","1001 - 2000",8,235,68
"202410","1",   0 - 1000,1,2668,239
"202410","6","1001 - 2000",5,31,12
"202507","2","5001 - 6000",1,38,1
"202501","2","4001 - 5000",3,40,8
General,"6","6001 - 7000",7,4812,1939
"202402","6","2001 - 3000",3,128,28
"202412","2","4001 - 5000",3,52,14
"202412","3","1001 - 2000",2,433,114
"202502","3","2001 - 3000",1,1041,105
"202403","5","5001 - 6000",6,3,3
"202405","6","6001 - 7000",3,347,101
"202501","1","5001 - 6000",2,668,93
"202502","1","2001 - 3000",2,4828,566
"202409","3","5001 - 6000",8,518,182
"202412","2","7001 - 8000",2,85,16
General,"5","4001 - 5000",3,102,26
"202502","5","6001 - 7000",1,2,0
"202403","1","7001 - 8000",4,563,48
"202412","8","7001 - 8000",8,1,0
"202402","3","2001 - 3000",5,860,212
"202412","5","5001 - 6000",5,1,1
"202407","5","4001 - 5000",6,11,1
"202405","2","4001 - 5000",4,68,9
"202501","4","1001 - 2000",6,193,45
"202505","6","3001 - 4000",3,232,38
"202402","1","5001 - 6000",7,331,33
General,"6","3001 - 4000",8,3209,990
"202408","6","1001 - 2000",1,38,2
"202411","8","7001 - 8000",5,1,0
"202405","5","3001 - 4000",4,3,0
"202408","1","6001 - 7000",2,191,29
"202403","5","4001 - 5000",8,7,2
"202407","4","6001 - 7000",8,853,392
"202411","8","10000 +",3,2139,481
"202401","4","4001 - 5000",6,1192,417
"202410","1",   0 - 1000,6,2668,247
"202506","1","4001 - 5000",1,1124,173
"202411","8","10000 +",4,2139,607
"202503","3","2001 - 3000",3,1283,289
"202404","5","7001 - 8000",8,13,5
"202407","7","9001 - 10000",2,183,41
"202412","3","2001 - 3000",3,1291,373
"202411","2","3001 - 4000",4,81,21
"202411","1","6001 - 7000",5,266,43
"202504","1","6001 - 7000",4,180,13
"202402","5","3001 - 4000",3,7,2
"202404","6","1001 - 2000",3,52,3
"202408","3","6001 - 7000",5,277,100
"202401","6","5001 - 6000",2,535,119
"202412","2","3001 - 4000",7,72,17
"202404","1","4001 - 5000",6,1018,106
"202504","6","3001 - 4000",1,242,22
"202408","5","3001 - 4000",3,4,0
"202505","1","4001 - 5000",1,1229,115
"202504","6","7001 - 8000",3,2104,559
"202406","4",   0 - 1000,5,13,3
General,"8","9001 - 10000",6,5689,1976
"202411","1","2001 - 3000",3,6000,858
General,"1","1001 - 2000",7,96856,11611
"202404","1","5001 - 6000",1,364,34
"202403","4","7001 - 8000",6,4264,1521
"202401","1","4001 - 5000",3,753,85
"202409","1","7001 - 8000",5,636,63
"202406","4","4001 - 5000",7,1368,502
"202505","1","5001 - 6000",2,535,47
"202407","7","7001 - 8000",6,1,1
"202505","2","7001 - 8000",3,57,14
"202403","1","4001 - 5000",2,979,92
"202411","4","3001 - 4000",5,1042,435
"202405","1","6001 - 7000",8,206,27
"202501","2","2001 - 3000",2,86,16
General,"1","7001 - 8000",3,11929,1187
"202406","5","2001 - 3000",5,6,2
"202412","2","2001 - 3000",8,99,26
"202410","4","3001 - 4000",6,1083,467
"202405","6","3001 - 4000",8,271,72
"202406","6","2001 - 3000",7,124,36
"202410","8","9001 - 10000",6,320,143
"202401","3","1001 - 2000",6,461,96
"202402","1","4001 - 5000",8,935,105
"202502","1",   0 - 1000,5,2992,255
"202502","7","9001 - 10000",6,104,32
"202404","2","1001 - 2000",3,239,28
"202410","1","1001 - 2000",7,7414,758
"202404","7","8001 - 9000",7,2,0
"202412","6","4001 - 5000",2,566,118
"202502","3","3001 - 4000",6,768,214
"202501","7","8001 - 9000",5,2,1
"202401","2",   0 - 1000,7,15,4
"202409","1","4001 - 5000",4,1066,107
"202408","7","10000 +",4,216,57
"202404","1","5001 - 6000",3,364,34
"202409","4","6001 - 7000",2,749,248
"202502","6","7001 - 8000",3,1825,510
"202407","6","5001 - 6000",6,590,235
"202409","6","7001 - 8000",1,2463,248
"202410","3","6001 - 7000",5,368,138
"202401","6","7001 - 8000",4,2786,914
General,"3","4001 - 5000",6,11844,3592
"202401","1","6001 - 7000",2,125,15
"202402","1","1001 - 2000",1,6725,780
"202406","6","6001 - 7000",6,363,125
"202407","1","4001 - 5000",8,1199,138
"202504","1","3001 - 4000",4,2164,235
"202403","5","2001 - 3000",2,3,1
"202410","6","4001 - 5000",4,398,134
"202406","2",   0 - 1000,2,18,2
General,"4","7001 - 8000",2,60810,16169
"202411","1","7001 - 8000",6,823,100
"202407","5","5001 - 6000",7,4,2
General,"7","7001 - 8000",4,3,2
"202502","2","5001 - 6000",4,26,5
"202408","2","7001 - 8000",5,130,14
"202401","1","4001 - 5000",7,753,85
"202407","2","2001 - 3000",2,135,24
"202404","5","1001 - 2000",4,2,0
"202501","6",   0 - 1000,4,1,0
"202402","3","1001 - 2000",2,432,66
"202412","6","3001 - 4000",5,279,93
"202411","3","5001 - 6000",8,706,265
"202404","8","9001 - 10000",7,446,157
"202404","4",   0 - 1000,6,6,1
"202502","4","7001 - 8000",5,2419,824
"202411","7","7001 - 8000",1,1,1
"202401","3","2001 - 3000",3,904,204
"202412","4","7001 - 8000",2,4276,1386
General,"5","4001 - 5000",7,81,29
"202409","5","3001 - 4000",4,2,0
"202401","6","2001 - 3000",3,120,18
"202506","4","1001 - 2000",2,173,10
"202407","2","5001 - 6000",1,37,8
General,"4","3001 - 4000",8,14673,5093
"202502","4","6001 - 7000",6,389,150
"202410","1","2001 - 3000",6,5520,619
"202403","7","8001 - 9000",7,2,0
"202412","2","7001 - 8000",5,85,16
"202403","6","1001 - 2000",2,57,6
"202403","2","7001 - 8000",1,153,19
"202403","1",   0 - 1000,4,3088,310
"202407","4","4001 - 5000",4,1440,566
"202406","1","7001 - 8000",8,653,53
"202407","3","1001 - 2000",5,468,116
"202410","4","3001 - 4000",5,1083,467
"202403","5","5001 - 6000",1,3,0
"202412","6","2001 - 3000",8,123,42
"202504","6","7001 - 8000",2,2104,411
"202401","5","1001 - 2000",7,2,1
"202501","3","6001 - 7000",6,237,78
"202404","4","3001 - 4000",2,1293,254
"202412","8","7001 - 8000",2,1,0
"202404","6","4001 - 5000",5,553,143
"202408","2","1001 - 2000",5,205,32
"202403","3","5001 - 6000",7,527,154
"202405","4","3001 - 4000",2,1271,297
"202411","1","7001 - 8000",7,823,100
General,"6","4001 - 5000",5,7407,2350
"202402","4","1001 - 2000",6,332,91
"202408","3",   0 - 1000,4,10,1
"202404","7","9001 - 10000",1,167,10
"202408","7","9001 - 10000",6,164,47
"202410","1","5001 - 6000",5,726,73
"202409","3","6001 - 7000",4,260,84
"202408","2","4001 - 5000",4,83,18
"202410","3","6001 - 7000",3,368,138
"202412","2",   0 - 1000,5,5,3
"202505","3","5001 - 6000",2,687,211
"202402","8","10000 +",5,803,232
"202401","3","6001 - 7000",7,225,79
"202501","1","6001 - 7000",3,262,33
"202406","4",   0 - 1000,2,13,1
"202404","6","2001 - 3000",5,144,43
"202408","3","4001 - 5000",3,861,258
"202412","5","1001 - 2000",8,1,0
"202506","3","2001 - 3000",2,1099,177
"202404","6","1001 - 2000",1,52,0
"202501","1","6001 - 7000",6,262,33
General,"1","4001 - 5000",3,19969,2202
"202409","4","5001 - 6000",6,1075,428
"202501","1","1001 - 2000",6,6989,756
"202412","2","3001 - 4000",2,72,17
"202409","5","2001 - 3000",7,1,0
General,"5","5001 - 6000",7,35,14
"202403","4","5001 - 6000",6,1300,480
General,"8","10000 +",1,31685,1861
"202405","5","4001 - 5000",8,5,3
"202412","6","1001 - 2000",6,36,10
"202405","3","4001 - 5000",1,768,107
"202404","1","5001 - 6000",2,364,34
"202502","2","6001 - 7000",4,7,1
"202403","1",   0 - 1000,6,3088,310
"202403","6","7001 - 8000",1,3201,312
"202405","3","5001 - 6000",7,530,166
"202401","2","1001 - 2000",1,212,29
"202402","4","6001 - 7000",6,626,236
"202401","4","3001 - 4000",7,1076,331
"202401","1","1001 - 2000",6,6589,866
"202501","2","1001 - 2000",4,128,16
"202405","5","1001 - 2000",2,3,0
General,"4","7001 - 8000",5,51956,20202
"202406","6","2001 - 3000",1,124,3
"202409","2",   0 - 1000,2,15,4
"202406","3","1001 - 2000",7,406,89
"202404","3","7001 - 8000",8,715,178
General,"1","3001 - 4000",6,33646,4072
"202405","5","4001 - 5000",7,5,3
"202410","6","7001 - 8000",4,2749,1079
"202405","2",   0 - 1000,3,24,7
"202411","6","3001 - 4000",1,199,15
"202406","4","5001 - 6000",2,1194,306
"202506","2","6001 - 7000",1,5,0
"202403","8","8001 - 9000",2,16,5
"202408","6","4001 - 5000",1,526,39
"202409","7","8001 - 9000",7,1,0
General,"6","7001 - 8000",4,41891,14594
"202409","2","5001 - 6000",3,33,7
"202404","5","1001 - 2000",7,2,0
"202411","1","2001 - 3000",5,6000,858
"202401","5","3001 - 4000",6,6,1
"202405","5","7001 - 8000",8,9,3
"202405","4","5001 - 6000",8,1159,420
"202404","1","1001 - 2000",7,7380,797
"202410","5","6001 - 7000",1,2,0
"202405","2","7001 - 8000",2,126,19
"202405","7","9001 - 10000",4,183,39
"202411","5","4001 - 5000",4,5,1
"202502","2","2001 - 3000",5,92,17
"202408","5","5001 - 6000",8,5,1
"202402","8","8001 - 9000",2,14,1
"202410","1","7001 - 8000",8,740,62
"202505","4","7001 - 8000",3,2928,808
"202411","8","9001 - 10000",4,396,128
"202502","5","6001 - 7000",6,2,0
General,"3","6001 - 7000",5,4303,1561
"202409","6","1001 - 2000",7,36,8
"202406","4","5001 - 6000",5,1194,447
"202410","5","1001 - 2000",1,2,0
"202506","4","3001 - 4000",2,846,134
"202405","4","5001 - 6000",6,1159,420
"202406","5","2001 - 3000",8,6,2
"202406","4","5001 - 6000",4,1194,446
"202410","5","3001 - 4000",7,3,2
"202411","6","5001 - 6000",1,573,67
"202405","6","4001 - 5000",8,554,160
"202504","2","4001 - 5000",2,34,6
"202409","6","10000 +",8,1,0
"202403","1","3001 - 4000",6,2121,212
"202405","6",   0 - 1000,2,1,0
"202501","6","2001 - 3000",7,75,23
"202404","8","10000 +",8,1124,372
"202503","7","10000 +",2,373,46
"202411","4","4001 - 5000",7,1049,520
"202503","1",   0 - 1000,4,3470,334
"202505","8","7001 - 8000",3,3,0
"202407","1","4001 - 5000",1,1199,137
General,"4",   0 - 1000,3,95,19
"202502","3","4001 - 5000",4,860,229
"202412","1","6001 - 7000",7,251,52
"202405","3",   0 - 1000,8,13,2
"202409","1","1001 - 2000",6,6800,712
"202406","6","7001 - 8000",5,2900,985
"202507","1","2001 - 3000",1,4654,915
"202411","6","3001 - 4000",2,199,40
General,"5","1001 - 2000",4,19,3
"202407","5","2001 - 3000",5,3,2
"202410","7","10000 +",5,308,117
"202501","2","7001 - 8000",6,59,9
"202402","3","2001 - 3000",1,860,95
"202408","3","6001 - 7000",2,277,91
"202503","3","1001 - 2000",1,486,34
"202409","5","3001 - 4000",6,2,0
"202411","6","3001 - 4000",5,199,67
"202412","4","1001 - 2000",7,235,68
"202503","7","9001 - 10000",2,118,12
"202409","2","4001 - 5000",2,56,6
"202412","8","8001 - 9000",6,43,24
"202407","1","6001 - 7000",5,205,23
"202406","6","3001 - 4000",8,298,87
"202403","8","9001 - 10000",2,517,67
"202501","5","7001 - 8000",3,10,1
"202405","2","3001 - 4000",3,90,16
"202404","7","10000 +",6,145,40
"202405","1","1001 - 2000",4,8046,982
General,"5",   0 - 1000,4,1,0
"202406","3","2001 - 3000",2,910,168
"202404","7","10000 +",3,145,28
"202404","3","1001 - 2000",8,499,92
"202405","4","4001 - 5000",2,1344,304
"202405","1","4001 - 5000",8,1109,120
"202501","2","2001 - 3000",1,86,13
"202410","4","2001 - 3000",4,585,242
"202401","1","3001 - 4000",4,1952,249
"202405","4",   0 - 1000,4,7,0
"202406","6","1001 - 2000",8,50,18
"202504","3","6001 - 7000",3,276,101
"202407","1","5001 - 6000",5,532,64
"202408","4","5001 - 6000",7,1252,451
"202403","4","1001 - 2000",6,343,104
"202401","7","9001 - 10000",2,160,20
"202410","4","7001 - 8000",3,3497,1345
"202503","2","1001 - 2000",2,161,28
General,"2","1001 - 2000",1,3596,360
"202405","2","2001 - 3000",4,176,28
"202501","8","10000 +",6,1774,546
General,"4","6001 - 7000",2,11290,3439
"202405","2","3001 - 4000",1,90,8
"202408","8","10000 +",7,1525,537
"202410","5","5001 - 6000",2,1,0
"202401","4","6001 - 7000",7,633,265
"202409","5","5001 - 6000",6,3,1
"202412","1","3001 - 4000",1,2982,481
"202411","5","1001 - 2000",6,1,0
"202404","3",   0 - 1000,4,13,3
"202407","2","7001 - 8000",2,93,21
"202503","2","4001 - 5000",1,49,9
"202407","1","6001 - 7000",7,205,23
"202406","7","9001 - 10000",8,215,64
"202408","6","2001 - 3000",5,129,40
"202406","4","6001 - 7000",6,708,279
"202402","4","5001 - 6000",2,1097,343
"202405","2","4001 - 5000",5,68,9
"202504","2","3001 - 4000",3,51,9
General,"8","8001 - 9000",3,439,91
"202502","2","1001 - 2000",3,157,30
"202407","6","7001 - 8000",7,2846,1255
"202404","1","7001 - 8000",4,570,53
"202408","4","3001 - 4000",5,1384,459
"202406","3","7001 - 8000",7,746,221
"202401","1","3001 - 4000",3,1952,249
"202402","8","8001 - 9000",3,14,4
"202411","6","1001 - 2000",6,18,4
"202404","3","3001 - 4000",1,792,108
"202407","3","7001 - 8000",6,680,247
"202412","1","4001 - 5000",3,1493,230
"202407","1","1001 - 2000",7,8255,1070
"202408","2","4001 - 5000",3,83,18
"202402","1",   0 - 1000,4,2776,283
"202501","5","2001 - 3000",4,3,1
"202502","2","1001 - 2000",2,157,30
"202403","1","5001 - 6000",5,453,44
"202412","2","5001 - 6000",6,35,15
"202404","2","3001 - 4000",8,106,14
"202501","7","10000 +",7,325,103
"202401","1","3001 - 4000",7,1952,249
"202407","1","2001 - 3000",5,5477,704
"202409","1",   0 - 1000,6,2629,237
"202408","3","1001 - 2000",6,491,100
"202411","3","5001 - 6000",5,706,265
"202408","3","2001 - 3000",6,1021,246
"202501","3","4001 - 5000",7,823,253
"202409","6","7001 - 8000",5,2463,978
"202405","1","1001 - 2000",2,8046,982
"202501","3",   0 - 1000,1,14,1
"202412","6","5001 - 6000",8,615,232
"202408","2",   0 - 1000,7,12,1
"202401","5","7001 - 8000",7,10,3
"202410","7","10000 +",3,308,79
"202411","4","1001 - 2000",1,184,28
"202502","4","4001 - 5000",3,716,206
"202407","7","9001 - 10000",5,183,65
"202406","1","5001 - 6000",4,430,48
"202408","3","1001 - 2000",4,491,100
"202502","6","1001 - 2000",6,26,6
"202405","4","1001 - 2000",7,344,104
"202405","2",   0 - 1000,1,24,4
"202503","5","6001 - 7000",1,1,1
"202406","2","7001 - 8000",3,146,23
"202407","5","3001 - 4000",8,7,2
"202505","5","5001 - 6000",1,2,0
General,"2","5001 - 6000",3,557,115
"202401","2","3001 - 4000",2,105,19
General,"8","9001 - 10000",4,6284,1726
General,"6","2001 - 3000",4,1793,428
"202402","4","2001 - 3000",5,775,220
"202410","6","6001 - 7000",8,388,180
"202407","2","4001 - 5000",3,58,13
"202407","7","9001 - 10000",1,183,25
"202503","3","4001 - 5000",3,1169,279
"202412","2","6001 - 7000",8,12,4
"202404","5","5001 - 6000",3,1,1
"202405","2","7001 - 8000",4,126,19
"202411","6","5001 - 6000",2,573,141
"202405","4","7001 - 8000",5,3356,1289
"202502","5","2001 - 3000",1,1,0
"202412","5","4001 - 5000",7,7,4
"202505","1",   0 - 1000,2,3336,302
"202406","3","3001 - 4000",7,793,213
"202408","3","6001 - 7000",3,277,98
"202502","7","7001 - 8000",5,1,0
"202407","6","2001 - 3000",8,136,29
"202404","3","4001 - 5000",6,738,194
"202408","1","5001 - 6000",5,552,55
"202401","1",   0 - 1000,6,2807,352
"202404","2","5001 - 6000",5,48,13
"202402","6","3001 - 4000",4,264,56
General,"1","7001 - 8000",8,7772,798
"202401","4","2001 - 3000",5,810,234
"202408","1","1001 - 2000",1,8135,845
"202401","2","2001 - 3000",8,164,31
"202502","1","5001 - 6000",4,668,63
"202406","3","2001 - 3000",7,910,218
"202411","3",   0 - 1000,2,7,3
"202407","3","1001 - 2000",1,468,40
General,"7","3001 - 4000",1,2,0
General,"4","6001 - 7000",3,10866,4234
"202410","1","2001 - 3000",8,5520,619
"202406","5","5001 - 6000",3,6,2
"202408","2","2001 - 3000",3,160,34
"202411","1","3001 - 4000",5,2875,380
"202403","1",   0 - 1000,3,3088,310
"202411","5","3001 - 4000",2,1,0
"202401","8","9001 - 10000",3,497,102
"202404","6",   0 - 1000,8,1,1
"202402","8","10000 +",7,803,260
"202411","1","4001 - 5000",5,1436,199
"202501","5","2001 - 3000",2,3,1
"202503","4","5001 - 6000",5,932,360
"202406","4","5001 - 6000",3,1194,400
"202405","2",   0 - 1000,2,24,7
"202404","8","9001 - 10000",5,446,138
"202504","4","1001 - 2000",1,224,9
"202406","4","2001 - 3000",2,889,146
"202406","7","10000 +",6,168,45
"202403","6","3001 - 4000",7,326,98
"202412","1","6001 - 7000",4,251,52
"202502","4","2001 - 3000",6,434,132
"202402","1","4001 - 5000",6,935,105
"202403","7","10000 +",5,157,38
"202408","3","4001 - 5000",6,861,258
"202501","1",   0 - 1000,5,2844,275
"202411","3",   0 - 1000,7,7,3
"202403","4","2001 - 3000",2,939,163
"202410","4","7001 - 8000",2,3497,908
"202401","7","10000 +",3,42,6
"202506","2","2001 - 3000",2,80,26
"202401","6","7001 - 8000",7,2786,1001
"202403","5","2001 - 3000",1,3,0
"202501","4","1001 - 2000",3,193,32
"202402","2","3001 - 4000",5,110,20
"202501","8","9001 - 10000",1,280,18
"202412","5","2001 - 3000",2,4,1
"202405","1","7001 - 8000",3,599,65
"202502","4","1001 - 2000",6,162,43
"202404","6","3001 - 4000",2,285,34
"202502","3","7001 - 8000",3,1033,310
"202409","2","6001 - 7000",5,14,2
"202411","2","3001 - 4000",8,81,21
General,"6","2001 - 3000",7,1530,458
"202404","6",   0 - 1000,1,1,0
General,"3",   0 - 1000,5,181,44
"202403","5","1001 - 2000",8,1,0
"202412","3",   0 - 1000,5,11,4
"202402","2","2001 - 3000",6,166,32
"202501","7","10000 +",5,325,90
"202409","4","3001 - 4000",3,1114,339
"202403","1","4001 - 5000",3,979,92
"202405","4","1001 - 2000",1,344,28
"202504","5","5001 - 6000",1,2,0
"202501","3","1001 - 2000",5,418,83
"202405","6","3001 - 4000",5,271,69
"202405","8","8001 - 9000",2,14,2
"202501","2","7001 - 8000",7,59,9
"202503","1","7001 - 8000",5,905,77
"202504","5","3001 - 4000",4,2,0
"202412","5","5001 - 6000",3,1,1
"202401","5","3001 - 4000",3,6,1
"202408","2","2001 - 3000",8,160,34
"202409","6","10000 +",7,1,0
"202402","2","4001 - 5000",5,58,8
"202412","3","7001 - 8000",1,1298,257
"202501","3","6001 - 7000",7,237,78
"202404","3","7001 - 8000",7,715,178
"202501","6","2001 - 3000",2,75,11
"202401","5","2001 - 3000",4,1,1
"202406","3","6001 - 7000",5,225,70
"202407","3","4001 - 5000",5,823,246
"202412","3","4001 - 5000",4,1263,437
General,"4","5001 - 6000",6,15408,6076
"202410","6","9001 - 10000",7,1,1
"202501","2","6001 - 7000",5,10,2
"202405","3","2001 - 3000",7,945,232
"202406","3","7001 - 8000",5,746,221
"202502","3","7001 - 8000",2,1033,274
"202402","4","4001 - 5000",4,1152,400
"202412","4","6001 - 7000",5,715,332
"202405","5","2001 - 3000",6,1,0
"202410","1","5001 - 6000",4,726,73
General,"1",   0 - 1000,2,54125,5605
"202403","1","4001 - 5000",5,979,92
"202410","5","4001 - 5000",3,4,1
"202412","7","10000 +",6,455,122
"202501","3","5001 - 6000",4,514,152
"202410","3","3001 - 4000",3,990,308
"202503","3",   0 - 1000,5,18,2
"202402","6","4001 - 5000",1,520,32
"202409","1","7001 - 8000",6,636,63
General,"2","4001 - 5000",1,1089,129
"202412","2","4001 - 5000",2,52,14
"202406","1","7001 - 8000",2,653,53
"202503","6","3001 - 4000",2,214,31
"202409","7","10000 +",1,231,4
"202407","3","6001 - 7000",5,298,119
General,"3",   0 - 1000,1,247,22
"202412","3","5001 - 6000",5,790,320
General,"6","4001 - 5000",3,8339,1946
"202402","3",   0 - 1000,2,19,2
"202412","5","4001 - 5000",8,7,4
"202403","6","2001 - 3000",3,147,24
"202505","2",   0 - 1000,1,9,0
"202410","6","1001 - 2000",4,31,10
"202409","6","6001 - 7000",3,329,102
"202407","1",   0 - 1000,2,3073,346
"202406","2","5001 - 6000",7,38,4
"202409","2","5001 - 6000",7,33,7
General,"3","1001 - 2000",5,6692,1506
"202411","2","1001 - 2000",3,184,46
"202407","6","2001 - 3000",3,136,21
General,"4","6001 - 7000",4,10378,4379
"202407","7","7001 - 8000",8,1,1
"202503","1","6001 - 7000",1,252,18
"202503","3","5001 - 6000",5,752,236
"202408","7","8001 - 9000",3,2,2
"202408","3","3001 - 4000",5,877,235
"202501","1",   0 - 1000,2,2844,275
"202408","4",   0 - 1000,7,12,4
"202402","2","6001 - 7000",2,10,2
"202401","3","4001 - 5000",2,645,194
"202403","3","7001 - 8000",3,798,216
"202411","7","7001 - 8000",6,1,1
"202411","4","6001 - 7000",6,625,327
"202404","4","1001 - 2000",8,366,77
"202410","2","2001 - 3000",7,143,24
"202504","5","2001 - 3000",2,4,1
"202410","1","5001 - 6000",3,726,73
"202401","2","7001 - 8000",1,79,8
"202506","4","2001 - 3000",1,540,49
"202401","6","7001 - 8000",2,2786,560
"202403","5","3001 - 4000",2,3,1
"202407","2","3001 - 4000",7,124,28
"202402","5","2001 - 3000",1,2,0
"202412","1","7001 - 8000",2,909,138
"202405","8","10000 +",7,947,295
"202403","1","1001 - 2000",2,7542,884
"202405","1","2001 - 3000",2,5205,636
"202401","8","8001 - 9000",5,11,4
"202409","3","5001 - 6000",7,518,182
"202405","4","2001 - 3000",7,866,250
"202501","5","5001 - 6000",6,3,1
"202404","3",   0 - 1000,3,13,3
"202504","4","5001 - 6000",4,945,389
"202403","4","7001 - 8000",7,4264,1521
"202405","4","7001 - 8000",1,3356,416
"202409","1","2001 - 3000",8,4614,510
"202501","3","1001 - 2000",3,418,79
General,"7","8001 - 9000",8,13,4
"202502","4","4001 - 5000",5,716,231
"202408","5","7001 - 8000",8,10,3
"202404","2","5001 - 6000",1,48,7
"202501","2",   0 - 1000,7,12,1
"202410","5","7001 - 8000",8,14,7
"202409","3","4001 - 5000",1,768,115
"202408","8","9001 - 10000",4,490,136
"202408","4","3001 - 4000",3,1384,408
"202404","2","6001 - 7000",1,20,0
"202412","4","4001 - 5000",7,1322,577
"202406","8","8001 - 9000",3,14,2
"202502","4","2001 - 3000",4,434,131
"202408","1","4001 - 5000",2,1216,130
"202504","3",   0 - 1000,2,19,4
"202501","2","6001 - 7000",2,10,2
"202402","2","5001 - 6000",1,45,7
General,"8","10000 +",2,29271,3792
"202412","3",   0 - 1000,2,11,4
"202501","2","1001 - 2000",1,128,11
"202412","4","7001 - 8000",6,4276,1831
"202410","3","2001 - 3000",7,1019,296
"202407","7","7001 - 8000",5,1,1
"202506","5","4001 - 5000",1,3,1
"202408","4","2001 - 3000",6,946,276
General,"7","7001 - 8000",5,3,2
"202407","5","3001 - 4000",3,7,2
"202410","1","4001 - 5000",2,1367,150
General,"6","7001 - 8000",3,43982,12739
"202506","7","8001 - 9000",2,2,1
"202404","3","1001 - 2000",1,499,33
"202410","5","4001 - 5000",2,4,0
"202410","4","5001 - 6000",2,1142,322
"202407","3","7001 - 8000",3,680,247
"202404","4","2001 - 3000",5,971,288
"202506","4","5001 - 6000",2,790,147
"202401","3","4001 - 5000",1,645,106
"202412","3","1001 - 2000",5,433,130
"202409","7","8001 - 9000",5,1,0
"202502","3","1001 - 2000",1,443,40
"202412","7","8001 - 9000",8,1,0
"202406","2","4001 - 5000",8,64,12
"202408","6","5001 - 6000",6,685,266
"202407","6","3001 - 4000",8,298,99
"202405","7","9001 - 10000",6,183,50
"202408","6","4001 - 5000",8,526,202
"202410","1","4001 - 5000",3,1367,150
"202405","6",   0 - 1000,1,1,0
"202401","2","3001 - 4000",7,105,19
General,"4","2001 - 3000",6,10641,3294
"202506","4","5001 - 6000",1,790,83
"202407","2","6001 - 7000",4,14,2
"202507","4","3001 - 4000",1,949,46
"202404","2","2001 - 3000",4,175,32
General,"3","5001 - 6000",4,9161,3123
"202402","5","2001 - 3000",6,2,0
General,"4","3001 - 4000",2,19997,4457
"202402","5","5001 - 6000",3,1,0
"202403","5","4001 - 5000",6,7,2
"202403","4","3001 - 4000",1,1343,143
"202406","3","4001 - 5000",2,817,204
"202403","5","3001 - 4000",1,3,0
"202506","6","3001 - 4000",2,207,15
"202503","4","4001 - 5000",4,965,328
"202407","6","3001 - 4000",3,298,61
"202401","5","6001 - 7000",8,1,1
"202503","2","5001 - 6000",4,28,6
"202505","4","5001 - 6000",2,928,231
"202406","3","2001 - 3000",4,910,218
"202411","1","3001 - 4000",4,2875,380
"202505","8","8001 - 9000",1,50,2
"202503","4","6001 - 7000",3,493,180
"202405","2","7001 - 8000",3,126,19
General,"3",   0 - 1000,2,233,47
General,"3","1001 - 2000",6,6206,1402
"202402","4","6001 - 7000",2,626,180
"202401","7","10000 +",5,42,8
"202405","8","8001 - 9000",1,14,2
"202402","7","9001 - 10000",7,175,56
"202401","3","6001 - 7000",4,225,79
General,"5","1001 - 2000",2,20,1
"202403","3","5001 - 6000",6,527,154
"202408","3","4001 - 5000",7,861,258
General,"2","6001 - 7000",7,187,40
"202412","6","6001 - 7000",8,411,165
"202502","1","4001 - 5000",1,1304,134
"202401","4","3001 - 4000",6,1076,331
"202408","7","10000 +",8,216,69
"202503","4","7001 - 8000",2,3099,772
"202409","5","7001 - 8000",8,21,4
"202502","7","9001 - 10000",2,104,13
"202502","4","5001 - 6000",4,681,241
"202410","4","7001 - 8000",1,3497,410
"202406","1","7001 - 8000",5,653,53
"202503","5","3001 - 4000",2,1,0
"202401","3","4001 - 5000",4,645,217
"202402","4","7001 - 8000",7,3393,1199
"202403","6","6001 - 7000",6,456,183
"202410","4","6001 - 7000",8,723,345
"202408","2","7001 - 8000",2,130,14
"202402","3","5001 - 6000",7,436,151
"202507","3",   0 - 1000,1,14,0
"202402","2","3001 - 4000",3,110,20
"202504","3","5001 - 6000",4,575,193
"202402","5","3001 - 4000",1,7,1
"202410","2","2001 - 3000",1,143,12
General,"5","6001 - 7000",3,37,11
"202401","5","6001 - 7000",4,1,1
"202408","2","1001 - 2000",7,205,32
"202407","1","3001 - 4000",3,2507,324
"202502","5","3001 - 4000",5,2,1
"202503","2","1001 - 2000",3,161,29
"202506","3",   0 - 1000,2,16,1
"202408","1","4001 - 5000",8,1216,130
"202502","5","5001 - 6000",3,4,0
"202504","3",   0 - 1000,4,19,5
"202504","2","4001 - 5000",1,34,1
"202503","7","10000 +",1,373,19
"202402","4","1001 - 2000",4,332,90
"202401","6","5001 - 6000",1,535,61
"202408","6","1001 - 2000",4,38,9
"202404","7","9001 - 10000",8,167,47
"202411","1","1001 - 2000",2,7684,1069
"202501","7","9001 - 10000",4,124,23
"202401","3","2001 - 3000",6,904,205
General,"6","4001 - 5000",4,7858,2268
"202407","5","3001 - 4000",5,7,2
"202409","3","7001 - 8000",2,774,204
"202407","2","1001 - 2000",2,208,41
"202402","3","4001 - 5000",5,697,185
"202401","4","4001 - 5000",5,1192,417
"202405","4","7001 - 8000",4,3356,1284
"202505","7","9001 - 10000",2,110,14
"202501","7","10000 +",1,325,22
"202412","3","1001 - 2000",7,433,130
"202401","3","2001 - 3000",4,904,205
"202406","8","8001 - 9000",8,14,4
"202503","2","1001 - 2000",4,161,29
"202501","6","4001 - 5000",6,368,130
"202403","6","3001 - 4000",6,326,98
"202405","8","8001 - 9000",3,14,3
"202405","5","3001 - 4000",2,3,0
"202403","8","8001 - 9000",7,16,9
"202412","4","4001 - 5000",3,1322,525
"202406","2","3001 - 4000",5,92,14
"202503","3","5001 - 6000",2,752,212
General,"6","2001 - 3000",2,1988,253
"202411","2","5001 - 6000",7,25,6
"202412","3","4001 - 5000",5,1263,437
"202409","8","10000 +",5,1343,405
"202403","4","1001 - 2000",8,343,104
"202410","8","10000 +",5,1684,568
"202403","4","7001 - 8000",4,4264,1517
"202410","3",   0 - 1000,3,6,1
General,"3",   0 - 1000,7,155,40
"202502","8","10000 +",6,1687,508
"202506","8","10000 +",2,2429,148
"202506","2",   0 - 1000,1,7,1
"202401","8","8001 - 9000",2,11,0
"202504","1","5001 - 6000",3,458,46
"202402","3","6001 - 7000",8,233,73
"202405","6",   0 - 1000,6,1,1
"202408","3","1001 - 2000",7,491,100
"202403","5","6001 - 7000",3,1,0
"202409","3","4001 - 5000",4,768,232
"202503","4","4001 - 5000",1,965,89
"202412","1","6001 - 7000",3,251,52
"202407","1","6001 - 7000",3,205,23
"202407","6","7001 - 8000",8,2846,1255
"202406","2","3001 - 4000",2,92,12
"202502","1","3001 - 4000",3,2382,272
"202411","2","2001 - 3000",4,118,27
"202407","6","6001 - 7000",2,409,119
"202406","6","4001 - 5000",6,569,176
"202401","2",   0 - 1000,8,15,4
"202507","5","7001 - 8000",1,236,0
"202406","3","5001 - 6000",2,517,158
"202409","4","3001 - 4000",2,1114,256
"202405","1",   0 - 1000,7,3195,353
"202409","2","4001 - 5000",5,56,6
"202408","6","6001 - 7000",8,383,165
General,"5","5001 - 6000",5,39,14
"202409","2",   0 - 1000,4,15,4
"202401","2","5001 - 6000",3,22,1
"202402","6","5001 - 6000",4,512,158
"202501","6","3001 - 4000",6,203,65
"202412","1","5001 - 6000",5,709,117
"202409","6","6001 - 7000",8,329,129
General,"2","7001 - 8000",7,1407,262
"202410","8","9001 - 10000",8,320,146
"202403","2","6001 - 7000",7,13,3
"202409","5","6001 - 7000",4,3,0
"202406","1","6001 - 7000",7,181,23
"202502","4","4001 - 5000",1,716,77
"202505","6","3001 - 4000",1,232,12
"202402","4",   0 - 1000,2,9,1
"202406","3","3001 - 4000",6,793,213
"202401","5","4001 - 5000",1,4,0
"202505","2","2001 - 3000",1,85,12
"202402","1","3001 - 4000",6,1924,222
"202407","7","8001 - 9000",1,2,0
"202402","7","10000 +",6,74,22
"202403","1",   0 - 1000,2,3088,310
"202405","1",   0 - 1000,1,3195,340
"202404","2","3001 - 4000",2,106,14
"202410","3","6001 - 7000",4,368,138
"202501","7","8001 - 9000",3,2,1
"202505","2","3001 - 4000",3,54,12
"202503","3","5001 - 6000",4,752,236
General,"7","3001 - 4000",2,1,0
"202404","4","5001 - 6000",2,1184,310
"202503","4","1001 - 2000",2,189,30
"202410","2","6001 - 7000",3,17,5
"202405","4","2001 - 3000",1,866,70
General,"7","8001 - 9000",3,24,5
"202410","5","3001 - 4000",1,3,0
"202408","8","8001 - 9000",7,20,9
"202408","6","7001 - 8000",6,2725,1044
"202406","5","3001 - 4000",6,5,2
"202406","4","1001 - 2000",1,288,31
"202402","1","4001 - 5000",2,935,105
General,"6","10000 +",2,3,0
"202409","6","1001 - 2000",1,36,1
"202501","3","3001 - 4000",3,754,184
"202504","3","6001 - 7000",1,276,42
"202502","2","2001 - 3000",3,92,17
"202410","2","1001 - 2000",7,168,28
"202411","2","5001 - 6000",2,25,6
"202401","1","1001 - 2000",3,6589,866
"202503","1","1001 - 2000",5,7764,806
"202405","6","2001 - 3000",8,127,35
"202412","3","1001 - 2000",3,433,130
"202506","3","6001 - 7000",2,265,63
"202505","3","5001 - 6000",3,687,260
"202503","6","5001 - 6000",4,487,179
General,"3","2001 - 3000",1,20267,2092
"202403","5","4001 - 5000",4,7,2
"202401","1","6001 - 7000",5,125,15
"202407","8","9001 - 10000",1,446,76
"202406","5","6001 - 7000",1,3,0
"202405","5","5001 - 6000",3,2,1
"202407","6","3001 - 4000",5,298,93
"202404","3","7001 - 8000",3,715,178
"202406","2","6001 - 7000",2,19,4
"202402","2","6001 - 7000",7,10,2
"202403","7","8001 - 9000",4,2,0
"202411","6","6001 - 7000",5,412,170
"202501","6",   0 - 1000,7,1,0
"202407","6","2001 - 3000",1,136,6
"202412","1","5001 - 6000",2,709,117
"202411","5","3001 - 4000",7,1,1
"202405","8","9001 - 10000",1,391,31
"202412","4","6001 - 7000",2,715,259
General,"8","5001 - 6000",2,1,0
"202503","5","1001 - 2000",4,1,1
"202409","8","8001 - 9000",5,18,5
"202405","1","3001 - 4000",1,2297,287
"202403","3","3001 - 4000",6,838,235
"202505","5","7001 - 8000",2,13,3
"202406","3","1001 - 2000",2,406,62
"202405","8","10000 +",6,947,286
"202412","2","6001 - 7000",2,12,4
"202408","5","1001 - 2000",1,1,0
"202403","1","7001 - 8000",1,563,48
"202411","2","5001 - 6000",3,25,6
"202409","6","3001 - 4000",3,222,51
"202409","1","5001 - 6000",1,517,50
"202409","6","2001 - 3000",8,106,35
"202402","1","2001 - 3000",1,4309,509
General,"7","9001 - 10000",3,2642,508
"202410","3",   0 - 1000,1,6,1
"202502","4","5001 - 6000",3,681,228
"202409","4","7001 - 8000",3,3425,1200
"202410","8","10000 +",7,1684,838
"202408","1","2001 - 3000",4,5517,639
"202406","2","5001 - 6000",4,38,4
"202407","5","6001 - 7000",3,1,1
"202408","4",   0 - 1000,1,12,3
"202404","6","3001 - 4000",1,285,13
"202408","1","7001 - 8000",4,670,54
"202403","1","5001 - 6000",7,453,44
"202410","8","8001 - 9000",8,12,4
"202412","7","9001 - 10000",6,214,61
"202405","8","9001 - 10000",7,391,126
"202409","6","1001 - 2000",4,36,7
"202409","4","2001 - 3000",3,742,194
"202501","4","2001 - 3000",3,504,112
"202411","3","5001 - 6000",1,706,129
"202407","2",   0 - 1000,8,14,3
"202409","3","1001 - 2000",1,372,24
"202403","3",   0 - 1000,8,6,2
"202412","8","9001 - 10000",1,491,46
"202409","3","3001 - 4000",7,827,221
"202407","1","3001 - 4000",4,2507,324
"202401","4","4001 - 5000",7,1192,417
"202407","4","5001 - 6000",3,1261,486
"202406","6","7001 - 8000",2,2900,544
"202412","5","2001 - 3000",6,4,2
"202404","2","1001 - 2000",2,239,28
"202412","3","1001 - 2000",1,433,65
"202412","4","3001 - 4000",3,1213,392
"202506","5","6001 - 7000",2,2,0
"202506","1","5001 - 6000",2,524,83
"202406","2","3001 - 4000",8,92,14
"202408","1","5001 - 6000",8,552,55
"202409","6","7001 - 8000",7,2463,1000
"202505","3","2001 - 3000",1,1226,139
"202409","5","6001 - 7000",7,3,0
"202501","6","2001 - 3000",5,75,21
"202404","6","4001 - 5000",6,553,154
"202507","4","7001 - 8000",1,2953,161
"202407","7","10000 +",8,210,96
General,"5","7001 - 8000",7,157,52
"202411","3","1001 - 2000",2,432,102
"202409","2",   0 - 1000,3,15,4
"202411","2","4001 - 5000",4,41,11
General,"6","9001 - 10000",8,2,1
"202402","8","8001 - 9000",8,14,5
"202403","2",   0 - 1000,2,20,5
General,"5","4001 - 5000",6,87,31
"202406","4","6001 - 7000",2,708,193
General,"5","3001 - 4000",4,59,15
"202410","1","5001 - 6000",8,726,73
"202405","2","2001 - 3000",2,176,28
"202406","2",   0 - 1000,5,18,3
"202504","1","7001 - 8000",3,730,59
"202404","6",   0 - 1000,7,1,1
"202506","2","2001 - 3000",1,80,8
"202407","4","6001 - 7000",1,853,170
"202409","1","1001 - 2000",1,6800,674
"202502","7","9001 - 10000",3,104,21
"202411","1","2001 - 3000",1,6000,831
"202505","3","1001 - 2000",1,509,42
"202502","6","4001 - 5000",6,306,109
"202402","1","1001 - 2000",6,6725,814
"202406","1","3001 - 4000",8,2309,247
"202409","2","7001 - 8000",5,83,20
"202402","6","4001 - 5000",2,520,61
"202503","8","10000 +",4,2255,551
"202401","6","1001 - 2000",1,65,6
"202401","3","7001 - 8000",5,658,210
"202403","2","1001 - 2000",8,240,39
General,"3","2001 - 3000",2,19024,3916
"202402","6","3001 - 4000",6,264,65
"202504","8","9001 - 10000",4,272,59
"202411","1","5001 - 6000",6,742,109
"202502","1","2001 - 3000",1,4828,544
"202412","4","2001 - 3000",1,710,102
General,"5","4001 - 5000",4,97,33
"202406","2","4001 - 5000",7,64,12
"202505","3","3001 - 4000",3,997,347
General,"8","4001 - 5000",3,1,0
General,"1",   0 - 1000,6,41114,4223
"202401","3",   0 - 1000,2,21,5
"202409","4","3001 - 4000",7,1114,393
"202402","3","5001 - 6000",4,436,151
"202408","2","1001 - 2000",2,205,32
"202405","8","10000 +",8,947,306
"202402","4","1001 - 2000",2,332,59
"202407","1","2001 - 3000",2,5477,704
"202403","3","1001 - 2000",8,514,118
"202403","1","6001 - 7000",3,182,18
"202407","5","4001 - 5000",8,11,1
General,"3","3001 - 4000",1,16601,2063
"202412","7","8001 - 9000",2,1,0
"202403","1","6001 - 7000",2,182,18
General,"5","4001 - 5000",2,105,15
"202401","2",   0 - 1000,4,15,4
"202402","4","1001 - 2000",1,332,26
"202505","8","7001 - 8000",1,3,0
"202404","5","5001 - 6000",7,1,1
"202402","1",   0 - 1000,5,2776,283
"202411","7","7001 - 8000",4,1,1
"202409","3","4001 - 5000",7,768,232
"202404","6","6001 - 7000",4,417,147
"202411","5","1001 - 2000",5,1,0
"202403","2","6001 - 7000",8,13,3
"202502","1","6001 - 7000",4,267,27
"202502","4","2001 - 3000",3,434,115
"202503","4","2001 - 3000",1,543,63
"202406","1",   0 - 1000,1,2928,268
"202407","6","4001 - 5000",7,573,224
General,"2","4001 - 5000",7,808,155
"202403","4","2001 - 3000",8,939,252
"202502","8","8001 - 9000",4,23,9
"202405","6","4001 - 5000",5,554,150
"202411","1","5001 - 6000",7,742,109
"202403","4",   0 - 1000,5,4,0
"202505","2","5001 - 6000",1,19,1
"202407","1","4001 - 5000",7,1199,138
General,"7","10000 +",4,4019,1009
"202411","2","3001 - 4000",5,81,21
"202410","4","1001 - 2000",3,206,59
"202403","8","8001 - 9000",5,16,9
"202412","5","2001 - 3000",7,4,2
"202401","3","4001 - 5000",8,645,217
General,"2","2001 - 3000",3,2179,425
"202412","6","9001 - 10000",7,1,0
"202501","4",   0 - 1000,2,2,0
"202405","1","1001 - 2000",5,8046,982
"202503","5","4001 - 5000",5,4,2
"202401","4","6001 - 7000",2,633,207
"202412","1","2001 - 3000",3,5798,985
General,"1","3001 - 4000",2,43074,5261
"202407","2","5001 - 6000",7,37,10
"202501","3","7001 - 8000",3,906,262
"202403","6","5001 - 6000",4,629,199
"202409","2","4001 - 5000",8,56,6
"202501","1","5001 - 6000",3,668,93
"202502","1","1001 - 2000",3,7128,748
"202408","7","9001 - 10000",5,164,44
"202504","1","3001 - 4000",3,2164,235
"202504","6","3001 - 4000",4,242,53
"202402","3","5001 - 6000",6,436,151
"202407","4","4001 - 5000",8,1440,572
"202412","4","1001 - 2000",4,235,67
"202411","6","5001 - 6000",7,573,254
"202407","7","10000 +",1,210,39
"202412","1",   0 - 1000,8,2910,420
"202404","7","10000 +",4,145,35
"202501","3","3001 - 4000",6,754,185
"202406","8","9001 - 10000",5,465,110
"202505","5","4001 - 5000",3,5,0
"202504","4",   0 - 1000,4,4,1
"202404","2","4001 - 5000",7,67,14
"202501","6","7001 - 8000",3,1859,508
"202504","1","4001 - 5000",4,1103,109
"202407","2","4001 - 5000",8,58,13
"202407","4","2001 - 3000",6,916,299
"202404","4","6001 - 7000",7,689,279
General,"5","1001 - 2000",6,16,4
"202410","4","5001 - 6000",8,1142,521
"202409","1","2001 - 3000",3,4614,510
"202505","2","6001 - 7000",1,7,1
"202407","5","6001 - 7000",6,1,1
"202412","2","4001 - 5000",6,52,14
"202403","3","1001 - 2000",6,514,118
"202402","2","4001 - 5000",4,58,8
"202406","4","1001 - 2000",3,288,75
"202411","4","2001 - 3000",6,554,222
General,"8","5001 - 6000",5,1,0
"202412","8","9001 - 10000",2,491,98
"202401","4","2001 - 3000",1,810,83
"202502","3","6001 - 7000",5,296,107
"202501","1","2001 - 3000",4,4989,651
"202504","3","2001 - 3000",3,1206,335
"202403","2","4001 - 5000",2,70,9
"202411","3","2001 - 3000",6,1122,376
"202410","5","1001 - 2000",7,2,1
"202412","1","6001 - 7000",5,251,52
"202409","2","1001 - 2000",2,167,24
"202407","8","9001 - 10000",8,446,214
General,"1","5001 - 6000",6,7458,867
"202409","3",   0 - 1000,7,10,4
"202404","4","2001 - 3000",2,971,180
"202408","4",   0 - 1000,4,12,4
"202410","1","7001 - 8000",1,740,61
"202401","4","3001 - 4000",5,1076,331
General,"8","10000 +",5,22088,6833
"202404","4","1001 - 2000",5,366,77
"202405","6","1001 - 2000",5,43,13
"202404","8","10000 +",7,1124,369
"202409","5","3001 - 4000",3,2,0
"202403","4","6001 - 7000",4,774,308
"202409","6","2001 - 3000",3,106,19
"202405","1","4001 - 5000",5,1109,120
"202412","7","9001 - 10000",7,214,76
General,"7","9001 - 10000",6,2300,708
"202405","2","2001 - 3000",7,176,28
"202410","1","4001 - 5000",1,1367,149
"202411","5","2001 - 3000",3,7,3
"202408","4","1001 - 2000",1,338,39
"202506","5","1001 - 2000",1,1,0
"202401","6","3001 - 4000",2,282,39
General,"1","5001 - 6000",2,9521,1102
"202403","2","5001 - 6000",8,50,12
"202408","3","6001 - 7000",4,277,100
"202407","2","5001 - 6000",4,37,10
"202412","4","5001 - 6000",2,1234,406
"202403","2","5001 - 6000",5,50,12
"202403","5","6001 - 7000",5,1,0
"202412","4","6001 - 7000",6,715,332
"202410","3","4001 - 5000",8,842,273
"202503","5","3001 - 4000",4,1,0
"202409","2","6001 - 7000",3,14,2
"202407","5","2001 - 3000",8,3,2
"202409","3","5001 - 6000",6,518,182
"202404","6","4001 - 5000",8,553,154
"202404","4","5001 - 6000",7,1184,438
"202502","6","6001 - 7000",5,229,88
"202404","4",   0 - 1000,5,6,1
"202501","4","7001 - 8000",4,2437,830
"202406","3","6001 - 7000",4,225,70
"202410","3","3001 - 4000",2,990,250
"202404","1","1001 - 2000",8,7380,797
"202405","6","6001 - 7000",6,347,128
"202407","2","1001 - 2000",8,208,44
"202405","5","2001 - 3000",3,1,0
"202406","7","10000 +",1,168,6
"202504","6","2001 - 3000",3,95,16
"202401","3","6001 - 7000",8,225,79
"202405","2","1001 - 2000",8,211,37
"202411","6","1001 - 2000",7,18,4
"202412","4","1001 - 2000",6,235,68
"202503","1","7001 - 8000",3,905,77
"202402","2","7001 - 8000",6,125,37
"202412","4",   0 - 1000,5,3,1
"202410","5","2001 - 3000",2,3,0
"202412","6","10000 +",1,2,0
"202401","6","4001 - 5000",1,529,33
"202411","5","1001 - 2000",8,1,0
"202406","4","1001 - 2000",6,288,89
"202501","3","7001 - 8000",4,906,263
"202412","4","2001 - 3000",4,710,251
"202409","3","7001 - 8000",1,774,115
General,"5","1001 - 2000",8,16,4
"202502","7","10000 +",3,339,62
General,"4","6001 - 7000",8,8602,3702
"202411","3","3001 - 4000",7,1004,338
"202401","8","10000 +",7,525,190
"202409","4","3001 - 4000",8,1114,393
"202402","3","2001 - 3000",7,860,212
"202402","3","1001 - 2000",3,432,81
"202404","1","4001 - 5000",5,1018,106
"202406","6","3001 - 4000",3,298,55
"202406","6","3001 - 4000",2,298,37
"202401","3","3001 - 4000",7,691,204
"202401","4","5001 - 6000",2,1010,266
"202403","3","5001 - 6000",5,527,154
"202411","1",   0 - 1000,1,2870,270
"202402","1","2001 - 3000",2,4309,524
"202501","8","9001 - 10000",4,280,70
"202407","2","6001 - 7000",8,14,2
"202507","4","1001 - 2000",1,218,9
"202503","8","10000 +",5,2255,586
"202411","7","7001 - 8000",2,1,1
"202407","4",   0 - 1000,3,12,4
"202502","4","4001 - 5000",4,716,230
"202501","5","2001 - 3000",5,3,1
"202405","6","6001 - 7000",1,347,30
"202406","4",   0 - 1000,7,13,3
"202404","7","10000 +",1,145,6
"202404","6","7001 - 8000",8,2909,1062
"202409","2","4001 - 5000",1,56,4
"202410","4","4001 - 5000",8,1168,497
"202403","5","6001 - 7000",2,1,0
"202503","4","1001 - 2000",1,189,18
"202407","7","10000 +",5,210,91
"202402","3",   0 - 1000,8,19,3
"202411","2","6001 - 7000",6,10,3
"202401","1","7001 - 8000",5,452,40
"202405","2","5001 - 6000",6,41,3
"202407","6","6001 - 7000",3,409,155
"202403","3","2001 - 3000",8,1120,257
"202407","1","1001 - 2000",8,8255,1070
"202403","6","1001 - 2000",7,57,11
General,"2","6001 - 7000",3,215,47
General,"4","5001 - 6000",3,18213,6499
"202401","3","4001 - 5000",6,645,217
General,"7","10000 +",5,3569,1055
"202408","8","9001 - 10000",8,490,180
"202503","8","9001 - 10000",1,323,16
"202402","6","5001 - 6000",2,512,87
"202407","6","5001 - 6000",4,590,201
"202403","5","3001 - 4000",5,3,1
"202503","8","10000 +",1,2255,114
"202411","5","3001 - 4000",5,1,1
"202403","3","3001 - 4000",7,838,235
General,"2","7001 - 8000",1,1843,179
"202404","4","1001 - 2000",3,366,65
"202407","2","3001 - 4000",3,124,28
"202501","6","6001 - 7000",1,225,21
"202410","6","3001 - 4000",3,206,56
"202403","3","4001 - 5000",8,879,242
"202412","6","1001 - 2000",7,36,10
"202411","2","7001 - 8000",5,81,21
"202411","4","1001 - 2000",2,184,61
"202405","1","5001 - 6000",4,433,44
"202401","3","1001 - 2000",1,461,36
"202406","5","2001 - 3000",4,6,2
"202505","5","6001 - 7000",3,4,3
"202407","2","3001 - 4000",1,124,18
"202402","8","9001 - 10000",8,438,153
"202410","5","5001 - 6000",6,1,0
"202402","2","4001 - 5000",8,58,8
"202405","6","6001 - 7000",5,347,128
"202402","4","4001 - 5000",2,1152,306
"202408","3",   0 - 1000,8,10,1
"202410","4","6001 - 7000",1,723,101
"202408","4","1001 - 2000",2,338,64
"202504","1",   0 - 1000,1,3069,246
General,"1","1001 - 2000",8,89867,10855
"202404","8","8001 - 9000",6,15,5
"202412","6","4001 - 5000",8,566,208
"202409","4",   0 - 1000,4,2,1
"202505","1","7001 - 8000",3,774,79
"202507","4","4001 - 5000",1,1193,55
"202405","3","6001 - 7000",2,255,81
"202410","3","4001 - 5000",2,842,231
"202401","3","5001 - 6000",4,458,150
"202406","8","10000 +",1,1207,56
"202404","4","3001 - 4000",6,1293,391
"202403","5","4001 - 5000",5,7,2
"202502","8","8001 - 9000",3,23,5
"202408","4","2001 - 3000",4,946,274
"202502","3",   0 - 1000,4,8,2
"202402","4","3001 - 4000",1,1127,121
"202403","2","3001 - 4000",3,121,25
"202403","6","6001 - 7000",1,456,52
"202404","3","5001 - 6000",5,503,160
"202412","1","1001 - 2000",3,7782,1237
General,"2","3001 - 4000",2,1549,291
"202405","2","6001 - 7000",1,18,2
"202405","1","2001 - 3000",1,5205,606
"202404","1","2001 - 3000",2,4460,482
"202502","1","2001 - 3000",3,4828,566
"202408","3","6001 - 7000",7,277,100
"202410","5","3001 - 4000",3,3,1
"202411","3","5001 - 6000",4,706,265
"202401","4","7001 - 8000",2,3269,877
"202412","3","3001 - 4000",6,1064,356
General,"2","6001 - 7000",4,208,44
General,"6","7001 - 8000",8,33923,13267
"202401","5","6001 - 7000",3,1,1
"202406","8","8001 - 9000",5,14,2
"202502","2","7001 - 8000",3,69,13
"202401","6","2001 - 3000",5,120,22
"202503","3","4001 - 5000",5,1169,279
General,"4","5001 - 6000",5,16340,6436
General,"8","6001 - 7000",2,1,0
"202502","2","6001 - 7000",5,7,1
"202404","1","3001 - 4000",4,1986,203
"202405","3","2001 - 3000",5,945,232
"202402","4",   0 - 1000,6,9,1
General,"5","3001 - 4000",3,67,15
"202401","5","2001 - 3000",3,1,1
"202402","2","2001 - 3000",1,166,21
"202409","2","7001 - 8000",7,83,20
General,"8","10000 +",4,24303,6295
"202503","6","6001 - 7000",5,327,131
"202507","8","8001 - 9000",1,41,0
General,"2","6001 - 7000",6,194,41
"202401","4","5001 - 6000",8,1010,368
"202412","3","6001 - 7000",4,414,165
"202405","3","1001 - 2000",2,453,73
"202402","6","7001 - 8000",2,2924,570
"202410","2","6001 - 7000",4,17,5
General,"1","1001 - 2000",5,111748,13165
"202406","4","6001 - 7000",5,708,279
"202401","6","1001 - 2000",8,65,15
"202404","2","7001 - 8000",8,151,20
"202410","6","5001 - 6000",8,570,242
"202402","1","3001 - 4000",2,1924,222
"202403","4","5001 - 6000",5,1300,480
"202402","4","7001 - 8000",3,3393,1129
"202409","4","4001 - 5000",5,1206,480
"202503","7","8001 - 9000",2,2,0
"202405","3","2001 - 3000",6,945,232
"202403","1","7001 - 8000",3,563,48
General,"2","4001 - 5000",4,927,176
General,"4","7001 - 8000",7,46438,18201
"202407","5","2001 - 3000",7,3,2
"202410","8","9001 - 10000",3,320,69
"202408","5","5001 - 6000",2,5,0
"202502","2",   0 - 1000,2,9,1
"202502","6","4001 - 5000",1,306,31
"202402","4","2001 - 3000",7,775,220
"202402","6","4001 - 5000",7,520,150
"202410","5","7001 - 8000",7,14,7
"202502","7","9001 - 10000",4,104,26
"202404","6","6001 - 7000",1,417,36
"202411","5","6001 - 7000",6,3,2
"202410","2","5001 - 6000",2,37,4
"202401","5","1001 - 2000",5,2,1
"202412","3","5001 - 6000",7,790,320
General,"6","7001 - 8000",1,48158,4709
"202406","3","5001 - 6000",3,517,174
"202411","8","5001 - 6000",6,1,0
"202409","5","6001 - 7000",8,3,0
"202401","7","9001 - 10000",8,160,47
"202506","3","7001 - 8000",2,930,150
"202409","6","6001 - 7000",6,329,129
"202406","4","6001 - 7000",3,708,255
"202504","7","8001 - 9000",1,3,0
"202410","1","1001 - 2000",8,7414,758
"202403","7","10000 +",8,157,41
"202411","4","7001 - 8000",7,3678,1822
"202411","4","4001 - 5000",4,1049,518
"202407","7","10000 +",4,210,77
"202409","2","7001 - 8000",8,83,20
"202410","3","7001 - 8000",2,937,261
"202506","3","2001 - 3000",1,1099,103
"202401","2","1001 - 2000",4,212,45
"202402","7","9001 - 10000",8,175,56
"202411","2","3001 - 4000",7,81,21
"202402","4","2001 - 3000",8,775,220
"202405","4",   0 - 1000,7,7,0
"202410","5","1001 - 2000",5,2,1
"202409","1",   0 - 1000,4,2629,237
"202409","1","2001 - 3000",4,4614,510
"202410","2","7001 - 8000",5,96,23
"202408","5","4001 - 5000",5,6,2
"202409","2","4001 - 5000",7,56,6
General,"5","3001 - 4000",2,69,11
"202409","4","7001 - 8000",4,3425,1350
General,"6","1001 - 2000",7,563,143
"202405","2","5001 - 6000",8,41,3
"202410","3","5001 - 6000",5,687,229
"202407","4","2001 - 3000",2,916,200
General,"7","5001 - 6000",2,1,0
"202402","1","3001 - 4000",1,1924,212
"202408","6","2001 - 3000",4,129,37
"202404","2","5001 - 6000",6,48,13
"202504","5","6001 - 7000",1,1,0
"202503","3","7001 - 8000",2,1188,321
"202403","1","4001 - 5000",8,979,92
General,"7","7001 - 8000",1,4,1
"202402","8","8001 - 9000",6,14,5
"202403","5","4001 - 5000",7,7,2
"202407","6","3001 - 4000",7,298,99
"202402","2","3001 - 4000",2,110,20
"202506","2","7001 - 8000",2,73,12
"202401","5","2001 - 3000",7,1,1
"202404","2","2001 - 3000",6,175,32
"202507","6","1001 - 2000",1,29,1
"202406","6","2001 - 3000",8,124,36
"202411","1","7001 - 8000",5,823,100
"202401","3","5001 - 6000",2,458,129
"202501","8","8001 - 9000",4,22,8
"202504","8","9001 - 10000",2,272,39
"202501","1","2001 - 3000",7,4989,651
"202501","3","5001 - 6000",7,514,152
"202411","1","6001 - 7000",4,266,43
General,"5","6001 - 7000",2,39,9
"202410","7","9001 - 10000",3,141,34
"202408","2","1001 - 2000",1,205,17
"202502","1","4001 - 5000",4,1304,136
"202410","3",   0 - 1000,8,6,1
"202409","6","10000 +",3,1,0
"202404","3",   0 - 1000,7,13,3
"202406","7","10000 +",4,168,35
"202411","2","2001 - 3000",2,118,26
"202501","6","4001 - 5000",4,368,101
"202405","1","5001 - 6000",8,433,44
"202503","8","8001 - 9000",1,47,1
"202409","8","8001 - 9000",6,18,6
"202501","1","7001 - 8000",4,880,98
"202403","3","3001 - 4000",1,838,112
"202409","3","3001 - 4000",3,827,220
"202407","2","5001 - 6000",8,37,10
General,"5","5001 - 6000",2,46,10
General,"3","1001 - 2000",8,5345,1211
"202407","3","2001 - 3000",6,1016,285
"202407","8","9001 - 10000",7,446,214
"202405","3","1001 - 2000",4,453,92
"202401","3","1001 - 2000",4,461,96
"202407","1","5001 - 6000",2,532,64
"202405","1","5001 - 6000",7,433,44
"202504","4","4001 - 5000",4,1024,393
"202401","2","2001 - 3000",4,164,31
"202407","4","2001 - 3000",4,916,297
General,"5",   0 - 1000,2,1,0
"202404","1","2001 - 3000",5,4460,482
"202405","4","3001 - 4000",6,1271,464
"202401","2","1001 - 2000",2,212,44
"202406","6","3001 - 4000",4,298,70
"202502","5","5001 - 6000",1,4,0
"202505","5","3001 - 4000",2,8,2
"202405","6","7001 - 8000",8,2655,950
"202402","1","6001 - 7000",5,147,11
"202412","1","3001 - 4000",3,2982,490
"202505","6","7001 - 8000",2,2091,384
"202402","8","8001 - 9000",7,14,5
"202405","5","2001 - 3000",1,1,0
"202503","2","6001 - 7000",4,7,1
"202408","2","2001 - 3000",2,160,34
"202404","2","5001 - 6000",3,48,13
"202404","4","3001 - 4000",8,1293,391
"202403","4","6001 - 7000",5,774,309
"202404","6","5001 - 6000",7,633,230
"202401","4","2001 - 3000",7,810,234
"202412","1","5001 - 6000",8,709,117
"202407","1","6001 - 7000",4,205,23
"202411","1","3001 - 4000",6,2875,380
General,"8","7001 - 8000",6,3,1
"202412","6","9001 - 10000",6,1,0
"202402","3","5001 - 6000",5,436,151
"202408","3","6001 - 7000",6,277,100
"202410","6","6001 - 7000",5,388,173
General,"3","1001 - 2000",3,7754,1755
"202404","6","7001 - 8000",1,2909,247
"202408","7","9001 - 10000",1,164,10
"202403","6","6001 - 7000",8,456,183
"202410","5","4001 - 5000",1,4,0
"202501","2","3001 - 4000",5,71,7
"202403","5","5001 - 6000",7,3,3
"202502","3","3001 - 4000",4,768,214
"202502","2","5001 - 6000",1,26,2
"202406","5","4001 - 5000",3,8,1
"202401","6","1001 - 2000",3,65,10
"202411","5","2001 - 3000",2,7,2
"202412","3","5001 - 6000",4,790,320
"202502","2",   0 - 1000,1,9,1
"202412","6","7001 - 8000",1,2964,369
"202405","3","2001 - 3000",3,945,229
"202407","1","3001 - 4000",1,2507,320
"202409","1","2001 - 3000",7,4614,510
"202402","5","3001 - 4000",4,7,3
"202408","2","3001 - 4000",7,99,22
"202402","5","7001 - 8000",1,11,1
"202405","3","7001 - 8000",2,730,200
"202507","5","2001 - 3000",1,16,0
"202403","3","3001 - 4000",3,838,233
"202402","5","6001 - 7000",6,3,1
"202404","6",   0 - 1000,4,1,1
"202411","1","7001 - 8000",3,823,100
"202409","2","5001 - 6000",8,33,7
"202501","4","1001 - 2000",2,193,22
"202408","7","9001 - 10000",3,164,30
"202402","5","6001 - 7000",2,3,0
"202411","1","1001 - 2000",3,7684,1069
"202402","4","5001 - 6000",4,1097,436
"202408","4","5001 - 6000",3,1252,413
"202503","6","3001 - 4000",1,214,15
"202411","7","10000 +",4,386,121
General,"2","5001 - 6000",5,517,105
"202405","2","6001 - 7000",8,18,5
"202407","6","7001 - 8000",4,2846,1114
"202501","8","10000 +",2,1774,199
General,"5","2001 - 3000",1,64,4
"202412","1",   0 - 1000,2,2910,420
"202407","1","1001 - 2000",3,8255,1070
"202401","4","4001 - 5000",8,1192,417
"202410","1","6001 - 7000",4,286,36
"202407","3","7001 - 8000",2,680,223
"202403","8","10000 +",4,1107,274
"202406","8","8001 - 9000",4,14,2
"202505","4",   0 - 1000,2,1,0
"202501","2","3001 - 4000",2,71,7
"202402","2","7001 - 8000",4,125,37
"202402","3",   0 - 1000,7,19,3
"202406","3","2001 - 3000",6,910,218
"202505","1","1001 - 2000",3,7752,795
"202501","3","7001 - 8000",2,906,229
"202405","2","2001 - 3000",3,176,28
"202501","2",   0 - 1000,2,12,1
"202409","8","9001 - 10000",6,287,86
"202505","4","2001 - 3000",1,592,47
"202406","3","4001 - 5000",5,817,243
"202408","8","10000 +",1,1525,99
"202404","4","7001 - 8000",3,3681,1215
"202402","4","4001 - 5000",3,1152,373
"202404","1",   0 - 1000,6,3031,278
"202412","6","6001 - 7000",7,411,165
"202412","2","3001 - 4000",4,72,17
"202501","4","3001 - 4000",5,822,258
General,"1","2001 - 3000",1,94956,11763
"202506","5","1001 - 2000",2,1,0
"202408","4","2001 - 3000",5,946,276
"202408","5","2001 - 3000",4,3,1
"202410","4","7001 - 8000",8,3497,1467
"202401","6","3001 - 4000",6,282,79
"202401","1",   0 - 1000,4,2807,352
"202402","7","10000 +",1,74,5
"202410","3","4001 - 5000",4,842,273
"202412","2","4001 - 5000",1,52,8
"202403","2","7001 - 8000",6,153,28
"202403","1","5001 - 6000",1,453,44
"202402","6","7001 - 8000",8,2924,1067
"202403","4",   0 - 1000,4,4,0
"202403","3","4001 - 5000",5,879,242
"202412","7","8001 - 9000",7,1,0
"202502","6","7001 - 8000",5,1825,656
"202401","4","4001 - 5000",2,1192,314
"202408","5","4001 - 5000",1,6,0
"202502","5","6001 - 7000",4,2,0
"202507","5","6001 - 7000",1,36,0
"202410","3","3001 - 4000",7,990,314
"202404","1","7001 - 8000",7,570,53
"202401","6","3001 - 4000",5,282,77
"202405","5","2001 - 3000",5,1,0
"202403","1","6001 - 7000",5,182,18
"202401","4","1001 - 2000",1,336,32
"202412","1","1001 - 2000",1,7782,1197
"202406","4","3001 - 4000",1,1297,139
"202502","6","5001 - 6000",4,362,115
"202407","4","3001 - 4000",5,1430,518
"202408","3","1001 - 2000",2,491,79
"202403","6","5001 - 6000",1,629,63
"202408","2","4001 - 5000",5,83,18
"202506","6","4001 - 5000",1,453,33
"202405","1",   0 - 1000,4,3195,353
General,"7","10000 +",8,2532,851
"202406","1","1001 - 2000",8,7515,780
"202403","4","5001 - 6000",4,1300,479
"202403","6","6001 - 7000",5,456,179
"202405","1","2001 - 3000",3,5205,636
"202406","4","6001 - 7000",1,708,93
General,"2","3001 - 4000",5,1386,259
"202501","2","2001 - 3000",5,86,16
"202502","5","3001 - 4000",1,2,0
"202501","2","4001 - 5000",4,40,8
"202410","1","4001 - 5000",8,1367,150
"202406","5","3001 - 4000",5,5,2
"202411","5","4001 - 5000",6,5,1
"202501","3","4001 - 5000",3,823,251
"202401","1","3001 - 4000",1,1952,244
"202409","1","3001 - 4000",6,2394,265
"202407","4",   0 - 1000,1,12,2
"202501","4","2001 - 3000",1,504,47
"202410","8","10000 +",6,1684,806
"202406","5","2001 - 3000",6,6,2
General,"5","7001 - 8000",3,193,56
"202412","2","7001 - 8000",4,85,16
"202412","6","9001 - 10000",4,1,0
"202405","3","5001 - 6000",2,530,149
"202501","4","5001 - 6000",6,772,267
"202407","5","3001 - 4000",4,7,2
"202402","1","3001 - 4000",3,1924,222
"202408","3","3001 - 4000",6,877,235
General,"6","6001 - 7000",2,6187,1357
"202406","2","2001 - 3000",8,120,23
"202401","4","6001 - 7000",5,633,265
"202406","7","10000 +",8,168,46
General,"1",   0 - 1000,5,44584,4557
"202506","6","6001 - 7000",2,246,31
"202503","3","6001 - 7000",2,338,107
"202404","1","2001 - 3000",4,4460,482
"202412","3","4001 - 5000",8,1263,437
"202412","5","4001 - 5000",2,7,2
General,"7","8001 - 9000",5,18,6
"202403","6","5001 - 6000",5,629,211
"202409","1","5001 - 6000",4,517,50
"202408","2",   0 - 1000,8,12,1
"202503","1","1001 - 2000",4,7764,806
"202506","2","1001 - 2000",1,139,14
"202406","1","5001 - 6000",8,430,48
"202503","1","3001 - 4000",4,2601,297
"202408","1","5001 - 6000",1,552,55
"202404","3","2001 - 3000",8,1039,225
"202404","1","6001 - 7000",3,174,14
General,"3","2001 - 3000",3,17925,4657
"202412","2","1001 - 2000",1,183,26
"202408","5","7001 - 8000",1,10,1
"202404","3","2001 - 3000",7,1039,225
"202502","4","7001 - 8000",3,2419,769
"202505","4","4001 - 5000",1,1004,119
"202409","6","5001 - 6000",2,479,85
"202502","3","1001 - 2000",5,443,108
"202403","5","5001 - 6000",4,3,2
"202404","2",   0 - 1000,6,12,2
"202405","1","2001 - 3000",8,5205,636
"202411","6","2001 - 3000",7,83,27
"202408","2",   0 - 1000,2,12,1
"202410","1",   0 - 1000,2,2668,247
"202502","1","6001 - 7000",5,267,27
"202404","3","7001 - 8000",4,715,178
"202502","7","7001 - 8000",4,1,0
"202501","7","8001 - 9000",4,2,1
"202409","6","1001 - 2000",2,36,1
"202407","5","1001 - 2000",1,1,0
"202407","3","6001 - 7000",6,298,119
"202502","3","6001 - 7000",4,296,107
"202503","5","7001 - 8000",3,11,3
"202405","3","6001 - 7000",5,255,87
"202409","3","7001 - 8000",7,774,231
"202411","1","4001 - 5000",6,1436,199
"202409","3","5001 - 6000",2,518,152
"202501","6","3001 - 4000",3,203,46
"202504","3","7001 - 8000",4,1003,336
"202408","2","5001 - 6000",2,31,6
"202405","2","7001 - 8000",5,126,19
"202402","5","5001 - 6000",7,1,0
"202503","1","6001 - 7000",2,252,18
"202405","1","6001 - 7000",6,206,27
"202501","6","5001 - 6000",7,405,161
"202503","1",   0 - 1000,3,3470,334
General,"5","6001 - 7000",8,27,9
"202412","2","2001 - 3000",2,99,26
General,"6","6001 - 7000",3,5941,1843
"202407","5","4001 - 5000",4,11,1
"202411","1","2001 - 3000",2,6000,858
General,"1",   0 - 1000,4,47653,4818
"202502","1","6001 - 7000",2,267,27
"202412","4","3001 - 4000",2,1213,320
"202407","7","7001 - 8000",3,1,1
"202408","3","3001 - 4000",1,877,97
"202410","2","5001 - 6000",1,37,3
"202503","4","3001 - 4000",2,917,206
"202404","3","5001 - 6000",7,503,160
"202406","3","3001 - 4000",2,793,179
"202505","6","1001 - 2000",2,26,2
"202502","7","10000 +",2,339,41
"202403","1","2001 - 3000",8,4709,559
"202402","1","6001 - 7000",4,147,11
"202405","1","6001 - 7000",5,206,27
"202405","2","4001 - 5000",1,68,6
"202505","4","7001 - 8000",2,2928,639
"202407","4","5001 - 6000",1,1261,216
"202409","4","3001 - 4000",4,1114,389
"202403","5","6001 - 7000",7,1,0
"202404","3","7001 - 8000",5,715,178
"202407","1","1001 - 2000",6,8255,1070
"202406","5","3001 - 4000",3,5,1
"202501","1","6001 - 7000",7,262,33
"202407","4","7001 - 8000",8,3736,1597
General,"5","6001 - 7000",4,33,9
"202402","3","7001 - 8000",5,639,164
"202412","2","7001 - 8000",1,85,8
"202405","3","5001 - 6000",4,530,166
"202410","2","6001 - 7000",5,17,5
General,"1","6001 - 7000",5,3186,392
"202409","1","6001 - 7000",4,191,23
"202409","4","2001 - 3000",4,742,234
"202405","5","1001 - 2000",4,3,1
"202404","6",   0 - 1000,5,1,1
"202502","4","3001 - 4000",1,739,64
"202405","4","5001 - 6000",7,1159,420
"202402","3",   0 - 1000,1,19,0
"202504","6","5001 - 6000",4,487,129
"202412","3","7001 - 8000",6,1298,461
"202412","6","2001 - 3000",4,123,37
"202409","3",   0 - 1000,1,10,3
"202405","5","4001 - 5000",6,5,3
"202405","6","5001 - 6000",7,589,208
"202403","3","3001 - 4000",5,838,235
"202403","1","5001 - 6000",3,453,44
"202501","1","5001 - 6000",1,668,92
"202405","6","4001 - 5000",6,554,160
"202406","3","6001 - 7000",8,225,70
"202402","1","6001 - 7000",3,147,11
"202406","4","3001 - 4000",4,1297,431
"202405","4","4001 - 5000",1,1344,156
"202405","5","2001 - 3000",2,1,0
"202401","1","6001 - 7000",7,125,15
"202503","1",   0 - 1000,2,3470,334
"202406","3","5001 - 6000",8,517,174
General,"8","7001 - 8000",1,19,1
"202410","5","3001 - 4000",5,3,2
"202403","4","2001 - 3000",3,939,219
"202503","1","4001 - 5000",2,1333,124
"202501","4","1001 - 2000",5,193,45
"202409","1","3001 - 4000",1,2394,262
"202411","4","3001 - 4000",6,1042,435
"202412","3","4001 - 5000",3,1263,436
General,"8","9001 - 10000",1,7113,491
"202501","1","3001 - 4000",5,2448,299
"202403","8","10000 +",6,1107,354
General,"6","4001 - 5000",8,6290,2117
"202503","5","3001 - 4000",1,1,0
"202407","1","5001 - 6000",3,532,64
"202502","2","5001 - 6000",3,26,5
"202402","4",   0 - 1000,5,9,1
"202411","2","5001 - 6000",4,25,6
"202411","1","6001 - 7000",3,266,43
"202406","4",   0 - 1000,1,13,1
"202405","3","3001 - 4000",8,766,190
"202503","8","8001 - 9000",3,47,6
"202504","5","2001 - 3000",4,4,1
"202405","3","4001 - 5000",8,768,230
"202503","2",   0 - 1000,5,6,2
"202410","5","7001 - 8000",5,14,7
General,"4","5001 - 6000",8,13955,5568
"202401","3","5001 - 6000",3,458,150
"202411","5","3001 - 4000",1,1,0
"202406","5","1001 - 2000",7,1,0
"202401","1","7001 - 8000",7,452,40
"202504","5","6001 - 7000",2,1,0
"202403","1","5001 - 6000",2,453,44
"202410","6","5001 - 6000",6,570,242
"202503","8","8001 - 9000",2,47,3
"202405","3","1001 - 2000",6,453,92
"202402","4","6001 - 7000",5,626,236
"202402","4","5001 - 6000",1,1097,162
"202501","5","2001 - 3000",7,3,1
"202411","1",   0 - 1000,3,2870,284
"202404","2","4001 - 5000",4,67,14
"202404","5","3001 - 4000",8,7,1
"202505","4","2001 - 3000",2,592,94
"202401","4","6001 - 7000",1,633,111
"202501","7","10000 +",3,325,62
"202401","2","5001 - 6000",1,22,1
"202410","1","6001 - 7000",1,286,36
"202410","2","7001 - 8000",4,96,23
"202505","4","6001 - 7000",1,488,66
"202411","5","2001 - 3000",8,7,3
"202406","5","7001 - 8000",1,12,0
"202401","3","5001 - 6000",8,458,150
"202501","5","5001 - 6000",5,3,1
General,"2",   0 - 1000,7,172,38
"202411","5","6001 - 7000",2,3,1
"202405","2","1001 - 2000",6,211,37
"202402","5","6001 - 7000",4,3,1
"202503","1","5001 - 6000",4,546,59
"202502","3","6001 - 7000",3,296,107
"202411","6","2001 - 3000",8,83,27
"202406","7","10000 +",2,168,21
"202405","2","5001 - 6000",1,41,1
"202402","4","3001 - 4000",6,1127,351
"202412","3","1001 - 2000",8,433,130
"202406","2","7001 - 8000",7,146,23
General,"1","5001 - 6000",4,8462,972
"202402","7","10000 +",4,74,20
"202402","1","6001 - 7000",6,147,11
"202502","7","9001 - 10000",1,104,6
"202402","5","7001 - 8000",7,11,3
"202405","8","9001 - 10000",6,391,121
"202502","8","10000 +",4,1687,412
"202412","8","8001 - 9000",3,43,15
"202403","2",   0 - 1000,8,20,5
"202409","1","2001 - 3000",1,4614,491
"202409","5","4001 - 5000",1,5,0
"202409","8","8001 - 9000",1,18,0
"202406","5","2001 - 3000",2,6,2
"202504","1","7001 - 8000",1,730,59
"202502","1","1001 - 2000",1,7128,712
"202411","5","4001 - 5000",2,5,1
"202404","8","8001 - 9000",3,15,2
"202502","2","1001 - 2000",5,157,30
"202503","6","3001 - 4000",5,214,72
"202403","7","9001 - 10000",5,176,49
"202410","6","3001 - 4000",5,206,78
"202503","4","6001 - 7000",4,493,201
"202507","6","2001 - 3000",1,107,1
"202412","6","7001 - 8000",5,2964,1199
General,"3","2001 - 3000",7,13169,3383
"202503","2","2001 - 3000",3,88,16
"202505","8","6001 - 7000",3,1,0
"202412","3","5001 - 6000",3,790,320
"202406","5","4001 - 5000",1,8,1
"202506","2","1001 - 2000",2,139,45
"202506","5","7001 - 8000",1,11,1
"202502","4",   0 - 1000,6,3,1
"202403","1","6001 - 7000",6,182,18
"202411","4","5001 - 6000",1,1047,168
"202407","1",   0 - 1000,4,3073,346
"202409","2","6001 - 7000",6,14,2
"202407","7","8001 - 9000",6,2,0
"202502","2","2001 - 3000",6,92,17
"202411","8","10000 +",7,2139,751
General,"1","2001 - 3000",7,65747,8228
"202501","2","2001 - 3000",3,86,16
"202401","3","4001 - 5000",3,645,216
"202405","3","6001 - 7000",3,255,87
"202407","1","7001 - 8000",6,665,86
"202403","4","5001 - 6000",7,1300,480
"202504","1","3001 - 4000",1,2164,230
"202501","6","7001 - 8000",1,1859,162
"202408","2","3001 - 4000",1,99,16
"202506","6","5001 - 6000",1,432,44
"202410","6","2001 - 3000",4,88,27
"202503","3","6001 - 7000",3,338,114
"202410","2","1001 - 2000",2,168,27
"202501","4","5001 - 6000",5,772,267
"202408","4","6001 - 7000",6,856,354
"202504","2","5001 - 6000",4,21,6
"202403","7","10000 +",4,157,34
"202407","1","3001 - 4000",5,2507,324
"202402","2","5001 - 6000",5,45,9
"202403","1","1001 - 2000",6,7542,884
"202504","3","3001 - 4000",4,1011,303
"202403","8","10000 +",5,1107,323
"202403","3","5001 - 6000",2,527,138
"202401","2","5001 - 6000",5,22,1
"202406","3","7001 - 8000",1,746,103
"202503","5","4001 - 5000",2,4,1
"202408","8","8001 - 9000",5,20,6
"202502","2","1001 - 2000",6,157,30
General,"2","3001 - 4000",3,1491,280
"202502","2","3001 - 4000",4,59,8
"202407","1","3001 - 4000",7,2507,324
"202503","3","3001 - 4000",5,1170,343
"202408","2","6001 - 7000",2,15,3
"202410","2","3001 - 4000",4,95,18
"202409","1","7001 - 8000",4,636,63
"202409","8","9001 - 10000",8,287,91
"202401","8","9001 - 10000",7,497,167
"202406","4","1001 - 2000",4,288,86
"202401","5","1001 - 2000",8,2,1
"202408","1","6001 - 7000",8,191,29
"202410","4",   0 - 1000,1,1,0
"202402","6","4001 - 5000",4,520,128
"202412","1","2001 - 3000",5,5798,985
"202405","6","7001 - 8000",1,2655,216
"202401","5","5001 - 6000",8,1,0
"202405","3","7001 - 8000",5,730,223
"202412","3",   0 - 1000,3,11,4
General,"6","1001 - 2000",4,669,123
"202403","1","4001 - 5000",1,979,91
General,"3","4001 - 5000",8,10161,3110
"202412","4","3001 - 4000",7,1213,449
"202411","3","3001 - 4000",6,1004,338
"202409","1","5001 - 6000",2,517,50
"202403","4","7001 - 8000",2,4264,1083
"202503","4","2001 - 3000",2,543,97
"202404","1","7001 - 8000",8,570,53
"202412","5","1001 - 2000",2,1,0
"202410","6","6001 - 7000",7,388,180
"202406","4","4001 - 5000",1,1368,174
"202405","4","6001 - 7000",7,651,250
"202406","2","7001 - 8000",6,146,23
General,"3","1001 - 2000",7,5763,1294
"202502","2","4001 - 5000",2,36,3
"202411","2","1001 - 2000",2,184,45
"202405","1","1001 - 2000",8,8046,982
"202412","2","3001 - 4000",1,72,9
"202405","8","9001 - 10000",5,391,114
"202401","6","5001 - 6000",8,535,191
"202406","3",   0 - 1000,5,11,5
"202406","5","6001 - 7000",8,3,2
"202412","7","9001 - 10000",1,214,13
"202503","3",   0 - 1000,2,18,2
"202406","3","1001 - 2000",8,406,89
"202409","2","2001 - 3000",7,126,27
"202411","2","6001 - 7000",5,10,3
"202501","4",   0 - 1000,4,2,0
"202405","6","5001 - 6000",6,589,208
"202411","1",   0 - 1000,4,2870,284
"202507","4",   0 - 1000,1,4,0
"202402","3",   0 - 1000,4,19,3
"202502","5","7001 - 8000",2,6,1
"202503","1","4001 - 5000",3,1333,124
"202410","3","5001 - 6000",6,687,229
"202407","4","3001 - 4000",8,1430,518
"202412","1","4001 - 5000",7,1493,230
"202403","3","2001 - 3000",7,1120,257
"202410","3","2001 - 3000",1,1019,115
"202401","8","10000 +",5,525,177
"202407","2",   0 - 1000,3,14,3
"202401","1","6001 - 7000",8,125,15
"202407","2","2001 - 3000",5,135,24
General,"1","7001 - 8000",7,8652,896
"202406","6","7001 - 8000",4,2900,911
"202401","4","1001 - 2000",6,336,91
"202411","4","4001 - 5000",1,1049,183
"202407","5","3001 - 4000",7,7,2
General,"7","10000 +",3,4504,858
General,"1","1001 - 2000",1,140103,16589
"202411","5","5001 - 6000",5,4,1
"202501","1","3001 - 4000",4,2448,299
"202501","1","4001 - 5000",2,1338,151
"202506","5","4001 - 5000",2,3,1
"202505","2","1001 - 2000",1,167,12
"202410","6","7001 - 8000",8,2749,1186
"202410","4",   0 - 1000,7,1,0
"202506","3","1001 - 2000",2,477,56
"202412","3","2001 - 3000",4,1291,373
"202505","8","9001 - 10000",3,295,38
"202404","2",   0 - 1000,4,12,2
"202504","4","5001 - 6000",2,945,234
"202408","7","10000 +",7,216,69
"202401","2","6001 - 7000",7,15,4
"202411","2","4001 - 5000",7,41,11
"202406","3","6001 - 7000",7,225,70
"202410","2","2001 - 3000",8,143,24
"202406","5","3001 - 4000",2,5,0
"202505","1","6001 - 7000",3,203,21
"202401","6","5001 - 6000",7,535,191
"202409","6","7001 - 8000",3,2463,734
"202407","2","7001 - 8000",1,93,13
"202504","1","3001 - 4000",2,2164,235
"202505","5","5001 - 6000",3,2,1
"202405","3","3001 - 4000",1,766,80
"202501","8","9001 - 10000",5,280,79
"202409","1","2001 - 3000",6,4614,510
"202501","8","8001 - 9000",5,22,9
"202401","3","7001 - 8000",7,658,210
"202407","2","6001 - 7000",6,14,2
"202404","4","6001 - 7000",8,689,279
"202502","3","1001 - 2000",6,443,108
"202411","1","5001 - 6000",2,742,109
"202407","7","10000 +",2,210,55
"202404","3","1001 - 2000",2,499,68
"202505","6","4001 - 5000",3,481,102
"202403","3","5001 - 6000",3,527,154
"202401","6","6001 - 7000",3,308,86
"202411","6","7001 - 8000",1,2801,348
"202408","1","7001 - 8000",8,670,54
"202407","5","4001 - 5000",7,11,1
"202410","6","4001 - 5000",6,398,150
"202504","4","7001 - 8000",2,3085,714
"202505","2","6001 - 7000",3,7,3
"202412","4",   0 - 1000,6,3,1
"202412","1","6001 - 7000",1,251,52
"202412","6","9001 - 10000",5,1,0
"202411","2","3001 - 4000",1,81,13
"202411","2",   0 - 1000,5,8,3
"202502","6","3001 - 4000",3,137,21
"202410","2","6001 - 7000",1,17,3
"202406","8","10000 +",2,1207,138
"202504","3","5001 - 6000",3,575,191
"202409","8","8001 - 9000",7,18,6
General,"1","7001 - 8000",2,12616,1299
"202411","4","3001 - 4000",1,1042,141
"202401","3","1001 - 2000",5,461,96
"202408","4","1001 - 2000",6,338,100
"202503","4","2001 - 3000",3,543,124
"202407","2",   0 - 1000,6,14,3
"202409","2","6001 - 7000",7,14,2
"202402","2","4001 - 5000",6,58,8
"202411","2","2001 - 3000",8,118,27
General,"3","5001 - 6000",8,6755,2366
"202412","3","2001 - 3000",2,1291,322
"202409","5","6001 - 7000",5,3,0
"202408","5","6001 - 7000",8,4,1
"202401","4",   0 - 1000,1,10,1
"202407","4","7001 - 8000",5,3736,1597
"202504","5","2001 - 3000",1,4,0
"202411","2",   0 - 1000,6,8,3
"202410","8","10000 +",2,1684,224
"202406","3",   0 - 1000,8,11,5
"202501","4","4001 - 5000",6,827,284
"202405","1","6001 - 7000",1,206,27
"202503","5","7001 - 8000",2,11,3
"202405","7","10000 +",8,140,51
"202505","7","9001 - 10000",3,110,15
"202505","1","7001 - 8000",1,774,79
"202503","5","4001 - 5000",3,4,2
"202407","3","6001 - 7000",8,298,119
"202404","1","3001 - 4000",6,1986,203
"202406","4","2001 - 3000",8,889,254
"202408","4","1001 - 2000",7,338,100
"202402","3","4001 - 5000",7,697,185
"202404","8","9001 - 10000",2,446,63
"202501","5","3001 - 4000",5,4,1
"202406","8","10000 +",7,1207,376
"202411","3",   0 - 1000,8,7,3
"202506","8","9001 - 10000",1,285,21
"202401","1","5001 - 6000",1,333,40
"202405","1",   0 - 1000,5,3195,353
"202402","3",   0 - 1000,5,19,3
"202411","3","1001 - 2000",6,432,126
"202503","1","1001 - 2000",3,7764,806
"202409","2","3001 - 4000",3,95,13
"202402","8","10000 +",6,803,249
General,"6","9001 - 10000",3,2,1
"202408","3","1001 - 2000",1,491,42
"202502","3","6001 - 7000",1,296,55
"202410","3","6001 - 7000",2,368,115
"202402","1","5001 - 6000",5,331,33
"202411","6","6001 - 7000",8,412,173
"202506","7","10000 +",1,465,18
"202502","2","2001 - 3000",4,92,17
"202402","1","1001 - 2000",2,6725,814
"202401","6","2001 - 3000",2,120,10
"202401","4","2001 - 3000",3,810,213
"202402","6","7001 - 8000",6,2924,1067
"202404","5","2001 - 3000",6,4,2
"202409","2","1001 - 2000",5,167,25
"202505","4","6001 - 7000",2,488,136
"202501","1","7001 - 8000",3,880,98
"202412","3","2001 - 3000",1,1291,201
"202409","2","6001 - 7000",2,14,2
"202408","6","4001 - 5000",3,526,126
"202412","6","9001 - 10000",1,1,0
"202411","6","2001 - 3000",6,83,27
"202504","2","2001 - 3000",1,72,4
"202411","6","7001 - 8000",6,2801,1255
"202501","6",   0 - 1000,2,1,0
"202403","3","3001 - 4000",8,838,235
General,"1","6001 - 7000",7,2667,347
"202412","4","3001 - 4000",8,1213,449
"202407","4","3001 - 4000",4,1430,517
"202412","5","2001 - 3000",3,4,2
"202504","7","10000 +",2,450,45
General,"8","9001 - 10000",5,6012,1907
"202402","4","4001 - 5000",6,1152,400
"202408","1","4001 - 5000",7,1216,130
"202408","1","3001 - 4000",1,2538,296
"202410","2","2001 - 3000",4,143,24
"202507","7","3001 - 4000",1,1,0
"202405","3","5001 - 6000",3,530,166
"202409","3","1001 - 2000",6,372,71
"202401","5","5001 - 6000",1,1,0
"202505","5","6001 - 7000",2,4,3
"202401","2","7001 - 8000",8,79,11
"202501","8","8001 - 9000",7,22,10
"202406","5","7001 - 8000",6,12,4
"202409","5","3001 - 4000",2,2,0
"202505","6","5001 - 6000",2,521,120
"202405","4","3001 - 4000",4,1271,461
"202412","6","2001 - 3000",2,123,20
"202409","3","2001 - 3000",2,896,177
"202404","7","8001 - 9000",3,2,0
"202404","5","6001 - 7000",3,1,0
"202406","2","3001 - 4000",3,92,14
General,"3","7001 - 8000",8,9825,3089
"202409","3","7001 - 8000",3,774,230
"202402","4","1001 - 2000",7,332,91
"202404","5","7001 - 8000",5,13,5
General,"6","7001 - 8000",5,39787,14998
"202402","2",   0 - 1000,5,11,2
"202411","7","10000 +",3,386,96
"202504","8","8001 - 9000",3,52,7
"202501","2",   0 - 1000,6,12,1
"202501","8","10000 +",5,1774,507
General,"3","7001 - 8000",1,16685,2414
"202411","7","7001 - 8000",8,1,1
"202410","3","7001 - 8000",4,937,309
"202403","2","3001 - 4000",5,121,25
"202409","4",   0 - 1000,3,2,1
"202507","8","10000 +",1,2414,31
"202404","6",   0 - 1000,2,1,0
"202407","3","3001 - 4000",2,835,208
"202503","1","3001 - 4000",1,2601,290
"202406","6","6001 - 7000",5,363,120
General,"2","1001 - 2000",3,3185,567
"202401","3","1001 - 2000",8,461,96
"202406","1",   0 - 1000,3,2928,283
"202405","3","3001 - 4000",5,766,190
"202502","1","5001 - 6000",3,668,63
"202505","8","4001 - 5000",3,1,0
"202406","2","5001 - 6000",5,38,4
"202403","3","2001 - 3000",4,1120,257
"202406","4","7001 - 8000",5,3838,1434
"202502","1",   0 - 1000,4,2992,255
General,"7","7001 - 8000",2,3,2
General,"8","7001 - 8000",2,9,1
"202401","8","9001 - 10000",6,497,164
"202410","1","6001 - 7000",5,286,36
"202501","5","6001 - 7000",2,2,0
"202411","5","2001 - 3000",5,7,3
"202407","6","1001 - 2000",3,50,11
"202403","8","9001 - 10000",6,517,168
"202406","2",   0 - 1000,4,18,3
"202409","1",   0 - 1000,5,2629,237
"202409","4",   0 - 1000,8,2,1
"202410","1","3001 - 4000",4,2931,318
"202403","4","7001 - 8000",8,4264,1521
"202407","2","5001 - 6000",3,37,10
"202501","1","7001 - 8000",6,880,98
"202504","2","7001 - 8000",4,67,10
"202406","4","7001 - 8000",1,3838,468
"202406","6","4001 - 5000",5,569,169
"202505","8","8001 - 9000",3,50,5
"202412","4","5001 - 6000",4,1234,543
"202412","1","1001 - 2000",5,7782,1237
"202504","4","3001 - 4000",1,998,102
"202411","7","10000 +",1,386,25
"202504","5",   0 - 1000,2,1,0
"202412","8","8001 - 9000",8,43,25
"202501","1","4001 - 5000",1,1338,150
"202408","6","4001 - 5000",4,526,159
"202409","7","8001 - 9000",6,1,0
"202502","3","2001 - 3000",4,1041,277
"202406","6","7001 - 8000",8,2900,1023
"202402","1","1001 - 2000",4,6725,814
"202501","1","2001 - 3000",3,4989,651
"202401","4",   0 - 1000,5,10,3
"202404","2","2001 - 3000",7,175,32
"202401","5","2001 - 3000",6,1,1
"202406","1","1001 - 2000",5,7515,780
"202412","5","3001 - 4000",4,2,0
"202406","1","6001 - 7000",4,181,23
"202504","2","5001 - 6000",3,21,6
"202506","8","8001 - 9000",2,45,2
"202505","3","7001 - 8000",3,967,312
"202412","4","4001 - 5000",4,1322,574
"202404","4","3001 - 4000",4,1293,390
"202407","1","2001 - 3000",4,5477,704
"202501","7","9001 - 10000",1,124,4
"202407","7","8001 - 9000",8,2,0
"202412","7","9001 - 10000",3,214,40
General,"7","5001 - 6000",3,1,0
"202505","4","1001 - 2000",2,213,35
"202404","5","4001 - 5000",5,8,4
"202412","3","6001 - 7000",3,414,164
"202504","7","9001 - 10000",3,114,18
General,"1","6001 - 7000",1,3937,477
"202404","1","7001 - 8000",5,570,53
"202506","3","1001 - 2000",1,477,27
"202407","6","2001 - 3000",7,136,29
"202411","8","5001 - 6000",1,1,0
"202401","3","1001 - 2000",7,461,96
"202502","2","7001 - 8000",1,69,6
"202406","1","2001 - 3000",2,5013,511
"202407","7","7001 - 8000",1,1,0
"202403","1",   0 - 1000,8,3088,310
"202501","3",   0 - 1000,4,14,3
"202412","1","2001 - 3000",6,5798,985
"202504","5",   0 - 1000,1,1,0
"202412","6","6001 - 7000",2,411,101
"202411","4","7001 - 8000",3,3678,1739
"202411","7","10000 +",7,386,141
"202406","6","5001 - 6000",4,618,176
"202507","5","5001 - 6000",1,46,0
"202406","1",   0 - 1000,7,2928,283
General,"7","3001 - 4000",3,1,0
"202410","6","6001 - 7000",4,388,167
"202407","4","2001 - 3000",3,916,260
"202411","3","1001 - 2000",1,432,37
"202409","5","5001 - 6000",3,3,1
"202410","4","4001 - 5000",4,1168,496
"202502","6","5001 - 6000",1,362,31
"202412","1","1001 - 2000",2,7782,1237
"202504","1","2001 - 3000",4,4499,463
"202501","8","7001 - 8000",3,1,0
"202504","4","5001 - 6000",1,945,124
"202407","7","8001 - 9000",7,2,0
"202411","2","7001 - 8000",8,81,21
"202404","5","5001 - 6000",1,1,0
"202410","4","4001 - 5000",5,1168,497
"202405","1","3001 - 4000",2,2297,289
"202401","3","3001 - 4000",4,691,204
General,"2","7001 - 8000",5,1550,286
"202409","2","5001 - 6000",5,33,7
General,"6","10000 +",1,3,0
General,"1","4001 - 5000",5,17637,1978
"202408","7","9001 - 10000",2,164,20
"202404","6","4001 - 5000",2,553,66
"202405","5","3001 - 4000",3,3,0
"202410","1","3001 - 4000",2,2931,318
"202403","1","4001 - 5000",7,979,92
"202410","6","3001 - 4000",2,206,33
"202505","1","3001 - 4000",3,2494,268
"202506","3","5001 - 6000",2,615,132
"202410","4","5001 - 6000",4,1142,520
General,"6",   0 - 1000,2,3,0
"202412","5","6001 - 7000",4,4,0
"202408","5","2001 - 3000",6,3,2
"202411","2","6001 - 7000",4,10,3
"202504","5","1001 - 2000",4,2,0
"202505","5","7001 - 8000",1,13,1
"202401","1",   0 - 1000,2,2807,352
"202501","2","6001 - 7000",1,10,2
"202409","2","7001 - 8000",6,83,20
"202405","4","5001 - 6000",3,1159,370
"202412","2","2001 - 3000",6,99,26
"202402","1",   0 - 1000,1,2776,270
"202405","3","2001 - 3000",2,945,198
General,"1","2001 - 3000",3,85651,10406
"202407","6","2001 - 3000",6,136,29
"202502","3","4001 - 5000",5,860,229
"202501","4","2001 - 3000",4,504,129
"202407","6","1001 - 2000",8,50,17
"202505","1","5001 - 6000",3,535,47
"202412","1","2001 - 3000",1,5798,965
"202502","2","3001 - 4000",6,59,8
"202411","1","6001 - 7000",8,266,43
"202407","1","1001 - 2000",4,8255,1070
"202501","7","8001 - 9000",1,2,0
"202505","1","4001 - 5000",2,1229,115
"202407","2","3001 - 4000",8,124,28
"202504","1",   0 - 1000,4,3069,261
"202409","7","8001 - 9000",1,1,0
"202402","5","2001 - 3000",3,2,0
"202403","5","7001 - 8000",1,15,2
"202408","7","10000 +",3,216,44
"202409","2","1001 - 2000",3,167,25
"202507","3","5001 - 6000",1,498,42
"202404","1",   0 - 1000,3,3031,278
"202406","4","2001 - 3000",7,889,254
"202404","5","4001 - 5000",8,8,4
"202408","2","7001 - 8000",4,130,14
"202412","8","8001 - 9000",1,43,4
"202411","3","1001 - 2000",4,432,126
"202408","5","1001 - 2000",7,1,0
"202403","6","2001 - 3000",1,147,11
"202401","1","1001 - 2000",4,6589,866
"202407","2","6001 - 7000",3,14,2
"202410","6","5001 - 6000",3,570,176
General,"6","9001 - 10000",5,2,1
"202501","3","3001 - 4000",4,754,185
"202412","6","2001 - 3000",7,123,42
"202409","1",   0 - 1000,1,2629,224
"202407","8","8001 - 9000",6,23,11
"202409","6","3001 - 4000",5,222,71
"202401","3",   0 - 1000,8,21,5
"202502","8","10000 +",3,1687,322
"202402","7","10000 +",2,74,12
"202406","6","1001 - 2000",7,50,18
"202501","3","4001 - 5000",1,823,121
"202405","3","3001 - 4000",6,766,190
"202501","3","6001 - 7000",4,237,78
"202402","5","4001 - 5000",1,5,0
"202403","7","10000 +",7,157,41
"202401","1","7001 - 8000",1,452,40
"202411","3",   0 - 1000,5,7,3
"202409","4","6001 - 7000",4,749,333
General,"4",   0 - 1000,5,90,23
"202408","8","10000 +",3,1525,280
"202412","6","7001 - 8000",3,2964,960
"202405","7","9001 - 10000",5,183,48
"202409","1","1001 - 2000",8,6800,712
"202410","1","6001 - 7000",8,286,36
"202407","3","3001 - 4000",3,835,255
"202404","6","4001 - 5000",3,553,98
"202401","3","3001 - 4000",8,691,204
General,"1","5001 - 6000",3,8997,1019
"202403","4","4001 - 5000",7,1375,460
"202503","6","5001 - 6000",5,487,185
"202504","3","5001 - 6000",1,575,68
"202501","6","7001 - 8000",6,1859,701
"202412","8","8001 - 9000",2,43,12
"202403","4","3001 - 4000",6,1343,402
"202412","2","5001 - 6000",1,35,8
"202401","3","7001 - 8000",3,658,210
"202506","1","1001 - 2000",2,6867,1124
"202408","5","1001 - 2000",3,1,0
"202403","3","6001 - 7000",3,278,102
"202401","6","2001 - 3000",8,120,28
"202411","4","6001 - 7000",7,625,327
"202402","1","5001 - 6000",2,331,33
"202402","3","3001 - 4000",8,672,182
"202507","5","4001 - 5000",1,77,1
"202409","2","7001 - 8000",3,83,20
"202411","4","6001 - 7000",5,625,327
"202409","4","1001 - 2000",3,236,57
"202404","5","6001 - 7000",8,1,0
"202408","5","7001 - 8000",4,10,3
"202503","1","5001 - 6000",1,546,58
"202408","6","7001 - 8000",7,2725,1044
"202402","5","2001 - 3000",7,2,0
"202503","2",   0 - 1000,4,6,2
"202401","8","8001 - 9000",6,11,4
"202411","6","1001 - 2000",5,18,2
"202406","5","1001 - 2000",2,1,0
"202507","3","3001 - 4000",1,860,49
"202501","3","2001 - 3000",7,1026,241
"202409","4","5001 - 6000",4,1075,424
"202412","2","3001 - 4000",3,72,17
"202507","6","6001 - 7000",1,274,11
"202406","5","5001 - 6000",6,6,2
"202506","4","6001 - 7000",2,424,88
"202501","3","7001 - 8000",6,906,263
"202406","3","2001 - 3000",1,910,77
"202504","3","7001 - 8000",2,1003,242
"202402","2","2001 - 3000",7,166,32
"202402","2","6001 - 7000",8,10,2
"202407","3","5001 - 6000",1,518,108
"202503","4","3001 - 4000",3,917,265
"202405","6","2001 - 3000",4,127,30
"202403","2",   0 - 1000,4,20,5
"202411","6","3001 - 4000",6,199,71
"202407","8","8001 - 9000",8,23,12
"202410","4","6001 - 7000",5,723,345
"202504","4",   0 - 1000,1,4,0
"202403","2",   0 - 1000,1,20,3
"202502","1","2001 - 3000",5,4828,566
"202407","3","1001 - 2000",8,468,116
"202403","1",   0 - 1000,1,3088,288
"202502","3","5001 - 6000",3,565,176
"202402","4","6001 - 7000",1,626,102
"202409","3","3001 - 4000",4,827,221
"202507","3","1001 - 2000",1,509,17
"202410","5","5001 - 6000",4,1,0
"202404","4",   0 - 1000,2,6,0
"202410","3","1001 - 2000",3,384,98
General,"1","3001 - 4000",3,40905,4872
"202412","3",   0 - 1000,8,11,4
"202502","4","7001 - 8000",6,2419,824
"202504","1","6001 - 7000",3,180,13
"202401","2","4001 - 5000",1,75,12
"202406","2","2001 - 3000",4,120,23
"202403","8","8001 - 9000",4,16,6
"202406","6","1001 - 2000",3,50,12
"202507","8","9001 - 10000",1,249,9
"202410","5","6001 - 7000",2,2,1
"202403","4","1001 - 2000",7,343,104
"202411","3","5001 - 6000",2,706,241
"202405","4","4001 - 5000",3,1344,386
"202403","6","2001 - 3000",2,147,18
"202502","8","10000 +",2,1687,204
"202407","8","9001 - 10000",2,446,116
General,"4",   0 - 1000,6,90,23
"202412","1","1001 - 2000",4,7782,1237
"202406","4",   0 - 1000,3,13,1
"202503","3",   0 - 1000,1,18,1
"202407","5","2001 - 3000",6,3,2
"202406","2","4001 - 5000",4,64,12
"202406","4","3001 - 4000",3,1297,377
"202405","1","3001 - 4000",6,2297,289
"202410","6","2001 - 3000",7,88,34
"202401","5","6001 - 7000",6,1,1
"202404","4","4001 - 5000",1,1308,146
"202412","1","1001 - 2000",8,7782,1237
"202402","5","6001 - 7000",8,3,1
"202502","1","3001 - 4000",6,2382,272
"202402","2",   0 - 1000,1,11,1
"202403","2","5001 - 6000",2,50,12
"202405","7","9001 - 10000",7,183,52
"202504","2","1001 - 2000",1,161,21
"202401","4","3001 - 4000",1,1076,136
"202502","2","2001 - 3000",1,92,9
"202410","4","7001 - 8000",6,3497,1467
"202411","3","6001 - 7000",7,362,156
General,"6",   0 - 1000,7,3,2
"202404","5","7001 - 8000",6,13,5
"202407","3","2001 - 3000",5,1016,285
"202409","2",   0 - 1000,6,15,4
"202401","8","9001 - 10000",4,497,129
"202410","2","3001 - 4000",5,95,18
"202401","4","5001 - 6000",7,1010,368
"202402","1","6001 - 7000",1,147,10
"202501","4",   0 - 1000,1,2,0
"202403","6","2001 - 3000",5,147,40
General,"4","3001 - 4000",4,18149,6239
"202501","5","3001 - 4000",3,4,1
"202405","1","5001 - 6000",1,433,44
"202501","2","3001 - 4000",3,71,7
"202409","1","6001 - 7000",5,191,23
"202401","2","2001 - 3000",1,164,19
"202406","1","6001 - 7000",3,181,23
"202409","4","3001 - 4000",5,1114,393
"202408","6","7001 - 8000",4,2725,932
"202408","2","2001 - 3000",4,160,34
"202410","8","9001 - 10000",2,320,50
"202506","2","4001 - 5000",2,39,8
"202409","4",   0 - 1000,2,2,1
"202406","1","3001 - 4000",5,2309,247
"202404","1","2001 - 3000",8,4460,482
"202410","5","3001 - 4000",6,3,2
"202412","6","1001 - 2000",5,36,9
"202408","4","5001 - 6000",5,1252,451
"202502","3","3001 - 4000",1,768,91
"202402","5","3001 - 4000",2,7,2
"202506","4","6001 - 7000",1,424,49
General,"8","9001 - 10000",8,5184,1921
"202503","4","7001 - 8000",4,3099,1170
"202404","1","2001 - 3000",7,4460,482
"202503","1","2001 - 3000",2,5363,624
"202501","1","7001 - 8000",2,880,98
General,"3","3001 - 4000",7,10903,3159
"202501","4","6001 - 7000",6,397,136
General,"6","6001 - 7000",4,5645,2070
"202503","1","7001 - 8000",1,905,76
"202402","2","6001 - 7000",6,10,2
"202403","3","2001 - 3000",1,1120,112
"202405","3","4001 - 5000",5,768,230
"202408","8","9001 - 10000",5,490,157
"202504","6","4001 - 5000",2,451,76
"202406","8","8001 - 9000",2,14,1
"202501","4","1001 - 2000",7,193,45
"202407","6","3001 - 4000",2,298,46
"202405","5","6001 - 7000",5,1,0
"202403","3",   0 - 1000,7,6,2
"202501","1","2001 - 3000",2,4989,651
"202412","8","7001 - 8000",3,1,0
"202404","6","2001 - 3000",7,144,44
General,"7","8001 - 9000",7,15,5
"202407","6","5001 - 6000",3,590,177
"202408","1","2001 - 3000",8,5517,639
"202409","3","3001 - 4000",1,827,108
"202409","8","8001 - 9000",3,18,3
"202501","4","3001 - 4000",7,822,258
"202409","1","3001 - 4000",2,2394,265
"202411","3","1001 - 2000",3,432,125
"202406","8","9001 - 10000",2,465,48
General,"5","2001 - 3000",6,42,18
"202408","5","2001 - 3000",5,3,2
"202403","7","10000 +",3,157,25
"202407","4",   0 - 1000,7,12,5
"202405","1","7001 - 8000",6,599,65
"202411","2",   0 - 1000,4,8,3
"202504","5","1001 - 2000",3,2,0
"202404","7","10000 +",7,145,40
"202401","4","1001 - 2000",5,336,91
"202505","2","7001 - 8000",2,57,14
"202407","4","5001 - 6000",8,1261,524
"202505","2","1001 - 2000",2,167,29
"202406","1",   0 - 1000,4,2928,283
"202408","6","7001 - 8000",1,2725,257
"202407","7","8001 - 9000",2,2,0
"202410","2","3001 - 4000",3,95,18
"202403","3","6001 - 7000",1,278,49
"202412","2","6001 - 7000",6,12,4
"202406","6","2001 - 3000",5,124,32
"202412","6","1001 - 2000",4,36,8
"202402","4","2001 - 3000",4,775,220
"202409","1","4001 - 5000",6,1066,107
"202502","5","5001 - 6000",4,4,0
"202402","5","2001 - 3000",8,2,0
"202411","5","1001 - 2000",4,1,0
"202406","4",   0 - 1000,8,13,3
"202406","2","2001 - 3000",1,120,13
"202501","1","2001 - 3000",6,4989,651
"202403","6","5001 - 6000",2,629,121
"202404","1","2001 - 3000",3,4460,482
"202401","4","5001 - 6000",5,1010,368
"202407","2","2001 - 3000",1,135,14
"202408","1","1001 - 2000",7,8135,886
"202408","6","2001 - 3000",3,129,27
"202404","1","5001 - 6000",8,364,34
"202505","3","1001 - 2000",2,509,85
"202505","7","8001 - 9000",2,3,0
"202412","1","5001 - 6000",6,709,117
"202501","6","4001 - 5000",5,368,111
"202411","6","7001 - 8000",4,2801,1130
"202403","7","8001 - 9000",2,2,0
General,"6","4001 - 5000",6,6964,2356
"202409","6","10000 +",4,1,0
"202403","2","5001 - 6000",7,50,12
"202502","8","9001 - 10000",5,225,73
General,"6","3001 - 4000",1,4681,304
"202412","5","5001 - 6000",4,1,1
"202501","4","4001 - 5000",3,827,263
"202402","2","7001 - 8000",3,125,37
General,"2","2001 - 3000",8,1756,340
General,"6","9001 - 10000",1,2,0
"202412","7","10000 +",4,455,111
"202506","4",   0 - 1000,1,2,0
"202501","1","7001 - 8000",5,880,98
"202404","5","5001 - 6000",6,1,1
"202409","6","4001 - 5000",8,443,164
"202506","6","2001 - 3000",1,97,5
"202505","2","3001 - 4000",2,54,10
General,"6","7001 - 8000",6,37607,14677
"202502","2","3001 - 4000",5,59,8
General,"6","5001 - 6000",8,7028,2652
"202403","2","7001 - 8000",5,153,28
"202407","8","9001 - 10000",4,446,166
"202408","4","4001 - 5000",6,1428,511
"202407","3","1001 - 2000",6,468,116
"202403","4",   0 - 1000,3,4,0
"202410","6","9001 - 10000",5,1,1
"202408","5","7001 - 8000",7,10,3
"202405","1","5001 - 6000",3,433,44
"202409","5","7001 - 8000",6,21,4
"202501","1","7001 - 8000",7,880,98
"202405","3","4001 - 5000",6,768,230
"202410","1","3001 - 4000",3,2931,318
"202411","8","9001 - 10000",2,396,67
"202410","3","2001 - 3000",4,1019,296
"202408","3","1001 - 2000",8,491,100
"202409","8","9001 - 10000",2,287,34
General,"4","5001 - 6000",1,19881,2683
"202411","4","3001 - 4000",2,1042,321
"202404","1","7001 - 8000",3,570,53
"202404","6","1001 - 2000",6,52,9
"202407","6","3001 - 4000",4,298,79
"202503","1","3001 - 4000",2,2601,297
"202410","4",   0 - 1000,3,1,0
General,"8","8001 - 9000",8,245,110
"202409","2","6001 - 7000",8,14,2
"202402","3","7001 - 8000",1,639,84
"202505","8","10000 +",2,2539,314
"202502","3","5001 - 6000",2,565,153
"202401","5","4001 - 5000",5,4,1
"202411","2","7001 - 8000",7,81,21
"202407","1","6001 - 7000",8,205,23
"202503","3","7001 - 8000",1,1188,172
"202403","4","2001 - 3000",4,939,249
"202404","1","3001 - 4000",1,1986,203
"202403","2","6001 - 7000",4,13,3
General,"1",   0 - 1000,8,35278,3693
"202412","4","7001 - 8000",3,4276,1676
"202401","4","6001 - 7000",3,633,244
"202411","3","3001 - 4000",4,1004,338
"202409","6","7001 - 8000",8,2463,1000
"202406","2","2001 - 3000",7,120,23
"202403","4","4001 - 5000",2,1375,333
"202412","3","6001 - 7000",2,414,145
"202505","1",   0 - 1000,1,3336,282
"202502","8","9001 - 10000",4,225,61
"202403","4",   0 - 1000,6,4,0
General,"6","3001 - 4000",5,3763,1100
"202401","1","7001 - 8000",3,452,40
"202406","4","6001 - 7000",4,708,278
General,"4","4001 - 5000",8,15352,5838
"202501","8","8001 - 9000",2,22,4
"202503","4","6001 - 7000",2,493,138
"202502","6","7001 - 8000",1,1825,148
"202404","4","5001 - 6000",6,1184,438
"202404","6","7001 - 8000",4,2909,964
"202409","2","5001 - 6000",2,33,7
"202412","4","2001 - 3000",7,710,252
"202412","7","10000 +",5,455,119
"202406","3","7001 - 8000",4,746,221
General,"5","2001 - 3000",4,46,18
"202401","3","2001 - 3000",1,904,96
"202411","3","7001 - 8000",4,1064,387
"202402","3","3001 - 4000",1,672,78
"202412","1","5001 - 6000",1,709,114
General,"5","6001 - 7000",6,31,9
"202403","5","4001 - 5000",1,7,0
"202410","5","7001 - 8000",1,14,2
"202405","1","7001 - 8000",7,599,65
"202405","4","4001 - 5000",4,1344,447
"202410","1","2001 - 3000",3,5520,619
"202409","1","6001 - 7000",6,191,23
"202504","6","2001 - 3000",2,95,9
"202409","4","2001 - 3000",7,742,240
"202407","8","8001 - 9000",2,23,6
"202406","6","2001 - 3000",4,124,25
"202505","8","9001 - 10000",1,295,12
"202401","1","2001 - 3000",7,4136,550
"202410","3","1001 - 2000",2,384,75
"202412","4","2001 - 3000",8,710,252
"202408","3","2001 - 3000",5,1021,246
"202502","8","10000 +",1,1687,89
"202502","2","4001 - 5000",4,36,3
"202412","4","4001 - 5000",5,1322,577
"202410","6","9001 - 10000",8,1,1
"202504","2",   0 - 1000,1,9,0
"202403","5","2001 - 3000",8,3,1
"202410","6","1001 - 2000",1,31,2
"202412","4","7001 - 8000",8,4276,1831
"202410","8","9001 - 10000",7,320,144
"202403","2","2001 - 3000",1,174,22
"202406","6","4001 - 5000",7,569,176
"202411","6","5001 - 6000",5,573,241
"202404","3","4001 - 5000",4,738,194
"202405","1","1001 - 2000",1,8046,934
"202402","1","2001 - 3000",8,4309,524
"202407","4","6001 - 7000",4,853,390
"202412","2","1001 - 2000",8,183,40
"202404","7","8001 - 9000",1,2,0
"202401","6","1001 - 2000",6,65,15
"202502","4","3001 - 4000",4,739,216
"202502","2","7001 - 8000",6,69,13
"202410","4","6001 - 7000",6,723,345
"202502","5","3001 - 4000",3,2,1
"202405","5","5001 - 6000",1,2,1
"202401","6","5001 - 6000",6,535,191
"202504","4","1001 - 2000",4,224,69
"202501","7","8001 - 9000",6,2,1
"202410","4","3001 - 4000",2,1083,276
"202407","3","5001 - 6000",7,518,200
"202402","6","4001 - 5000",5,520,140
"202412","1","3001 - 4000",6,2982,490
General,"7","9001 - 10000",7,2196,712
"202412","6","4001 - 5000",5,566,197
"202410","4",   0 - 1000,8,1,0
"202412","4","4001 - 5000",8,1322,577
"202411","3","6001 - 7000",2,362,147
"202404","5","4001 - 5000",3,8,4
"202505","7","3001 - 4000",1,1,0
"202503","4","5001 - 6000",1,932,129
"202501","6","7001 - 8000",5,1859,647
"202412","2","1001 - 2000",4,183,40
"202410","1","7001 - 8000",2,740,62
"202401","1","4001 - 5000",1,753,85
"202402","3","5001 - 6000",8,436,151
"202408","1","6001 - 7000",4,191,29
"202505","6","1001 - 2000",3,26,4
"202502","6","4001 - 5000",5,306,100
"202404","5","3001 - 4000",4,7,1
"202407","2","4001 - 5000",5,58,13
"202401","2","3001 - 4000",5,105,19
"202402","3","1001 - 2000",7,432,82
"202401","7","10000 +",7,42,11
"202407","4","1001 - 2000",6,332,93
"202405","5","1001 - 2000",3,3,0
"202411","6","4001 - 5000",4,522,174
"202405","3","3001 - 4000",3,766,188
"202411","6","4001 - 5000",7,522,196
"202501","3","6001 - 7000",3,237,78
"202402","2","6001 - 7000",4,10,2
"202405","1","5001 - 6000",6,433,44
"202404","4","4001 - 5000",2,1308,320
"202406","3","6001 - 7000",3,225,70
"202407","5","2001 - 3000",4,3,2
"202401","2","6001 - 7000",4,15,4
"202407","8","10000 +",4,1323,467
"202401","5","7001 - 8000",4,10,3
"202402","2","3001 - 4000",8,110,20
"202408","6","3001 - 4000",6,279,88
"202501","3","5001 - 6000",6,514,152
"202404","4",   0 - 1000,8,6,1
"202412","8","9001 - 10000",7,491,192
"202507","7","9001 - 10000",1,105,1
"202501","1",   0 - 1000,3,2844,275
"202505","1","4001 - 5000",3,1229,115
"202401","8","9001 - 10000",5,497,153
"202501","5","6001 - 7000",3,2,0
"202507","2","2001 - 3000",1,194,7
"202404","5","3001 - 4000",6,7,1
"202409","4","4001 - 5000",4,1206,476
"202409","4","7001 - 8000",6,3425,1360
"202404","1","1001 - 2000",1,7380,751
"202506","5","6001 - 7000",1,2,0
"202407","2","3001 - 4000",5,124,28
"202405","2","2001 - 3000",5,176,28
"202412","6","5001 - 6000",4,615,208
"202411","3","3001 - 4000",1,1004,156
"202405","1",   0 - 1000,3,3195,353
"202506","5","3001 - 4000",1,2,0
"202502","4","1001 - 2000",4,162,43
"202502","3","2001 - 3000",3,1041,274
"202405","2","2001 - 3000",1,176,15
"202409","4","5001 - 6000",2,1075,278
"202504","4","6001 - 7000",2,497,137
"202506","4","4001 - 5000",2,913,147
"202403","4",   0 - 1000,1,4,0
"202405","1","3001 - 4000",7,2297,289
"202401","8","10000 +",6,525,186
"202404","6","6001 - 7000",3,417,120
"202410","5","1001 - 2000",2,2,1
"202411","6","2001 - 3000",4,83,25
"202402","6","7001 - 8000",1,2924,278
"202412","8","8001 - 9000",4,43,19
"202507","1","6001 - 7000",1,174,18
"202404","5","7001 - 8000",4,13,5
"202407","7","9001 - 10000",3,183,53
"202412","1","6001 - 7000",8,251,52
"202501","2","5001 - 6000",1,21,2
"202406","1","1001 - 2000",6,7515,780
"202409","2","5001 - 6000",4,33,7
"202406","1","2001 - 3000",5,5013,511
General,"3","7001 - 8000",4,13955,4342
"202410","3","5001 - 6000",8,687,229
"202404","7","8001 - 9000",8,2,0
"202401","1","4001 - 5000",4,753,85
"202408","5","7001 - 8000",2,10,2
"202407","1","6001 - 7000",2,205,23
"202410","7","9001 - 10000",5,141,63
"202408","2","3001 - 4000",3,99,22
"202502","7","10000 +",1,339,18
"202410","4","5001 - 6000",1,1142,166
"202411","2",   0 - 1000,1,8,2
"202503","2",   0 - 1000,1,6,1
"202411","6","6001 - 7000",3,412,140
"202502","6","5001 - 6000",5,362,132
"202409","5","7001 - 8000",3,21,4
"202412","2","4001 - 5000",5,52,14
"202412","7","8001 - 9000",3,1,0
"202503","3","2001 - 3000",5,1283,291
"202409","3",   0 - 1000,3,10,4
"202503","6","6001 - 7000",4,327,129
"202401","5","7001 - 8000",8,10,3
"202502","2","1001 - 2000",4,157,30
"202401","3","6001 - 7000",5,225,79
"202411","2",   0 - 1000,3,8,3
"202406","2","5001 - 6000",2,38,4
"202501","6","1001 - 2000",7,31,5
"202407","7","10000 +",7,210,96
"202501","2","2001 - 3000",6,86,16
"202402","2","1001 - 2000",7,191,32
"202405","4","7001 - 8000",6,3356,1289
"202507","7","5001 - 6000",1,1,0
"202502","2",   0 - 1000,5,9,1
"202410","3","1001 - 2000",6,384,99
General,"6","2001 - 3000",5,1698,464
"202501","6","1001 - 2000",4,31,4
"202406","3","5001 - 6000",1,517,86
"202410","5","7001 - 8000",3,14,7
"202501","3","3001 - 4000",1,754,83
"202410","1","4001 - 5000",5,1367,150
General,"3",   0 - 1000,3,217,54
"202412","2","7001 - 8000",7,85,16
"202402","3","6001 - 7000",3,233,73
"202411","8","7001 - 8000",6,1,1
"202410","3","2001 - 3000",8,1019,296
"202408","1","5001 - 6000",6,552,55
"202410","2","5001 - 6000",6,37,4
"202403","6","6001 - 7000",2,456,103
"202410","3","2001 - 3000",3,1019,291
"202503","7","10000 +",4,373,91
"202504","4","2001 - 3000",4,708,250
"202407","3","6001 - 7000",7,298,119
"202410","7","9001 - 10000",1,141,7
"202412","3","7001 - 8000",8,1298,461
"202409","2","5001 - 6000",1,33,6
"202406","3","5001 - 6000",4,517,174
General,"3","4001 - 5000",7,10984,3363
"202504","6","4001 - 5000",1,451,33
"202411","1","6001 - 7000",7,266,43
"202412","3","3001 - 4000",2,1064,310
General,"2","4001 - 5000",5,893,170
"202411","4",   0 - 1000,5,6,3
"202410","2",   0 - 1000,7,6,0
"202409","4","2001 - 3000",5,742,240
General,"5","6001 - 7000",1,75,6
General,"4","3001 - 4000",5,17151,5878
"202502","3",   0 - 1000,1,8,0
"202412","2","2001 - 3000",7,99,26
"202504","2","1001 - 2000",2,161,31
General,"7","9001 - 10000",8,2072,684
"202410","3",   0 - 1000,7,6,1
"202403","8","10000 +",7,1107,368
"202404","3","6001 - 7000",7,237,89
"202401","6","2001 - 3000",1,120,9
"202503","2","3001 - 4000",1,66,12
"202403","4","3001 - 4000",5,1343,402
"202406","6","6001 - 7000",4,363,117
"202412","1","7001 - 8000",5,909,138
"202403","3","1001 - 2000",1,514,39
"202401","4","7001 - 8000",6,3269,1143
"202502","2","6001 - 7000",2,7,1
"202410","3","1001 - 2000",1,384,38
"202502","1","2001 - 3000",4,4828,566
"202410","1","2001 - 3000",2,5520,619
"202501","5","7001 - 8000",1,10,1
"202507","1","5001 - 6000",1,463,49
"202405","1","7001 - 8000",2,599,65
"202406","6","1001 - 2000",1,50,4
"202403","1","5001 - 6000",6,453,44
"202502","5","4001 - 5000",4,6,2
General,"6","5001 - 6000",5,8282,3010
"202409","8","10000 +",2,1343,137
"202402","6","6001 - 7000",8,364,145
"202501","1","3001 - 4000",1,2448,298
"202507","4","6001 - 7000",1,451,39
"202506","4","1001 - 2000",1,173,7
"202406","4","2001 - 3000",4,889,252
"202410","4","1001 - 2000",5,206,73
"202404","2",   0 - 1000,5,12,2
"202409","4","3001 - 4000",6,1114,393
"202412","5","6001 - 7000",7,4,0
"202402","3","3001 - 4000",5,672,182
"202411","5","1001 - 2000",2,1,0
"202410","3",   0 - 1000,5,6,1
"202411","2","2001 - 3000",6,118,27
"202412","3","7001 - 8000",7,1298,461
"202405","2","7001 - 8000",7,126,19
"202412","6","3001 - 4000",7,279,96
"202401","5","3001 - 4000",4,6,1
"202401","5","3001 - 4000",1,6,1
"202402","5","4001 - 5000",6,5,2
"202409","6","7001 - 8000",2,2463,502
"202402","4","7001 - 8000",8,3393,1199
"202410","2","6001 - 7000",7,17,5
"202507","2",   0 - 1000,1,18,0
"202401","2","7001 - 8000",6,79,11
"202404","1","6001 - 7000",5,174,14
"202501","4","3001 - 4000",1,822,95
"202412","5","2001 - 3000",5,4,2
"202503","8","8001 - 9000",4,47,10
"202409","3","7001 - 8000",6,774,231
"202406","1","3001 - 4000",4,2309,247
"202405","8","10000 +",3,947,165
"202402","3","5001 - 6000",3,436,151
"202409","2","1001 - 2000",7,167,25
"202407","3","2001 - 3000",4,1016,285
"202412","7","10000 +",8,455,135
"202406","4",   0 - 1000,6,13,3
"202503","1","7001 - 8000",2,905,77
"202407","4","3001 - 4000",6,1430,518
"202505","1","5001 - 6000",1,535,46
General,"7","8001 - 9000",6,16,5
"202506","6","4001 - 5000",2,453,44
"202410","8","8001 - 9000",4,12,2
"202410","4","1001 - 2000",7,206,73
