Month: 202401
/Users/johan/Workspace/Matogen/Atlas/src/python/Oracle_SqlScript.py:141: UserWarning: The provided table name 'BSP_APPLICATION' is not found exactly as such in the database after writing the table, possibly due to case sensitivity issues. Consider using lower case table names.
  batch_df.to_sql(
history BSP_APPLICATION
Dates Received 2024-01-01 00:00:00 .. 2024-01-31 23:59:59
Execution time: 1864.3646891117096 seconds
   ApplicationId  AffordabilityId  ... IsCopyAppliation previous_application_date
0        2489761          2502384  ...             None   2023-12-22 13:30:16.293
1        2489797          2502420  ...             None   2024-01-25 12:51:41.523
2        2490345          2502968  ...             None   2024-01-25 12:57:23.587
3        2458832          2471455  ...             None   2023-11-27 06:23:55.717
4        2497004          2509627  ...             None   2024-01-08 10:36:53.003

[5 rows x 76 columns]
{'APPLICATIONID': NUMBER(precision=38, scale=0, asdecimal=False), 'AFFORDABILITYID': NUMBER(precision=38, scale=0, asdecimal=False), 'ACCOUNTNO': VARCHAR(length=20), 'NEXTOFKINID': VARCHAR(length=14), 'REASONID': NUMBER(precision=38, scale=0, asdecimal=False), 'ACCOUNTID': VARCHAR(length=19), 'CLIENTID': NUMBER(precision=38, scale=0, asdecimal=False), 'EMPLOYERID': VARCHAR(length=19), 'BANKDETAILID': NUMBER(precision=38, scale=0, asdecimal=False), 'RESIDENTIALADDRESSID': NUMBER(precision=38, scale=0, asdecimal=False), 'AMOUNT': VARCHAR(length=17), 'REPAYMENTAMOUNT': VARCHAR(length=18), 'TOTALEXPENSES': VARCHAR(length=13), 'TOTALINCOME': VARCHAR(length=13), 'SALARYTYPEID': VARCHAR(length=14), 'SALARYTYPENO': NUMBER(precision=38, scale=0, asdecimal=False), 'PERIOD': NUMBER(precision=38, scale=0, asdecimal=False), 'STEP': NUMBER(precision=38, scale=0, asdecimal=False), 'STATUS': NUMBER(precision=38, scale=0, asdecimal=False), 'SETTLEMENTID': VARCHAR(length=14), 'REPAYMENTDATE': DATE(), 'HASH': VARCHAR(length=74), 'CREATEDATE': DATE(), 'IP': VARCHAR(length=14), 'OTHERINCOME': VARCHAR(length=14), 'NEWSTATUSID': NUMBER(precision=38, scale=0, asdecimal=False), 'DOCUMENTID': VARCHAR(length=14), 'INCOMEID': VARCHAR(length=14), 'APPLICATIONCLIENTID': NUMBER(precision=38, scale=0, asdecimal=False), 'DISBURSEMENTID': NUMBER(precision=38, scale=0, asdecimal=False), 'QUOTATIONID': NUMBER(precision=38, scale=0, asdecimal=False), 'BRANCHID': NUMBER(precision=38, scale=0, asdecimal=False), 'AGENTCODE': VARCHAR(length=23), 'CREATEDBY': NUMBER(precision=38, scale=0, asdecimal=False), 'ROLLOVERACCOUNTID': NUMBER(precision=38, scale=0, asdecimal=False), 'PAYABLEAMOUNT': VARCHAR(length=17), 'DCQUOTATIONSTATUS': VARCHAR(length=14), 'DCAGREEMENTSTATUS': VARCHAR(length=14), 'DCAGREEMENTID': NUMBER(precision=38, scale=0, asdecimal=False), 'DCQUOTATIONID': NUMBER(precision=38, scale=0, asdecimal=False), 'DISBURSEMENTMODEID': NUMBER(precision=38, scale=0, asdecimal=False), 'DEBITORDERMODEID': NUMBER(precision=38, scale=0, asdecimal=False), 'COMPANYID': NUMBER(precision=38, scale=0, asdecimal=False), 'CHANNELCODE': NUMBER(precision=38, scale=0, asdecimal=False), 'CHANNELREFERENCENO': VARCHAR(length=14), 'REQUESTEDLOANAMOUNT': VARCHAR(length=16), 'PRODUCTID': NUMBER(precision=38, scale=0, asdecimal=False), 'CAMPAIGNCODE': VARCHAR(length=23), 'PROCESSBY': VARCHAR(length=20), 'REFERRALCODE': VARCHAR(length=16), 'ROLLOVERACCEPTANCEDATE': DATE(), 'CLIENTIPADDRESS': VARCHAR(length=25), 'SERVERIPADDRESS': VARCHAR(length=23), 'PARENTFLASHLOANACCOUNTID': NUMBER(precision=38, scale=0, asdecimal=False), 'BRANDID': NUMBER(precision=38, scale=0, asdecimal=False), 'COPYLOANACCOUNTID': NUMBER(precision=38, scale=0, asdecimal=False), 'ISLOANOREMI': VARCHAR(length=14), 'INSTALLMENTAFFORDABILITYPERMONTH': VARCHAR(length=19), 'CANCELREASONID': VARCHAR(length=14), 'SOURCE': VARCHAR(length=15), 'QUOTEAPPROVALBY': VARCHAR(length=14), 'ISGETOFFEROVERRIDE': VARCHAR(length=15), 'OVERRIDEOFFERREASONID': VARCHAR(length=13), 'OVERRIDEOFFERREASON': VARCHAR(length=14), 'AGGREGATELOAN': VARCHAR(length=15), 'AGGREGATELOANAMOUNT': VARCHAR(length=13), 'CLIENTCATEGORY': VARCHAR(length=14), 'NOOFDAYSSINCELASTLOANPAID': VARCHAR(length=13), 'CURRENTACTIVELOAN': VARCHAR(length=15), 'SOURCEAPPLICATIONID': VARCHAR(length=13), 'ISCOPYAPPLIATION': VARCHAR(length=15), 'PREVIOUS_APPLICATION_DATE': DATE()}
Write data to Oracle
Batch 1/4 written successfully.
Batch 2/4 written successfully.
Batch 3/4 written successfully.
Batch 4/4 written successfully.
All data written to Oracle DB BSP_APPLICATION successfully.
/Users/johan/Workspace/Matogen/Atlas/src/python/Oracle_SqlScript.py:141: UserWarning: The provided table name 'BSP_ACCOUNT' is not found exactly as such in the database after writing the table, possibly due to case sensitivity issues. Consider using lower case table names.
  batch_df.to_sql(
history BSP_ACCOUNT
Dates Received 2024-01-01 00:00:00 .. 2024-01-31 23:59:59
Execution time: 1115.2610387802124 seconds
   AccountId   AccountNo  ... assignedconsultantid         previous_loan_date
0    3407420  AOL3407420  ...                 None 2023-12-27 12:36:49.845137
1    3368734  AOL3368734  ...                 None 2023-11-27 06:40:34.750454
2    3416137  AOL3416137  ...                 None 2024-01-08 10:46:00.073559
3    3410444  AOL3410444  ...                 None 2024-01-26 07:54:15.729819
4    3414487  AOL3414487  ...                 None 2023-12-18 15:03:49.907439

[5 rows x 77 columns]
{'ACCOUNTID': NUMBER(precision=38, scale=0, asdecimal=False), 'ACCOUNTNO': VARCHAR(length=20), 'ACCOUNTTYPEID': VARCHAR(length=14), 'PERSONID': NUMBER(precision=38, scale=0, asdecimal=False), 'HOSTID': NUMBER(precision=38, scale=0, asdecimal=False), 'STATUSID': NUMBER(precision=38, scale=0, asdecimal=False), 'LOANAMOUNT': VARCHAR(length=17), 'TOTALTOPUPAMOUNT': VARCHAR(length=13), 'TOTALFEES': VARCHAR(length=17), 'CAPITALAMOUNT': VARCHAR(length=13), 'PAYOUTAMOUNT': VARCHAR(length=18), 'THIRDPARTYPAYOUTAMOUNT': VARCHAR(length=14), 'ACCOUNTBALANCE': VARCHAR(length=18), 'INTERESTRATE': VARCHAR(length=15), 'PERIOD': NUMBER(precision=38, scale=0, asdecimal=False), 'PERIODFREQUENCYID': NUMBER(precision=38, scale=0, asdecimal=False), 'INSTALMENTAMOUNT': VARCHAR(length=17), 'NUMOFINSTALMENTS': NUMBER(precision=38, scale=0, asdecimal=False), 'STATUSREASONID': VARCHAR(length=14), 'STATUSSUBREASONID': VARCHAR(length=14), 'NLRENQUIRYREFERENCENO': VARCHAR(length=14), 'NLRREGISTRATIONNO': VARCHAR(length=14), 'STATUSCHANGEDATE': DATE(), 'FIRSTINSTALMENTDATE': DATE(), 'OPENDATE': DATE(), 'CLOSEDATE': DATE(), 'CREATEDATE': DATE(), 'CREATEDBY': NUMBER(precision=38, scale=0, asdecimal=False), 'OPTIMISTICLOCKFIELD': NUMBER(precision=38, scale=0, asdecimal=False), 'GCRECORD': VARCHAR(length=14), 'NEWSTATUSID': NUMBER(precision=38, scale=0, asdecimal=False), 'BRANCHID': NUMBER(precision=38, scale=0, asdecimal=False), 'LOANTYPE': VARCHAR(length=11), 'PAIDDATE': DATE(), 'LOANSTATEREASONCODE': VARCHAR(length=11), 'DISCOUNTAMOUNT': VARCHAR(length=13), 'HANDOVERAMOUNT': VARCHAR(length=18), 'HANDOVERDATE': DATE(), 'HANDOVERDUEDATE': DATE(), 'HANDOVERSERVICEFEE': VARCHAR(length=13), 'EXCLUDEPHOLOANREASONCODE': VARCHAR(length=14), 'ROLLOVERACCOUNTID': NUMBER(precision=38, scale=0, asdecimal=False), 'LOANENDDATE': VARCHAR(length=20), 'REPAYMENTAMOUNT': VARCHAR(length=18), 'CLIENTID': NUMBER(precision=38, scale=0, asdecimal=False), 'VAP_CST': VARCHAR(length=15), 'FUN_CST': VARCHAR(length=16), 'VAT_VAP_CST': VARCHAR(length=16), 'DISBURSEMENTMODEID': NUMBER(precision=38, scale=0, asdecimal=False), 'DEBITORDERMODEID': NUMBER(precision=38, scale=0, asdecimal=False), 'PRODUCTID': NUMBER(precision=38, scale=0, asdecimal=False), 'COMPANYID': NUMBER(precision=38, scale=0, asdecimal=False), 'CONSULTANTAPPROVEBY': NUMBER(precision=38, scale=0, asdecimal=False), 'MANAGERAPPROVEBY': NUMBER(precision=38, scale=0, asdecimal=False), 'CONSULTANTAPPROVEDATE': DATE(), 'MANAGERAPPROVEDATE': DATE(), 'REWARDAMOUNT': VARCHAR(length=13), 'ISREFERRED': VARCHAR(length=15), 'REFERRALAMOUNT': VARCHAR(length=13), 'CLIENTIPADDRESS': VARCHAR(length=25), 'SERVERIPADDRESS': VARCHAR(length=23), 'IDLPSTATUS': VARCHAR(length=21), 'IDLDDATE': DATE(), 'PARENTFLASHLOANACCOUNTID': NUMBER(precision=38, scale=0, asdecimal=False), 'REPORATE': VARCHAR(length=14), 'REPORATEFACTOR': VARCHAR(length=13), 'REPORATEADJUSTMENT': VARCHAR(length=14), 'VAPCANCELID': NUMBER(precision=38, scale=0, asdecimal=False), 'VAPCANCELSTATUS': NUMBER(precision=38, scale=0, asdecimal=False), 'DAYSINARREARS': VARCHAR(length=15), 'NEWBRANCHID': VARCHAR(length=14), 'ASSIGNEDCONSULTANTID': VARCHAR(length=14), 'PREVIOUS_LOAN_DATE': DATE()}
Write data to Oracle
Batch 1/2 written successfully.
Batch 2/2 written successfully.
All data written to Oracle DB BSP_ACCOUNT successfully.
/Users/johan/Workspace/Matogen/Atlas/src/python/Oracle_SqlScript.py:141: UserWarning: The provided table name 'BSP_AFFORDABILITY' is not found exactly as such in the database after writing the table, possibly due to case sensitivity issues. Consider using lower case table names.
  batch_df.to_sql(
history BSP_AFFORDABILITY
Dates Received 2024-01-01 00:00:00 .. 2024-01-31 23:59:59
Execution time: 137.43760323524475 seconds
   AffordabilityId  OptionId  ...  CreditScoreFromCache  MockCreditScore
0          2462206         1  ...                 False            False
1          2459376         1  ...                 False            False
2          2459377         1  ...                 False            False
3          2459378         1  ...                 False            False
4          2459379         1  ...                 False            False

[5 rows x 60 columns]
{'AFFORDABILITYID': NUMBER(precision=38, scale=0, asdecimal=False), 'OPTIONID': NUMBER(precision=38, scale=0, asdecimal=False), 'APPLICATIONID': NUMBER(precision=38, scale=0, asdecimal=False), 'AMOUNT': VARCHAR(length=13), 'REPAYMENTAMOUNT': VARCHAR(length=13), 'TOTALFEES': VARCHAR(length=13), 'CAPITALAMOUNT': VARCHAR(length=13), 'INSTALMENT': VARCHAR(length=14), 'OPTIONTYPE': NUMBER(precision=38, scale=0, asdecimal=False), 'CREATEDATE': DATE(), 'ARREARS': VARCHAR(length=14), 'NEWSTATUSID': NUMBER(precision=38, scale=0, asdecimal=False), 'GROSSSALARY': VARCHAR(length=19), 'DEDUCTIONS': VARCHAR(length=19), 'NETSALARY': VARCHAR(length=19), 'AVERAGENETSALARY': VARCHAR(length=19), 'RENT': VARCHAR(length=17), 'WATER_LIGHTS': VARCHAR(length=17), 'TELEPHONE': VARCHAR(length=21), 'GROCERIERS': VARCHAR(length=20), 'MEDICAL': VARCHAR(length=16), 'INSURANCE': VARCHAR(length=21), 'PETROL_TRANSPORT': VARCHAR(length=17), 'SCHOOLFEES': VARCHAR(length=17), 'ENTERTAINMENT': VARCHAR(length=24), 'MAINTENANCE': VARCHAR(length=17), 'OTHER': VARCHAR(length=26), 'COMPANYLOANS': VARCHAR(length=18), 'BANKLOANS': VARCHAR(length=18), 'EMOLUORDERS': VARCHAR(length=17), 'STATEMENTDEBITS': VARCHAR(length=18), 'BANKCHARGES': VARCHAR(length=16), 'HIREPURCHASE': VARCHAR(length=17), 'OTHERMICROLOAN': VARCHAR(length=18), 'PREVIOUSMICROLOAN': VARCHAR(length=17), 'NLRSCORE': VARCHAR(length=15), 'ENQNO': VARCHAR(length=22), 'ENQDATE': DATE(), 'CPAINST': VARCHAR(length=18), 'NLRINST': VARCHAR(length=18), 'NETPM': VARCHAR(length=14), 'INSTALL_P_M': VARCHAR(length=27), 'LOANAMOUNT': VARCHAR(length=19), 'USERDEFINEDEXPENSES': VARCHAR(length=26), 'USERDEFINEDSALARY': VARCHAR(length=19), 'USERDEFINEDLIABILITY': VARCHAR(length=18), 'USERDEFINEDNLR': NUMBER(precision=38, scale=0, asdecimal=False), 'USERDEFINEDCPA': NUMBER(precision=38, scale=0, asdecimal=False), 'DISCRETION': VARCHAR(length=27), 'TOTALLIVINGEXPENSE': VARCHAR(length=26), 'RECOGNISEDLIVINGEXPENSE': VARCHAR(length=18), 'ACTUALLIVINGEXPENSE': VARCHAR(length=26), 'TOTALLIABILITY': VARCHAR(length=18), 'NLRCOMMENT': VARCHAR(length=2156), 'COMPANYID': NUMBER(precision=38, scale=0, asdecimal=False), 'CHANNELCODE': NUMBER(precision=38, scale=0, asdecimal=False)}
Write data to Oracle
Batch 1/4 written successfully.
Batch 2/4 written successfully.
Batch 3/4 written successfully.
Batch 4/4 written successfully.
All data written to Oracle DB BSP_AFFORDABILITY successfully.
/Users/johan/Workspace/Matogen/Atlas/src/python/Oracle_SqlScript.py:141: UserWarning: The provided table name 'BSP_CREDITSCORE' is not found exactly as such in the database after writing the table, possibly due to case sensitivity issues. Consider using lower case table names.
  batch_df.to_sql(
history BSP_CREDITSCORE
Dates Received 2024-01-01 00:00:00 .. 2024-01-31 23:59:59
Execution time: 21.240018844604492 seconds
   CreditScoreId  ApplicationId  ...  ServiceProvider  ReferenceNumber
0        2335812        2446379  ...        COMPUSCAN             None
1        2335813        2446367  ...        COMPUSCAN             None
2        2335814        2446373  ...        COMPUSCAN             None
3        2335815        2446370  ...        COMPUSCAN             None
4        2335816        2446384  ...        COMPUSCAN             None

[5 rows x 8 columns]
{'CREDITSCOREID': NUMBER(precision=38, scale=0, asdecimal=False), 'APPLICATIONID': NUMBER(precision=38, scale=0, asdecimal=False), 'NLRSCORE': NUMBER(precision=38, scale=0, asdecimal=False), 'APPLICATIONSCORE': NUMBER(precision=38, scale=0, asdecimal=False), 'BEHAVIOURSCORE': VARCHAR(length=14), 'RISKTYPE': VARCHAR(length=24), 'SERVICEPROVIDER': VARCHAR(length=19), 'REFERENCENUMBER': VARCHAR(length=14)}
Write data to Oracle
Batch 1/4 written successfully.
Batch 2/4 written successfully.
Batch 3/4 written successfully.
Batch 4/4 written successfully.
All data written to Oracle DB BSP_CREDITSCORE successfully.
/Users/johan/Workspace/Matogen/Atlas/src/python/Oracle_SqlScript.py:141: UserWarning: The provided table name 'BSP_CLIENT' is not found exactly as such in the database after writing the table, possibly due to case sensitivity issues. Consider using lower case table names.
  batch_df.to_sql(
history BSP_CLIENT
Dates Received 2024-01-01 00:00:00 .. 2024-01-31 23:59:59
Execution time: 7.985610008239746 seconds
   ClientId  UserId PersonId  ... IsDelinquent IsDebtReview DeliquencyReasonId
0    124958       0     None  ...        False        False               None
1    643778       0     None  ...        False        False               None
2    435209       0     None  ...         True        False               None
3    177621       0     None  ...         True        False               None
4    518365       0     None  ...         True        False               None

[5 rows x 26 columns]
{'CLIENTID': NUMBER(precision=38, scale=0, asdecimal=False), 'USERID': NUMBER(precision=38, scale=0, asdecimal=False), 'PERSONID': VARCHAR(length=14), 'TITLE': VARCHAR(length=14), 'FIRSTNAME': VARCHAR(length=33), 'SURNAME': VARCHAR(length=37), 'IDNUMBER': VARCHAR(length=23), 'DATEOFBIRTH': DATE(), 'GENDER': VARCHAR(length=11), 'MARITALSTATUSID': VARCHAR(length=13), 'MARITALAGREEMENT': VARCHAR(length=14), 'ETHNICITYID': VARCHAR(length=13), 'NEWSTATUSID': NUMBER(precision=38, scale=0, asdecimal=False), 'COUNTRYOFBIRTHID': VARCHAR(length=15), 'LANGUAGEID': VARCHAR(length=14), 'MODIFIEDBY': VARCHAR(length=14), 'MODIFIEDDATE': DATE(), 'BRANCHID': NUMBER(precision=38, scale=0, asdecimal=False), 'PROPERTYOWNERSHIPID': VARCHAR(length=13), 'COMPANYID': NUMBER(precision=38, scale=0, asdecimal=False), 'CHANNELCODE': NUMBER(precision=38, scale=0, asdecimal=False), 'DELIQUENCYREASONID': VARCHAR(length=14)}
Write data to Oracle
Batch 1/3 written successfully.
Batch 2/3 written successfully.
Batch 3/3 written successfully.
All data written to Oracle DB BSP_CLIENT successfully.
/Users/johan/Workspace/Matogen/Atlas/src/python/Oracle_SqlScript.py:141: UserWarning: The provided table name 'BSP_ADDRESS' is not found exactly as such in the database after writing the table, possibly due to case sensitivity issues. Consider using lower case table names.
  batch_df.to_sql(
history BSP_ADDRESS
Dates Received 2024-01-01 00:00:00 .. 2024-01-31 23:59:59
Execution time: 12.502267122268677 seconds
   AddressId  AddressTypeId ClientId  ... AddressLine4 PostalCode Province
0    6191470              2     None  ...         None        157    130.0
1    6191471              3     None  ...         None       None      NaN
2    6191474              2     None  ...         None       1911    148.0
3    6191475              3     None  ...         None       None      NaN
4    6191478              2     None  ...         None       7441    548.0

[5 rows x 9 columns]
{'ADDRESSID': NUMBER(precision=38, scale=0, asdecimal=False), 'ADDRESSTYPEID': NUMBER(precision=38, scale=0, asdecimal=False), 'CLIENTID': VARCHAR(length=14), 'ADDRESSLINE1': VARCHAR(length=110), 'ADDRESSLINE2': VARCHAR(length=90), 'ADDRESSLINE3': VARCHAR(length=40), 'ADDRESSLINE4': VARCHAR(length=40), 'POSTALCODE': VARCHAR(length=14), 'PROVINCE': VARCHAR(length=16)}
Write data to Oracle
Batch 1/7 written successfully.
Batch 2/7 written successfully.
Batch 3/7 written successfully.
Batch 4/7 written successfully.
Batch 5/7 written successfully.
Batch 6/7 written successfully.
Batch 7/7 written successfully.
All data written to Oracle DB BSP_ADDRESS successfully.
Month: 202402
/Users/johan/Workspace/Matogen/Atlas/src/python/Oracle_SqlScript.py:141: UserWarning: The provided table name 'BSP_APPLICATION' is not found exactly as such in the database after writing the table, possibly due to case sensitivity issues. Consider using lower case table names.
  batch_df.to_sql(
history BSP_APPLICATION
Dates Received 2024-02-01 00:00:00 .. 2024-02-29 23:59:59
Execution time: 33.10800385475159 seconds
   ApplicationId  AffordabilityId  ... IsCopyAppliation previous_application_date
0        2533373          2545996  ...             None                       NaT
1        2533679          2546302  ...             None   2023-12-01 06:10:50.167
2        2565166          2577788  ...             None   2024-01-25 14:02:07.243
3        2560332          2572954  ...             None   2024-01-27 06:35:25.310
4        2577556          2590178  ...             None   2023-11-30 07:40:39.990

[5 rows x 76 columns]
{'APPLICATIONID': NUMBER(precision=38, scale=0, asdecimal=False), 'AFFORDABILITYID': NUMBER(precision=38, scale=0, asdecimal=False), 'ACCOUNTNO': VARCHAR(length=20), 'NEXTOFKINID': VARCHAR(length=14), 'REASONID': NUMBER(precision=38, scale=0, asdecimal=False), 'ACCOUNTID': VARCHAR(length=19), 'CLIENTID': NUMBER(precision=38, scale=0, asdecimal=False), 'EMPLOYERID': NUMBER(precision=38, scale=0, asdecimal=False), 'BANKDETAILID': NUMBER(precision=38, scale=0, asdecimal=False), 'RESIDENTIALADDRESSID': NUMBER(precision=38, scale=0, asdecimal=False), 'AMOUNT': VARCHAR(length=17), 'REPAYMENTAMOUNT': VARCHAR(length=18), 'TOTALEXPENSES': VARCHAR(length=13), 'TOTALINCOME': VARCHAR(length=13), 'SALARYTYPEID': VARCHAR(length=14), 'SALARYTYPENO': NUMBER(precision=38, scale=0, asdecimal=False), 'PERIOD': NUMBER(precision=38, scale=0, asdecimal=False), 'STEP': NUMBER(precision=38, scale=0, asdecimal=False), 'STATUS': NUMBER(precision=38, scale=0, asdecimal=False), 'SETTLEMENTID': VARCHAR(length=14), 'REPAYMENTDATE': DATE(), 'HASH': VARCHAR(length=74), 'CREATEDATE': DATE(), 'IP': VARCHAR(length=14), 'OTHERINCOME': VARCHAR(length=14), 'NEWSTATUSID': NUMBER(precision=38, scale=0, asdecimal=False), 'DOCUMENTID': VARCHAR(length=14), 'INCOMEID': VARCHAR(length=14), 'APPLICATIONCLIENTID': NUMBER(precision=38, scale=0, asdecimal=False), 'DISBURSEMENTID': NUMBER(precision=38, scale=0, asdecimal=False), 'QUOTATIONID': NUMBER(precision=38, scale=0, asdecimal=False), 'BRANCHID': NUMBER(precision=38, scale=0, asdecimal=False), 'AGENTCODE': VARCHAR(length=23), 'CREATEDBY': NUMBER(precision=38, scale=0, asdecimal=False), 'ROLLOVERACCOUNTID': NUMBER(precision=38, scale=0, asdecimal=False), 'PAYABLEAMOUNT': VARCHAR(length=17), 'DCQUOTATIONSTATUS': VARCHAR(length=14), 'DCAGREEMENTSTATUS': VARCHAR(length=14), 'DCAGREEMENTID': NUMBER(precision=38, scale=0, asdecimal=False), 'DCQUOTATIONID': NUMBER(precision=38, scale=0, asdecimal=False), 'DISBURSEMENTMODEID': NUMBER(precision=38, scale=0, asdecimal=False), 'DEBITORDERMODEID': NUMBER(precision=38, scale=0, asdecimal=False), 'COMPANYID': NUMBER(precision=38, scale=0, asdecimal=False), 'CHANNELCODE': NUMBER(precision=38, scale=0, asdecimal=False), 'CHANNELREFERENCENO': VARCHAR(length=14), 'REQUESTEDLOANAMOUNT': VARCHAR(length=16), 'PRODUCTID': NUMBER(precision=38, scale=0, asdecimal=False), 'CAMPAIGNCODE': VARCHAR(length=23), 'PROCESSBY': VARCHAR(length=20), 'REFERRALCODE': VARCHAR(length=16), 'ROLLOVERACCEPTANCEDATE': DATE(), 'CLIENTIPADDRESS': VARCHAR(length=25), 'SERVERIPADDRESS': VARCHAR(length=23), 'PARENTFLASHLOANACCOUNTID': NUMBER(precision=38, scale=0, asdecimal=False), 'BRANDID': NUMBER(precision=38, scale=0, asdecimal=False), 'COPYLOANACCOUNTID': NUMBER(precision=38, scale=0, asdecimal=False), 'ISLOANOREMI': VARCHAR(length=14), 'INSTALLMENTAFFORDABILITYPERMONTH': VARCHAR(length=18), 'CANCELREASONID': VARCHAR(length=14), 'SOURCE': VARCHAR(length=14), 'QUOTEAPPROVALBY': VARCHAR(length=14), 'ISGETOFFEROVERRIDE': VARCHAR(length=15), 'OVERRIDEOFFERREASONID': VARCHAR(length=13), 'OVERRIDEOFFERREASON': VARCHAR(length=14), 'AGGREGATELOAN': VARCHAR(length=15), 'AGGREGATELOANAMOUNT': VARCHAR(length=14), 'CLIENTCATEGORY': VARCHAR(length=14), 'NOOFDAYSSINCELASTLOANPAID': VARCHAR(length=13), 'CURRENTACTIVELOAN': VARCHAR(length=15), 'SOURCEAPPLICATIONID': VARCHAR(length=13), 'ISCOPYAPPLIATION': VARCHAR(length=15), 'PREVIOUS_APPLICATION_DATE': DATE()}
Write data to Oracle
Batch 1/4 written successfully.
Batch 2/4 written successfully.
Batch 3/4 written successfully.
Batch 4/4 written successfully.
All data written to Oracle DB BSP_APPLICATION successfully.
/Users/johan/Workspace/Matogen/Atlas/src/python/Oracle_SqlScript.py:141: UserWarning: The provided table name 'BSP_ACCOUNT' is not found exactly as such in the database after writing the table, possibly due to case sensitivity issues. Consider using lower case table names.
  batch_df.to_sql(
history BSP_ACCOUNT
Dates Received 2024-02-01 00:00:00 .. 2024-02-29 23:59:59
Execution time: 23.73962378501892 seconds
   AccountId   AccountNo  ... assignedconsultantid         previous_loan_date
0    3464066  AOL3464066  ...                 None 2023-12-01 06:12:37.327600
1    3502903  AOL3502903  ...                 None 2024-01-25 14:09:32.150390
2    3496594  AOL3496594  ...                 None 2024-01-27 06:43:33.838925
3    3471672  AOL3471672  ...                 None                        NaT
4    3492370  AOL3492370  ...                 None 2024-01-26 09:30:17.252553

[5 rows x 77 columns]
{'ACCOUNTID': NUMBER(precision=38, scale=0, asdecimal=False), 'ACCOUNTNO': VARCHAR(length=20), 'ACCOUNTTYPEID': VARCHAR(length=14), 'PERSONID': NUMBER(precision=38, scale=0, asdecimal=False), 'HOSTID': NUMBER(precision=38, scale=0, asdecimal=False), 'STATUSID': NUMBER(precision=38, scale=0, asdecimal=False), 'LOANAMOUNT': VARCHAR(length=17), 'TOTALTOPUPAMOUNT': VARCHAR(length=13), 'TOTALFEES': VARCHAR(length=17), 'CAPITALAMOUNT': VARCHAR(length=13), 'PAYOUTAMOUNT': VARCHAR(length=18), 'THIRDPARTYPAYOUTAMOUNT': VARCHAR(length=14), 'ACCOUNTBALANCE': VARCHAR(length=18), 'INTERESTRATE': VARCHAR(length=15), 'PERIOD': NUMBER(precision=38, scale=0, asdecimal=False), 'PERIODFREQUENCYID': NUMBER(precision=38, scale=0, asdecimal=False), 'INSTALMENTAMOUNT': VARCHAR(length=17), 'NUMOFINSTALMENTS': NUMBER(precision=38, scale=0, asdecimal=False), 'STATUSREASONID': VARCHAR(length=14), 'STATUSSUBREASONID': VARCHAR(length=14), 'NLRENQUIRYREFERENCENO': VARCHAR(length=14), 'NLRREGISTRATIONNO': VARCHAR(length=14), 'STATUSCHANGEDATE': DATE(), 'FIRSTINSTALMENTDATE': DATE(), 'OPENDATE': DATE(), 'CLOSEDATE': DATE(), 'CREATEDATE': DATE(), 'CREATEDBY': NUMBER(precision=38, scale=0, asdecimal=False), 'OPTIMISTICLOCKFIELD': NUMBER(precision=38, scale=0, asdecimal=False), 'GCRECORD': VARCHAR(length=14), 'NEWSTATUSID': NUMBER(precision=38, scale=0, asdecimal=False), 'BRANCHID': NUMBER(precision=38, scale=0, asdecimal=False), 'LOANTYPE': VARCHAR(length=11), 'PAIDDATE': DATE(), 'LOANSTATEREASONCODE': VARCHAR(length=11), 'DISCOUNTAMOUNT': VARCHAR(length=13), 'HANDOVERAMOUNT': VARCHAR(length=18), 'HANDOVERDATE': DATE(), 'HANDOVERDUEDATE': DATE(), 'HANDOVERSERVICEFEE': VARCHAR(length=13), 'EXCLUDEPHOLOANREASONCODE': VARCHAR(length=14), 'ROLLOVERACCOUNTID': NUMBER(precision=38, scale=0, asdecimal=False), 'LOANENDDATE': VARCHAR(length=20), 'REPAYMENTAMOUNT': VARCHAR(length=18), 'CLIENTID': NUMBER(precision=38, scale=0, asdecimal=False), 'VAP_CST': VARCHAR(length=15), 'FUN_CST': VARCHAR(length=16), 'VAT_VAP_CST': VARCHAR(length=16), 'DISBURSEMENTMODEID': NUMBER(precision=38, scale=0, asdecimal=False), 'DEBITORDERMODEID': NUMBER(precision=38, scale=0, asdecimal=False), 'PRODUCTID': NUMBER(precision=38, scale=0, asdecimal=False), 'COMPANYID': NUMBER(precision=38, scale=0, asdecimal=False), 'CONSULTANTAPPROVEBY': NUMBER(precision=38, scale=0, asdecimal=False), 'MANAGERAPPROVEBY': NUMBER(precision=38, scale=0, asdecimal=False), 'CONSULTANTAPPROVEDATE': DATE(), 'MANAGERAPPROVEDATE': DATE(), 'REWARDAMOUNT': VARCHAR(length=13), 'ISREFERRED': VARCHAR(length=15), 'REFERRALAMOUNT': VARCHAR(length=13), 'CLIENTIPADDRESS': VARCHAR(length=25), 'SERVERIPADDRESS': VARCHAR(length=23), 'IDLPSTATUS': VARCHAR(length=21), 'IDLDDATE': DATE(), 'PARENTFLASHLOANACCOUNTID': NUMBER(precision=38, scale=0, asdecimal=False), 'REPORATE': VARCHAR(length=14), 'REPORATEFACTOR': VARCHAR(length=13), 'REPORATEADJUSTMENT': VARCHAR(length=14), 'VAPCANCELID': NUMBER(precision=38, scale=0, asdecimal=False), 'VAPCANCELSTATUS': NUMBER(precision=38, scale=0, asdecimal=False), 'DAYSINARREARS': VARCHAR(length=15), 'NEWBRANCHID': VARCHAR(length=14), 'ASSIGNEDCONSULTANTID': VARCHAR(length=14), 'PREVIOUS_LOAN_DATE': DATE()}
Write data to Oracle
Batch 1/2 written successfully.
Batch 2/2 written successfully.
All data written to Oracle DB BSP_ACCOUNT successfully.
/Users/johan/Workspace/Matogen/Atlas/src/python/Oracle_SqlScript.py:141: UserWarning: The provided table name 'BSP_AFFORDABILITY' is not found exactly as such in the database after writing the table, possibly due to case sensitivity issues. Consider using lower case table names.
  batch_df.to_sql(
history BSP_AFFORDABILITY
Dates Received 2024-02-01 00:00:00 .. 2024-02-29 23:59:59
Execution time: 38.09195113182068 seconds
   AffordabilityId  OptionId  ...  CreditScoreFromCache  MockCreditScore
0          2527328         1  ...                 False            False
1          2527329         1  ...                 False            False
2          2527330         1  ...                 False            False
3          2527331         1  ...                 False            False
4          2527332         1  ...                 False            False

[5 rows x 60 columns]
{'AFFORDABILITYID': NUMBER(precision=38, scale=0, asdecimal=False), 'OPTIONID': NUMBER(precision=38, scale=0, asdecimal=False), 'APPLICATIONID': NUMBER(precision=38, scale=0, asdecimal=False), 'AMOUNT': VARCHAR(length=13), 'REPAYMENTAMOUNT': VARCHAR(length=13), 'TOTALFEES': VARCHAR(length=13), 'CAPITALAMOUNT': VARCHAR(length=13), 'INSTALMENT': VARCHAR(length=14), 'OPTIONTYPE': NUMBER(precision=38, scale=0, asdecimal=False), 'CREATEDATE': DATE(), 'ARREARS': VARCHAR(length=14), 'NEWSTATUSID': NUMBER(precision=38, scale=0, asdecimal=False), 'GROSSSALARY': VARCHAR(length=19), 'DEDUCTIONS': VARCHAR(length=19), 'NETSALARY': VARCHAR(length=19), 'AVERAGENETSALARY': VARCHAR(length=19), 'RENT': VARCHAR(length=17), 'WATER_LIGHTS': VARCHAR(length=16), 'TELEPHONE': VARCHAR(length=21), 'GROCERIERS': VARCHAR(length=17), 'MEDICAL': VARCHAR(length=17), 'INSURANCE': VARCHAR(length=17), 'PETROL_TRANSPORT': VARCHAR(length=17), 'SCHOOLFEES': VARCHAR(length=17), 'ENTERTAINMENT': VARCHAR(length=17), 'MAINTENANCE': VARCHAR(length=17), 'OTHER': VARCHAR(length=18), 'COMPANYLOANS': VARCHAR(length=17), 'BANKLOANS': VARCHAR(length=18), 'EMOLUORDERS': VARCHAR(length=17), 'STATEMENTDEBITS': VARCHAR(length=19), 'BANKCHARGES': VARCHAR(length=16), 'HIREPURCHASE': VARCHAR(length=17), 'OTHERMICROLOAN': VARCHAR(length=17), 'PREVIOUSMICROLOAN': VARCHAR(length=17), 'NLRSCORE': VARCHAR(length=15), 'ENQNO': VARCHAR(length=22), 'ENQDATE': DATE(), 'CPAINST': VARCHAR(length=19), 'NLRINST': VARCHAR(length=18), 'NETPM': VARCHAR(length=14), 'INSTALL_P_M': VARCHAR(length=19), 'LOANAMOUNT': VARCHAR(length=19), 'USERDEFINEDEXPENSES': VARCHAR(length=18), 'USERDEFINEDSALARY': VARCHAR(length=19), 'USERDEFINEDLIABILITY': VARCHAR(length=18), 'USERDEFINEDNLR': NUMBER(precision=38, scale=0, asdecimal=False), 'USERDEFINEDCPA': NUMBER(precision=38, scale=0, asdecimal=False), 'DISCRETION': VARCHAR(length=19), 'TOTALLIVINGEXPENSE': VARCHAR(length=21), 'RECOGNISEDLIVINGEXPENSE': VARCHAR(length=18), 'ACTUALLIVINGEXPENSE': VARCHAR(length=21), 'TOTALLIABILITY': VARCHAR(length=17), 'NLRCOMMENT': VARCHAR(length=354), 'COMPANYID': NUMBER(precision=38, scale=0, asdecimal=False), 'CHANNELCODE': NUMBER(precision=38, scale=0, asdecimal=False)}
Write data to Oracle
Batch 1/4 written successfully.
Batch 2/4 written successfully.
Batch 3/4 written successfully.
Batch 4/4 written successfully.
All data written to Oracle DB BSP_AFFORDABILITY successfully.
/Users/johan/Workspace/Matogen/Atlas/src/python/Oracle_SqlScript.py:141: UserWarning: The provided table name 'BSP_CREDITSCORE' is not found exactly as such in the database after writing the table, possibly due to case sensitivity issues. Consider using lower case table names.
  batch_df.to_sql(
history BSP_CREDITSCORE
Dates Received 2024-02-01 00:00:00 .. 2024-02-29 23:59:59
Execution time: 8.638481855392456 seconds
   CreditScoreId  ApplicationId  ...  ServiceProvider  ReferenceNumber
0        2403768        2517642  ...        COMPUSCAN             None
1        2399230        2512925  ...        COMPUSCAN             None
2        2399345        2513041  ...        COMPUSCAN             None
3        2399191        2512879  ...        COMPUSCAN             None
4        2399192        2512880  ...        COMPUSCAN             None

[5 rows x 8 columns]
{'CREDITSCOREID': NUMBER(precision=38, scale=0, asdecimal=False), 'APPLICATIONID': NUMBER(precision=38, scale=0, asdecimal=False), 'NLRSCORE': NUMBER(precision=38, scale=0, asdecimal=False), 'APPLICATIONSCORE': NUMBER(precision=38, scale=0, asdecimal=False), 'BEHAVIOURSCORE': VARCHAR(length=14), 'RISKTYPE': VARCHAR(length=24), 'SERVICEPROVIDER': VARCHAR(length=19), 'REFERENCENUMBER': VARCHAR(length=14)}
Write data to Oracle
Batch 1/4 written successfully.
Batch 2/4 written successfully.
Batch 3/4 written successfully.
Batch 4/4 written successfully.
All data written to Oracle DB BSP_CREDITSCORE successfully.
/Users/johan/Workspace/Matogen/Atlas/src/python/Oracle_SqlScript.py:141: UserWarning: The provided table name 'BSP_CLIENT' is not found exactly as such in the database after writing the table, possibly due to case sensitivity issues. Consider using lower case table names.
  batch_df.to_sql(
history BSP_CLIENT
Dates Received 2024-02-01 00:00:00 .. 2024-02-29 23:59:59
Execution time: 7.616034746170044 seconds
   ClientId  UserId PersonId  ... IsDelinquent IsDebtReview DeliquencyReasonId
0    117558  115066     None  ...        False        False               None
1    508597       0     None  ...        False        False               None
2    374726       0     None  ...         True        False               None
3    435209       0     None  ...         True        False               None
4    368867       0     None  ...         True        False               None

[5 rows x 26 columns]
{'CLIENTID': NUMBER(precision=38, scale=0, asdecimal=False), 'USERID': NUMBER(precision=38, scale=0, asdecimal=False), 'PERSONID': VARCHAR(length=14), 'TITLE': VARCHAR(length=14), 'FIRSTNAME': VARCHAR(length=34), 'SURNAME': VARCHAR(length=36), 'IDNUMBER': VARCHAR(length=24), 'DATEOFBIRTH': DATE(), 'GENDER': VARCHAR(length=11), 'MARITALSTATUSID': VARCHAR(length=13), 'MARITALAGREEMENT': VARCHAR(length=14), 'ETHNICITYID': VARCHAR(length=13), 'NEWSTATUSID': NUMBER(precision=38, scale=0, asdecimal=False), 'COUNTRYOFBIRTHID': VARCHAR(length=15), 'LANGUAGEID': VARCHAR(length=14), 'MODIFIEDBY': VARCHAR(length=14), 'MODIFIEDDATE': DATE(), 'BRANCHID': NUMBER(precision=38, scale=0, asdecimal=False), 'PROPERTYOWNERSHIPID': VARCHAR(length=13), 'COMPANYID': NUMBER(precision=38, scale=0, asdecimal=False), 'CHANNELCODE': NUMBER(precision=38, scale=0, asdecimal=False), 'DELIQUENCYREASONID': VARCHAR(length=14)}
Write data to Oracle
Batch 1/3 written successfully.
Batch 2/3 written successfully.
Batch 3/3 written successfully.
All data written to Oracle DB BSP_CLIENT successfully.
/Users/johan/Workspace/Matogen/Atlas/src/python/Oracle_SqlScript.py:141: UserWarning: The provided table name 'BSP_ADDRESS' is not found exactly as such in the database after writing the table, possibly due to case sensitivity issues. Consider using lower case table names.
  batch_df.to_sql(
history BSP_ADDRESS
Dates Received 2024-02-01 00:00:00 .. 2024-02-29 23:59:59
Execution time: 9.988095998764038 seconds
   AddressId  AddressTypeId ClientId  ... AddressLine4 PostalCode Province
0    6355313              2     None  ...         None       1458   1063.0
1    6355314              3     None  ...         None       None      NaN
2    6355315              2     None  ...         None       1501     18.0
3    6355316              3     None  ...         None       None      NaN
4    6355317              2     None  ...         None       1983   2199.0

[5 rows x 9 columns]
{'ADDRESSID': NUMBER(precision=38, scale=0, asdecimal=False), 'ADDRESSTYPEID': NUMBER(precision=38, scale=0, asdecimal=False), 'CLIENTID': VARCHAR(length=14), 'ADDRESSLINE1': VARCHAR(length=95), 'ADDRESSLINE2': VARCHAR(length=78), 'ADDRESSLINE3': VARCHAR(length=40), 'ADDRESSLINE4': VARCHAR(length=40), 'POSTALCODE': VARCHAR(length=14), 'PROVINCE': VARCHAR(length=16)}
Write data to Oracle
Batch 1/7 written successfully.
Batch 2/7 written successfully.
Batch 3/7 written successfully.
Batch 4/7 written successfully.
Batch 5/7 written successfully.
Batch 6/7 written successfully.
Batch 7/7 written successfully.
All data written to Oracle DB BSP_ADDRESS successfully.
Month: 202403
/Users/johan/Workspace/Matogen/Atlas/src/python/Oracle_SqlScript.py:141: UserWarning: The provided table name 'BSP_APPLICATION' is not found exactly as such in the database after writing the table, possibly due to case sensitivity issues. Consider using lower case table names.
  batch_df.to_sql(
history BSP_APPLICATION
Dates Received 2024-03-01 00:00:00 .. 2024-03-31 23:59:59
Execution time: 33.443954944610596 seconds
   ApplicationId  AffordabilityId  ... IsCopyAppliation previous_application_date
0        2590652          2603274  ...             None   2024-02-09 10:43:03.650
1        2629649          2642271  ...             None                       NaT
2        2633844          2646466  ...             None                       NaT
3        2607025          2619647  ...             None                       NaT
4        2608816          2621438  ...             None   2024-03-12 07:16:43.440

[5 rows x 76 columns]
{'APPLICATIONID': NUMBER(precision=38, scale=0, asdecimal=False), 'AFFORDABILITYID': NUMBER(precision=38, scale=0, asdecimal=False), 'ACCOUNTNO': VARCHAR(length=20), 'NEXTOFKINID': VARCHAR(length=14), 'REASONID': NUMBER(precision=38, scale=0, asdecimal=False), 'ACCOUNTID': VARCHAR(length=19), 'CLIENTID': NUMBER(precision=38, scale=0, asdecimal=False), 'EMPLOYERID': NUMBER(precision=38, scale=0, asdecimal=False), 'BANKDETAILID': NUMBER(precision=38, scale=0, asdecimal=False), 'RESIDENTIALADDRESSID': NUMBER(precision=38, scale=0, asdecimal=False), 'AMOUNT': VARCHAR(length=17), 'REPAYMENTAMOUNT': VARCHAR(length=18), 'TOTALEXPENSES': VARCHAR(length=13), 'TOTALINCOME': VARCHAR(length=13), 'SALARYTYPEID': VARCHAR(length=14), 'SALARYTYPENO': NUMBER(precision=38, scale=0, asdecimal=False), 'PERIOD': NUMBER(precision=38, scale=0, asdecimal=False), 'STEP': NUMBER(precision=38, scale=0, asdecimal=False), 'STATUS': NUMBER(precision=38, scale=0, asdecimal=False), 'SETTLEMENTID': VARCHAR(length=14), 'REPAYMENTDATE': DATE(), 'HASH': VARCHAR(length=74), 'CREATEDATE': DATE(), 'IP': VARCHAR(length=14), 'OTHERINCOME': VARCHAR(length=14), 'NEWSTATUSID': NUMBER(precision=38, scale=0, asdecimal=False), 'DOCUMENTID': VARCHAR(length=14), 'INCOMEID': VARCHAR(length=14), 'APPLICATIONCLIENTID': NUMBER(precision=38, scale=0, asdecimal=False), 'DISBURSEMENTID': NUMBER(precision=38, scale=0, asdecimal=False), 'QUOTATIONID': NUMBER(precision=38, scale=0, asdecimal=False), 'BRANCHID': NUMBER(precision=38, scale=0, asdecimal=False), 'AGENTCODE': VARCHAR(length=23), 'CREATEDBY': NUMBER(precision=38, scale=0, asdecimal=False), 'ROLLOVERACCOUNTID': NUMBER(precision=38, scale=0, asdecimal=False), 'PAYABLEAMOUNT': VARCHAR(length=17), 'DCQUOTATIONSTATUS': VARCHAR(length=14), 'DCAGREEMENTSTATUS': VARCHAR(length=14), 'DCAGREEMENTID': NUMBER(precision=38, scale=0, asdecimal=False), 'DCQUOTATIONID': NUMBER(precision=38, scale=0, asdecimal=False), 'DISBURSEMENTMODEID': NUMBER(precision=38, scale=0, asdecimal=False), 'DEBITORDERMODEID': NUMBER(precision=38, scale=0, asdecimal=False), 'COMPANYID': NUMBER(precision=38, scale=0, asdecimal=False), 'CHANNELCODE': NUMBER(precision=38, scale=0, asdecimal=False), 'CHANNELREFERENCENO': VARCHAR(length=14), 'REQUESTEDLOANAMOUNT': VARCHAR(length=16), 'PRODUCTID': NUMBER(precision=38, scale=0, asdecimal=False), 'CAMPAIGNCODE': VARCHAR(length=24), 'PROCESSBY': VARCHAR(length=20), 'REFERRALCODE': VARCHAR(length=16), 'ROLLOVERACCEPTANCEDATE': DATE(), 'CLIENTIPADDRESS': VARCHAR(length=25), 'SERVERIPADDRESS': VARCHAR(length=23), 'PARENTFLASHLOANACCOUNTID': NUMBER(precision=38, scale=0, asdecimal=False), 'BRANDID': NUMBER(precision=38, scale=0, asdecimal=False), 'COPYLOANACCOUNTID': NUMBER(precision=38, scale=0, asdecimal=False), 'ISLOANOREMI': VARCHAR(length=14), 'INSTALLMENTAFFORDABILITYPERMONTH': VARCHAR(length=19), 'CANCELREASONID': VARCHAR(length=14), 'SOURCE': VARCHAR(length=14), 'QUOTEAPPROVALBY': VARCHAR(length=14), 'ISGETOFFEROVERRIDE': VARCHAR(length=15), 'OVERRIDEOFFERREASONID': VARCHAR(length=13), 'OVERRIDEOFFERREASON': VARCHAR(length=14), 'AGGREGATELOAN': VARCHAR(length=15), 'AGGREGATELOANAMOUNT': VARCHAR(length=13), 'CLIENTCATEGORY': VARCHAR(length=14), 'NOOFDAYSSINCELASTLOANPAID': VARCHAR(length=13), 'CURRENTACTIVELOAN': VARCHAR(length=15), 'SOURCEAPPLICATIONID': VARCHAR(length=13), 'ISCOPYAPPLIATION': VARCHAR(length=15), 'PREVIOUS_APPLICATION_DATE': DATE()}
Write data to Oracle
Batch 1/4 written successfully.
Batch 2/4 written successfully.
Batch 3/4 written successfully.
Batch 4/4 written successfully.
All data written to Oracle DB BSP_APPLICATION successfully.
/Users/johan/Workspace/Matogen/Atlas/src/python/Oracle_SqlScript.py:141: UserWarning: The provided table name 'BSP_ACCOUNT' is not found exactly as such in the database after writing the table, possibly due to case sensitivity issues. Consider using lower case table names.
  batch_df.to_sql(
history BSP_ACCOUNT
Dates Received 2024-03-01 00:00:00 .. 2024-03-31 23:59:59
Execution time: 28.69544506072998 seconds
   AccountId   AccountNo  ... assignedconsultantid         previous_loan_date
0    3536970  AOL3536970  ...                 None 2024-02-09 11:03:11.894196
1    3559636  AOL3559636  ...                 None                        NaT
2    3593347  AOL3593347  ...                 None 2024-02-26 10:45:45.578029
3    3587770  AOL3587770  ...                 None 2024-02-24 08:31:08.950283
4    3524828  AOL3524828  ...                 None 2024-02-29 14:12:29.660206

[5 rows x 77 columns]
{'ACCOUNTID': NUMBER(precision=38, scale=0, asdecimal=False), 'ACCOUNTNO': VARCHAR(length=20), 'ACCOUNTTYPEID': VARCHAR(length=14), 'PERSONID': NUMBER(precision=38, scale=0, asdecimal=False), 'HOSTID': NUMBER(precision=38, scale=0, asdecimal=False), 'STATUSID': NUMBER(precision=38, scale=0, asdecimal=False), 'LOANAMOUNT': VARCHAR(length=17), 'TOTALTOPUPAMOUNT': VARCHAR(length=13), 'TOTALFEES': VARCHAR(length=17), 'CAPITALAMOUNT': VARCHAR(length=13), 'PAYOUTAMOUNT': VARCHAR(length=18), 'THIRDPARTYPAYOUTAMOUNT': VARCHAR(length=14), 'ACCOUNTBALANCE': VARCHAR(length=18), 'INTERESTRATE': VARCHAR(length=15), 'PERIOD': NUMBER(precision=38, scale=0, asdecimal=False), 'PERIODFREQUENCYID': NUMBER(precision=38, scale=0, asdecimal=False), 'INSTALMENTAMOUNT': VARCHAR(length=17), 'NUMOFINSTALMENTS': NUMBER(precision=38, scale=0, asdecimal=False), 'STATUSREASONID': VARCHAR(length=14), 'STATUSSUBREASONID': VARCHAR(length=14), 'NLRENQUIRYREFERENCENO': VARCHAR(length=14), 'NLRREGISTRATIONNO': VARCHAR(length=14), 'STATUSCHANGEDATE': DATE(), 'FIRSTINSTALMENTDATE': DATE(), 'OPENDATE': DATE(), 'CLOSEDATE': DATE(), 'CREATEDATE': DATE(), 'CREATEDBY': NUMBER(precision=38, scale=0, asdecimal=False), 'OPTIMISTICLOCKFIELD': NUMBER(precision=38, scale=0, asdecimal=False), 'GCRECORD': VARCHAR(length=14), 'NEWSTATUSID': NUMBER(precision=38, scale=0, asdecimal=False), 'BRANCHID': NUMBER(precision=38, scale=0, asdecimal=False), 'LOANTYPE': VARCHAR(length=11), 'PAIDDATE': DATE(), 'LOANSTATEREASONCODE': VARCHAR(length=11), 'DISCOUNTAMOUNT': VARCHAR(length=13), 'HANDOVERAMOUNT': VARCHAR(length=18), 'HANDOVERDATE': DATE(), 'HANDOVERDUEDATE': DATE(), 'HANDOVERSERVICEFEE': VARCHAR(length=13), 'EXCLUDEPHOLOANREASONCODE': VARCHAR(length=14), 'ROLLOVERACCOUNTID': NUMBER(precision=38, scale=0, asdecimal=False), 'LOANENDDATE': VARCHAR(length=20), 'REPAYMENTAMOUNT': VARCHAR(length=18), 'CLIENTID': NUMBER(precision=38, scale=0, asdecimal=False), 'VAP_CST': VARCHAR(length=15), 'FUN_CST': VARCHAR(length=16), 'VAT_VAP_CST': VARCHAR(length=15), 'DISBURSEMENTMODEID': NUMBER(precision=38, scale=0, asdecimal=False), 'DEBITORDERMODEID': NUMBER(precision=38, scale=0, asdecimal=False), 'PRODUCTID': NUMBER(precision=38, scale=0, asdecimal=False), 'COMPANYID': NUMBER(precision=38, scale=0, asdecimal=False), 'CONSULTANTAPPROVEBY': NUMBER(precision=38, scale=0, asdecimal=False), 'MANAGERAPPROVEBY': NUMBER(precision=38, scale=0, asdecimal=False), 'CONSULTANTAPPROVEDATE': DATE(), 'MANAGERAPPROVEDATE': DATE(), 'REWARDAMOUNT': VARCHAR(length=13), 'REFERRALAMOUNT': VARCHAR(length=13), 'CLIENTIPADDRESS': VARCHAR(length=25), 'SERVERIPADDRESS': VARCHAR(length=23), 'IDLPSTATUS': VARCHAR(length=21), 'IDLDDATE': DATE(), 'PARENTFLASHLOANACCOUNTID': NUMBER(precision=38, scale=0, asdecimal=False), 'REPORATE': VARCHAR(length=14), 'REPORATEFACTOR': VARCHAR(length=13), 'REPORATEADJUSTMENT': VARCHAR(length=14), 'VAPCANCELID': NUMBER(precision=38, scale=0, asdecimal=False), 'VAPCANCELSTATUS': NUMBER(precision=38, scale=0, asdecimal=False), 'DAYSINARREARS': VARCHAR(length=15), 'NEWBRANCHID': VARCHAR(length=14), 'ASSIGNEDCONSULTANTID': VARCHAR(length=14), 'PREVIOUS_LOAN_DATE': DATE()}
Write data to Oracle
Batch 1/3 written successfully.
Batch 2/3 written successfully.
Batch 3/3 written successfully.
All data written to Oracle DB BSP_ACCOUNT successfully.
/Users/johan/Workspace/Matogen/Atlas/src/python/Oracle_SqlScript.py:141: UserWarning: The provided table name 'BSP_AFFORDABILITY' is not found exactly as such in the database after writing the table, possibly due to case sensitivity issues. Consider using lower case table names.
  batch_df.to_sql(
history BSP_AFFORDABILITY
Dates Received 2024-03-01 00:00:00 .. 2024-03-31 23:59:59
Execution time: 37.71246790885925 seconds
   AffordabilityId  OptionId  ...  CreditScoreFromCache  MockCreditScore
0          2593125         1  ...                 False            False
1          2593365         1  ...                 False            False
2          2593563         1  ...                 False            False
3          2594245         1  ...                 False            False
4          2593109         1  ...                 False            False

[5 rows x 60 columns]
{'AFFORDABILITYID': NUMBER(precision=38, scale=0, asdecimal=False), 'OPTIONID': NUMBER(precision=38, scale=0, asdecimal=False), 'APPLICATIONID': NUMBER(precision=38, scale=0, asdecimal=False), 'AMOUNT': VARCHAR(length=13), 'REPAYMENTAMOUNT': VARCHAR(length=13), 'TOTALFEES': VARCHAR(length=13), 'CAPITALAMOUNT': VARCHAR(length=13), 'INSTALMENT': VARCHAR(length=14), 'OPTIONTYPE': NUMBER(precision=38, scale=0, asdecimal=False), 'CREATEDATE': DATE(), 'ARREARS': VARCHAR(length=14), 'NEWSTATUSID': NUMBER(precision=38, scale=0, asdecimal=False), 'GROSSSALARY': VARCHAR(length=19), 'DEDUCTIONS': VARCHAR(length=19), 'NETSALARY': VARCHAR(length=19), 'AVERAGENETSALARY': VARCHAR(length=19), 'RENT': VARCHAR(length=17), 'WATER_LIGHTS': VARCHAR(length=16), 'TELEPHONE': VARCHAR(length=21), 'GROCERIERS': VARCHAR(length=17), 'MEDICAL': VARCHAR(length=17), 'INSURANCE': VARCHAR(length=17), 'PETROL_TRANSPORT': VARCHAR(length=17), 'SCHOOLFEES': VARCHAR(length=18), 'ENTERTAINMENT': VARCHAR(length=17), 'MAINTENANCE': VARCHAR(length=17), 'OTHER': VARCHAR(length=18), 'COMPANYLOANS': VARCHAR(length=17), 'BANKLOANS': VARCHAR(length=18), 'EMOLUORDERS': VARCHAR(length=17), 'STATEMENTDEBITS': VARCHAR(length=17), 'BANKCHARGES': VARCHAR(length=16), 'HIREPURCHASE': VARCHAR(length=17), 'OTHERMICROLOAN': VARCHAR(length=17), 'PREVIOUSMICROLOAN': VARCHAR(length=17), 'NLRSCORE': VARCHAR(length=15), 'ENQNO': VARCHAR(length=22), 'ENQDATE': DATE(), 'CPAINST': VARCHAR(length=18), 'NLRINST': VARCHAR(length=18), 'NETPM': VARCHAR(length=14), 'INSTALL_P_M': VARCHAR(length=19), 'LOANAMOUNT': VARCHAR(length=18), 'USERDEFINEDEXPENSES': VARCHAR(length=18), 'USERDEFINEDSALARY': VARCHAR(length=19), 'USERDEFINEDLIABILITY': VARCHAR(length=17), 'USERDEFINEDNLR': NUMBER(precision=38, scale=0, asdecimal=False), 'USERDEFINEDCPA': NUMBER(precision=38, scale=0, asdecimal=False), 'DISCRETION': VARCHAR(length=19), 'TOTALLIVINGEXPENSE': VARCHAR(length=21), 'RECOGNISEDLIVINGEXPENSE': VARCHAR(length=18), 'ACTUALLIVINGEXPENSE': VARCHAR(length=21), 'TOTALLIABILITY': VARCHAR(length=17), 'NLRCOMMENT': VARCHAR(length=1483), 'COMPANYID': NUMBER(precision=38, scale=0, asdecimal=False), 'CHANNELCODE': NUMBER(precision=38, scale=0, asdecimal=False)}
Write data to Oracle
Batch 1/4 written successfully.
Batch 2/4 written successfully.
Batch 3/4 written successfully.
Batch 4/4 written successfully.
All data written to Oracle DB BSP_AFFORDABILITY successfully.
/Users/johan/Workspace/Matogen/Atlas/src/python/Oracle_SqlScript.py:141: UserWarning: The provided table name 'BSP_CREDITSCORE' is not found exactly as such in the database after writing the table, possibly due to case sensitivity issues. Consider using lower case table names.
  batch_df.to_sql(
history BSP_CREDITSCORE
Dates Received 2024-03-01 00:00:00 .. 2024-03-31 23:59:59
Execution time: 6.176199913024902 seconds
   CreditScoreId  ApplicationId  ...  ServiceProvider  ReferenceNumber
0        2466737        2582979  ...        COMPUSCAN             None
1        2464275        2580487  ...        COMPUSCAN             None
2        2464276        2580488  ...        COMPUSCAN             None
3        2464277        2580489  ...        COMPUSCAN             None
4        2464278        2580491  ...        COMPUSCAN             None

[5 rows x 8 columns]
{'CREDITSCOREID': NUMBER(precision=38, scale=0, asdecimal=False), 'APPLICATIONID': NUMBER(precision=38, scale=0, asdecimal=False), 'NLRSCORE': NUMBER(precision=38, scale=0, asdecimal=False), 'APPLICATIONSCORE': NUMBER(precision=38, scale=0, asdecimal=False), 'BEHAVIOURSCORE': VARCHAR(length=14), 'RISKTYPE': VARCHAR(length=24), 'SERVICEPROVIDER': VARCHAR(length=19), 'REFERENCENUMBER': VARCHAR(length=14)}
Write data to Oracle
Batch 1/4 written successfully.
Batch 2/4 written successfully.
Batch 3/4 written successfully.
Batch 4/4 written successfully.
All data written to Oracle DB BSP_CREDITSCORE successfully.
/Users/johan/Workspace/Matogen/Atlas/src/python/Oracle_SqlScript.py:141: UserWarning: The provided table name 'BSP_CLIENT' is not found exactly as such in the database after writing the table, possibly due to case sensitivity issues. Consider using lower case table names.
  batch_df.to_sql(
history BSP_CLIENT
Dates Received 2024-03-01 00:00:00 .. 2024-03-31 23:59:59
Execution time: 14.850900888442993 seconds
   ClientId  UserId PersonId  ... IsDelinquent IsDebtReview DeliquencyReasonId
0    508597       0     None  ...        False        False               None
1    675553       0     None  ...        False        False               None
2    351067       0     None  ...         True        False               None
3    673939       0     None  ...        False        False               None
4    412054       0     None  ...        False        False               None

[5 rows x 26 columns]
{'CLIENTID': NUMBER(precision=38, scale=0, asdecimal=False), 'USERID': NUMBER(precision=38, scale=0, asdecimal=False), 'PERSONID': VARCHAR(length=14), 'TITLE': VARCHAR(length=14), 'FIRSTNAME': VARCHAR(length=31), 'SURNAME': VARCHAR(length=34), 'IDNUMBER': VARCHAR(length=23), 'DATEOFBIRTH': DATE(), 'GENDER': VARCHAR(length=11), 'MARITALSTATUSID': VARCHAR(length=13), 'MARITALAGREEMENT': VARCHAR(length=14), 'ETHNICITYID': VARCHAR(length=13), 'NEWSTATUSID': NUMBER(precision=38, scale=0, asdecimal=False), 'COUNTRYOFBIRTHID': VARCHAR(length=15), 'LANGUAGEID': VARCHAR(length=14), 'MODIFIEDBY': VARCHAR(length=14), 'MODIFIEDDATE': DATE(), 'BRANCHID': NUMBER(precision=38, scale=0, asdecimal=False), 'PROPERTYOWNERSHIPID': VARCHAR(length=13), 'COMPANYID': NUMBER(precision=38, scale=0, asdecimal=False), 'CHANNELCODE': NUMBER(precision=38, scale=0, asdecimal=False), 'DELIQUENCYREASONID': VARCHAR(length=14)}
Write data to Oracle
Batch 1/3 written successfully.
Batch 2/3 written successfully.
Batch 3/3 written successfully.
All data written to Oracle DB BSP_CLIENT successfully.
/Users/johan/Workspace/Matogen/Atlas/src/python/Oracle_SqlScript.py:141: UserWarning: The provided table name 'BSP_ADDRESS' is not found exactly as such in the database after writing the table, possibly due to case sensitivity issues. Consider using lower case table names.
  batch_df.to_sql(
history BSP_ADDRESS
Dates Received 2024-03-01 00:00:00 .. 2024-03-31 23:59:59
Execution time: 8.486245155334473 seconds
   AddressId  AddressTypeId ClientId  ... AddressLine4 PostalCode Province
0    6518724              2     None  ...         None        718   3866.0
1    6518725              3     None  ...         None       None      NaN
2    6518726              2     None  ...         None       7441   2330.0
3    6518727              3     None  ...         None       None      NaN
4    6518730              2     None  ...         None       7460   2605.0

[5 rows x 9 columns]
{'ADDRESSID': NUMBER(precision=38, scale=0, asdecimal=False), 'ADDRESSTYPEID': NUMBER(precision=38, scale=0, asdecimal=False), 'CLIENTID': VARCHAR(length=14), 'ADDRESSLINE1': VARCHAR(length=90), 'ADDRESSLINE2': VARCHAR(length=90), 'ADDRESSLINE3': VARCHAR(length=40), 'ADDRESSLINE4': VARCHAR(length=40), 'POSTALCODE': VARCHAR(length=14), 'PROVINCE': VARCHAR(length=16)}
Write data to Oracle
Batch 1/8 written successfully.
Batch 2/8 written successfully.
Batch 3/8 written successfully.
Batch 4/8 written successfully.
Batch 5/8 written successfully.
Batch 6/8 written successfully.
Batch 7/8 written successfully.
Batch 8/8 written successfully.
All data written to Oracle DB BSP_ADDRESS successfully.
Month: 202404
/Users/johan/Workspace/Matogen/Atlas/src/python/Oracle_SqlScript.py:141: UserWarning: The provided table name 'BSP_APPLICATION' is not found exactly as such in the database after writing the table, possibly due to case sensitivity issues. Consider using lower case table names.
  batch_df.to_sql(
history BSP_APPLICATION
Dates Received 2024-04-01 00:00:00 .. 2024-04-30 23:59:59
Execution time: 29.216572046279907 seconds
   ApplicationId  AffordabilityId  ... IsCopyAppliation previous_application_date
0        2657967          2670589  ...             None   2024-03-04 06:10:02.100
1        2724117          2736739  ...             None   2024-04-02 08:03:26.943
2        2685478          2698100  ...             None   2024-03-13 09:39:44.237
3        2685547          2698169  ...             None   2024-04-13 10:10:36.507
4        2718249          2730871  ...             None   2024-03-25 11:06:18.400

[5 rows x 76 columns]
{'APPLICATIONID': NUMBER(precision=38, scale=0, asdecimal=False), 'AFFORDABILITYID': NUMBER(precision=38, scale=0, asdecimal=False), 'ACCOUNTNO': VARCHAR(length=20), 'NEXTOFKINID': VARCHAR(length=14), 'REASONID': NUMBER(precision=38, scale=0, asdecimal=False), 'ACCOUNTID': VARCHAR(length=19), 'CLIENTID': NUMBER(precision=38, scale=0, asdecimal=False), 'EMPLOYERID': NUMBER(precision=38, scale=0, asdecimal=False), 'BANKDETAILID': NUMBER(precision=38, scale=0, asdecimal=False), 'RESIDENTIALADDRESSID': NUMBER(precision=38, scale=0, asdecimal=False), 'AMOUNT': VARCHAR(length=17), 'REPAYMENTAMOUNT': VARCHAR(length=18), 'TOTALEXPENSES': VARCHAR(length=13), 'TOTALINCOME': VARCHAR(length=13), 'SALARYTYPEID': VARCHAR(length=14), 'SALARYTYPENO': NUMBER(precision=38, scale=0, asdecimal=False), 'PERIOD': NUMBER(precision=38, scale=0, asdecimal=False), 'STEP': NUMBER(precision=38, scale=0, asdecimal=False), 'STATUS': NUMBER(precision=38, scale=0, asdecimal=False), 'SETTLEMENTID': VARCHAR(length=14), 'REPAYMENTDATE': DATE(), 'HASH': VARCHAR(length=74), 'CREATEDATE': DATE(), 'IP': VARCHAR(length=14), 'OTHERINCOME': VARCHAR(length=14), 'NEWSTATUSID': NUMBER(precision=38, scale=0, asdecimal=False), 'DOCUMENTID': VARCHAR(length=14), 'INCOMEID': VARCHAR(length=14), 'APPLICATIONCLIENTID': NUMBER(precision=38, scale=0, asdecimal=False), 'DISBURSEMENTID': NUMBER(precision=38, scale=0, asdecimal=False), 'QUOTATIONID': NUMBER(precision=38, scale=0, asdecimal=False), 'BRANCHID': NUMBER(precision=38, scale=0, asdecimal=False), 'AGENTCODE': VARCHAR(length=23), 'CREATEDBY': NUMBER(precision=38, scale=0, asdecimal=False), 'ROLLOVERACCOUNTID': NUMBER(precision=38, scale=0, asdecimal=False), 'PAYABLEAMOUNT': VARCHAR(length=17), 'DCQUOTATIONSTATUS': VARCHAR(length=14), 'DCAGREEMENTSTATUS': VARCHAR(length=14), 'DCAGREEMENTID': NUMBER(precision=38, scale=0, asdecimal=False), 'DCQUOTATIONID': NUMBER(precision=38, scale=0, asdecimal=False), 'DISBURSEMENTMODEID': NUMBER(precision=38, scale=0, asdecimal=False), 'DEBITORDERMODEID': NUMBER(precision=38, scale=0, asdecimal=False), 'COMPANYID': NUMBER(precision=38, scale=0, asdecimal=False), 'CHANNELCODE': NUMBER(precision=38, scale=0, asdecimal=False), 'CHANNELREFERENCENO': VARCHAR(length=14), 'REQUESTEDLOANAMOUNT': VARCHAR(length=16), 'PRODUCTID': NUMBER(precision=38, scale=0, asdecimal=False), 'CAMPAIGNCODE': VARCHAR(length=26), 'PROCESSBY': VARCHAR(length=20), 'REFERRALCODE': VARCHAR(length=16), 'ROLLOVERACCEPTANCEDATE': DATE(), 'CLIENTIPADDRESS': VARCHAR(length=25), 'SERVERIPADDRESS': VARCHAR(length=23), 'PARENTFLASHLOANACCOUNTID': NUMBER(precision=38, scale=0, asdecimal=False), 'BRANDID': NUMBER(precision=38, scale=0, asdecimal=False), 'COPYLOANACCOUNTID': NUMBER(precision=38, scale=0, asdecimal=False), 'ISLOANOREMI': VARCHAR(length=19), 'INSTALLMENTAFFORDABILITYPERMONTH': VARCHAR(length=18), 'CANCELREASONID': VARCHAR(length=14), 'SOURCE': VARCHAR(length=14), 'QUOTEAPPROVALBY': VARCHAR(length=18), 'ISGETOFFEROVERRIDE': VARCHAR(length=15), 'OVERRIDEOFFERREASONID': VARCHAR(length=14), 'OVERRIDEOFFERREASON': VARCHAR(length=102), 'AGGREGATELOAN': VARCHAR(length=15), 'AGGREGATELOANAMOUNT': VARCHAR(length=13), 'CLIENTCATEGORY': VARCHAR(length=14), 'NOOFDAYSSINCELASTLOANPAID': VARCHAR(length=13), 'CURRENTACTIVELOAN': VARCHAR(length=15), 'SOURCEAPPLICATIONID': VARCHAR(length=13), 'ISCOPYAPPLIATION': VARCHAR(length=15), 'PREVIOUS_APPLICATION_DATE': DATE()}
Write data to Oracle
Batch 1/4 written successfully.
Batch 2/4 written successfully.
Batch 3/4 written successfully.
Batch 4/4 written successfully.
All data written to Oracle DB BSP_APPLICATION successfully.
/Users/johan/Workspace/Matogen/Atlas/src/python/Oracle_SqlScript.py:141: UserWarning: The provided table name 'BSP_ACCOUNT' is not found exactly as such in the database after writing the table, possibly due to case sensitivity issues. Consider using lower case table names.
  batch_df.to_sql(
history BSP_ACCOUNT
Dates Received 2024-04-01 00:00:00 .. 2024-04-30 23:59:59
Execution time: 25.880786180496216 seconds
   AccountId   AccountNo  ... assignedconsultantid         previous_loan_date
0    3623368  AOL3623368  ...                 None 2024-03-04 06:14:29.808850
1    3704304  AOL3704304  ...                 None 2024-04-02 08:05:23.390939
2    3658181  AOL3658181  ...                 None 2024-03-13 09:49:28.317970
3    3697161  AOL3697161  ...                 None 2024-03-25 11:13:24.985604
4    3640160  AOL3640160  ...                 None 2024-03-06 11:55:26.072993

[5 rows x 77 columns]
{'ACCOUNTID': NUMBER(precision=38, scale=0, asdecimal=False), 'ACCOUNTNO': VARCHAR(length=20), 'ACCOUNTTYPEID': VARCHAR(length=14), 'PERSONID': NUMBER(precision=38, scale=0, asdecimal=False), 'HOSTID': NUMBER(precision=38, scale=0, asdecimal=False), 'STATUSID': NUMBER(precision=38, scale=0, asdecimal=False), 'LOANAMOUNT': VARCHAR(length=17), 'TOTALTOPUPAMOUNT': VARCHAR(length=13), 'TOTALFEES': VARCHAR(length=17), 'CAPITALAMOUNT': VARCHAR(length=13), 'PAYOUTAMOUNT': VARCHAR(length=18), 'THIRDPARTYPAYOUTAMOUNT': VARCHAR(length=14), 'ACCOUNTBALANCE': VARCHAR(length=18), 'INTERESTRATE': VARCHAR(length=15), 'PERIOD': NUMBER(precision=38, scale=0, asdecimal=False), 'PERIODFREQUENCYID': NUMBER(precision=38, scale=0, asdecimal=False), 'INSTALMENTAMOUNT': VARCHAR(length=17), 'NUMOFINSTALMENTS': NUMBER(precision=38, scale=0, asdecimal=False), 'STATUSREASONID': VARCHAR(length=14), 'STATUSSUBREASONID': VARCHAR(length=14), 'NLRENQUIRYREFERENCENO': VARCHAR(length=14), 'NLRREGISTRATIONNO': VARCHAR(length=14), 'STATUSCHANGEDATE': DATE(), 'FIRSTINSTALMENTDATE': DATE(), 'OPENDATE': DATE(), 'CLOSEDATE': DATE(), 'CREATEDATE': DATE(), 'CREATEDBY': NUMBER(precision=38, scale=0, asdecimal=False), 'OPTIMISTICLOCKFIELD': NUMBER(precision=38, scale=0, asdecimal=False), 'GCRECORD': VARCHAR(length=14), 'NEWSTATUSID': NUMBER(precision=38, scale=0, asdecimal=False), 'BRANCHID': NUMBER(precision=38, scale=0, asdecimal=False), 'LOANTYPE': VARCHAR(length=11), 'PAIDDATE': DATE(), 'LOANSTATEREASONCODE': VARCHAR(length=11), 'DISCOUNTAMOUNT': VARCHAR(length=13), 'HANDOVERAMOUNT': VARCHAR(length=18), 'HANDOVERDATE': DATE(), 'HANDOVERDUEDATE': DATE(), 'HANDOVERSERVICEFEE': VARCHAR(length=13), 'EXCLUDEPHOLOANREASONCODE': VARCHAR(length=14), 'ROLLOVERACCOUNTID': NUMBER(precision=38, scale=0, asdecimal=False), 'LOANENDDATE': VARCHAR(length=20), 'REPAYMENTAMOUNT': VARCHAR(length=18), 'CLIENTID': NUMBER(precision=38, scale=0, asdecimal=False), 'VAP_CST': VARCHAR(length=15), 'FUN_CST': VARCHAR(length=16), 'VAT_VAP_CST': VARCHAR(length=15), 'DISBURSEMENTMODEID': NUMBER(precision=38, scale=0, asdecimal=False), 'DEBITORDERMODEID': NUMBER(precision=38, scale=0, asdecimal=False), 'PRODUCTID': NUMBER(precision=38, scale=0, asdecimal=False), 'COMPANYID': NUMBER(precision=38, scale=0, asdecimal=False), 'CONSULTANTAPPROVEBY': NUMBER(precision=38, scale=0, asdecimal=False), 'MANAGERAPPROVEBY': NUMBER(precision=38, scale=0, asdecimal=False), 'CONSULTANTAPPROVEDATE': DATE(), 'MANAGERAPPROVEDATE': DATE(), 'REWARDAMOUNT': VARCHAR(length=13), 'ISREFERRED': VARCHAR(length=15), 'REFERRALAMOUNT': VARCHAR(length=13), 'CLIENTIPADDRESS': VARCHAR(length=25), 'SERVERIPADDRESS': VARCHAR(length=23), 'IDLPSTATUS': VARCHAR(length=21), 'IDLDDATE': DATE(), 'PARENTFLASHLOANACCOUNTID': NUMBER(precision=38, scale=0, asdecimal=False), 'REPORATE': VARCHAR(length=14), 'REPORATEFACTOR': VARCHAR(length=13), 'REPORATEADJUSTMENT': VARCHAR(length=14), 'VAPCANCELID': NUMBER(precision=38, scale=0, asdecimal=False), 'VAPCANCELSTATUS': NUMBER(precision=38, scale=0, asdecimal=False), 'DAYSINARREARS': VARCHAR(length=15), 'NEWBRANCHID': VARCHAR(length=14), 'ASSIGNEDCONSULTANTID': VARCHAR(length=14), 'PREVIOUS_LOAN_DATE': DATE()}
Write data to Oracle
Batch 1/3 written successfully.
Batch 2/3 written successfully.
Batch 3/3 written successfully.
All data written to Oracle DB BSP_ACCOUNT successfully.
/Users/johan/Workspace/Matogen/Atlas/src/python/Oracle_SqlScript.py:141: UserWarning: The provided table name 'BSP_AFFORDABILITY' is not found exactly as such in the database after writing the table, possibly due to case sensitivity issues. Consider using lower case table names.
  batch_df.to_sql(
history BSP_AFFORDABILITY
Dates Received 2024-04-01 00:00:00 .. 2024-04-30 23:59:59
Execution time: 29.73859405517578 seconds
   AffordabilityId  OptionId  ...  CreditScoreFromCache  MockCreditScore
0          2671351         1  ...                 False            False
1          2668533         1  ...                 False            False
2          2668534         1  ...                 False            False
3          2668535         1  ...                 False            False
4          2668536         1  ...                  True            False

[5 rows x 60 columns]
{'AFFORDABILITYID': NUMBER(precision=38, scale=0, asdecimal=False), 'OPTIONID': NUMBER(precision=38, scale=0, asdecimal=False), 'APPLICATIONID': NUMBER(precision=38, scale=0, asdecimal=False), 'AMOUNT': VARCHAR(length=13), 'REPAYMENTAMOUNT': VARCHAR(length=13), 'TOTALFEES': VARCHAR(length=13), 'CAPITALAMOUNT': VARCHAR(length=13), 'INSTALMENT': VARCHAR(length=14), 'OPTIONTYPE': NUMBER(precision=38, scale=0, asdecimal=False), 'CREATEDATE': DATE(), 'ARREARS': VARCHAR(length=14), 'NEWSTATUSID': NUMBER(precision=38, scale=0, asdecimal=False), 'GROSSSALARY': VARCHAR(length=19), 'DEDUCTIONS': VARCHAR(length=19), 'NETSALARY': VARCHAR(length=19), 'AVERAGENETSALARY': VARCHAR(length=19), 'RENT': VARCHAR(length=17), 'WATER_LIGHTS': VARCHAR(length=16), 'TELEPHONE': VARCHAR(length=21), 'GROCERIERS': VARCHAR(length=17), 'MEDICAL': VARCHAR(length=17), 'INSURANCE': VARCHAR(length=17), 'PETROL_TRANSPORT': VARCHAR(length=17), 'SCHOOLFEES': VARCHAR(length=18), 'ENTERTAINMENT': VARCHAR(length=17), 'MAINTENANCE': VARCHAR(length=17), 'OTHER': VARCHAR(length=17), 'COMPANYLOANS': VARCHAR(length=18), 'BANKLOANS': VARCHAR(length=18), 'EMOLUORDERS': VARCHAR(length=17), 'STATEMENTDEBITS': VARCHAR(length=18), 'BANKCHARGES': VARCHAR(length=16), 'HIREPURCHASE': VARCHAR(length=17), 'OTHERMICROLOAN': VARCHAR(length=17), 'PREVIOUSMICROLOAN': VARCHAR(length=17), 'NLRSCORE': VARCHAR(length=15), 'ENQNO': VARCHAR(length=22), 'ENQDATE': DATE(), 'CPAINST': VARCHAR(length=19), 'NLRINST': VARCHAR(length=18), 'NETPM': VARCHAR(length=14), 'INSTALL_P_M': VARCHAR(length=22), 'LOANAMOUNT': VARCHAR(length=22), 'USERDEFINEDEXPENSES': VARCHAR(length=21), 'USERDEFINEDSALARY': VARCHAR(length=19), 'USERDEFINEDLIABILITY': VARCHAR(length=18), 'USERDEFINEDNLR': NUMBER(precision=38, scale=0, asdecimal=False), 'USERDEFINEDCPA': NUMBER(precision=38, scale=0, asdecimal=False), 'DISCRETION': VARCHAR(length=22), 'TOTALLIVINGEXPENSE': VARCHAR(length=21), 'RECOGNISEDLIVINGEXPENSE': VARCHAR(length=18), 'ACTUALLIVINGEXPENSE': VARCHAR(length=21), 'TOTALLIABILITY': VARCHAR(length=18), 'NLRCOMMENT': VARCHAR(length=179), 'COMPANYID': NUMBER(precision=38, scale=0, asdecimal=False), 'CHANNELCODE': NUMBER(precision=38, scale=0, asdecimal=False)}
Write data to Oracle
Batch 1/4 written successfully.
Batch 2/4 written successfully.
Batch 3/4 written successfully.
Batch 4/4 written successfully.
All data written to Oracle DB BSP_AFFORDABILITY successfully.
/Users/johan/Workspace/Matogen/Atlas/src/python/Oracle_SqlScript.py:141: UserWarning: The provided table name 'BSP_CREDITSCORE' is not found exactly as such in the database after writing the table, possibly due to case sensitivity issues. Consider using lower case table names.
  batch_df.to_sql(
history BSP_CREDITSCORE
Dates Received 2024-04-01 00:00:00 .. 2024-04-30 23:59:59
Execution time: 11.631866693496704 seconds
   CreditScoreId  ApplicationId  ...  ServiceProvider  ReferenceNumber
0        2537063        2655905  ...        COMPUSCAN             None
1        2536281        2655243  ...        COMPUSCAN             None
2        2536282        2655244  ...        COMPUSCAN             None
3        2536283        2655245  ...        COMPUSCAN             None
4        2536284        2655246  ...        COMPUSCAN             None

[5 rows x 8 columns]
{'CREDITSCOREID': NUMBER(precision=38, scale=0, asdecimal=False), 'APPLICATIONID': NUMBER(precision=38, scale=0, asdecimal=False), 'NLRSCORE': NUMBER(precision=38, scale=0, asdecimal=False), 'APPLICATIONSCORE': NUMBER(precision=38, scale=0, asdecimal=False), 'BEHAVIOURSCORE': VARCHAR(length=14), 'RISKTYPE': VARCHAR(length=24), 'SERVICEPROVIDER': VARCHAR(length=19), 'REFERENCENUMBER': VARCHAR(length=14)}
Write data to Oracle
Batch 1/4 written successfully.
Batch 2/4 written successfully.
Batch 3/4 written successfully.
Batch 4/4 written successfully.
All data written to Oracle DB BSP_CREDITSCORE successfully.
/Users/johan/Workspace/Matogen/Atlas/src/python/Oracle_SqlScript.py:141: UserWarning: The provided table name 'BSP_CLIENT' is not found exactly as such in the database after writing the table, possibly due to case sensitivity issues. Consider using lower case table names.
  batch_df.to_sql(
history BSP_CLIENT
Dates Received 2024-04-01 00:00:00 .. 2024-04-30 23:59:59
Execution time: 8.873968124389648 seconds
   ClientId  UserId PersonId  ... IsDelinquent IsDebtReview DeliquencyReasonId
0    675553       0     None  ...        False        False               None
1    337041       0     None  ...        False        False               None
2    130485       0     None  ...        False        False               None
3    136253       0     None  ...        False        False               None
4    412054       0     None  ...        False        False               None

[5 rows x 26 columns]
{'CLIENTID': NUMBER(precision=38, scale=0, asdecimal=False), 'USERID': NUMBER(precision=38, scale=0, asdecimal=False), 'PERSONID': VARCHAR(length=14), 'TITLE': VARCHAR(length=14), 'FIRSTNAME': VARCHAR(length=34), 'SURNAME': VARCHAR(length=35), 'IDNUMBER': VARCHAR(length=24), 'DATEOFBIRTH': DATE(), 'GENDER': VARCHAR(length=11), 'MARITALSTATUSID': VARCHAR(length=13), 'MARITALAGREEMENT': VARCHAR(length=14), 'ETHNICITYID': VARCHAR(length=13), 'NEWSTATUSID': NUMBER(precision=38, scale=0, asdecimal=False), 'COUNTRYOFBIRTHID': VARCHAR(length=15), 'LANGUAGEID': VARCHAR(length=14), 'MODIFIEDBY': VARCHAR(length=14), 'MODIFIEDDATE': DATE(), 'BRANCHID': NUMBER(precision=38, scale=0, asdecimal=False), 'PROPERTYOWNERSHIPID': VARCHAR(length=13), 'COMPANYID': NUMBER(precision=38, scale=0, asdecimal=False), 'CHANNELCODE': NUMBER(precision=38, scale=0, asdecimal=False), 'DELIQUENCYREASONID': VARCHAR(length=14)}
Write data to Oracle
Batch 1/3 written successfully.
Batch 2/3 written successfully.
Batch 3/3 written successfully.
All data written to Oracle DB BSP_CLIENT successfully.
/Users/johan/Workspace/Matogen/Atlas/src/python/Oracle_SqlScript.py:141: UserWarning: The provided table name 'BSP_ADDRESS' is not found exactly as such in the database after writing the table, possibly due to case sensitivity issues. Consider using lower case table names.
  batch_df.to_sql(
history BSP_ADDRESS
Dates Received 2024-04-01 00:00:00 .. 2024-04-30 23:59:59
Execution time: 9.051133871078491 seconds
   AddressId  AddressTypeId ClientId  ... AddressLine4 PostalCode Province
0    6696736              2     None  ...         None       3610     13.0
1    6696737              3     None  ...         None       None      NaN
2    6696740              2     None  ...         None        157    130.0
3    6696741              3     None  ...         None       None      NaN
4    6696742              2     None  ...         None       7785   3873.0

[5 rows x 9 columns]
{'ADDRESSID': NUMBER(precision=38, scale=0, asdecimal=False), 'ADDRESSTYPEID': NUMBER(precision=38, scale=0, asdecimal=False), 'CLIENTID': VARCHAR(length=14), 'ADDRESSLINE1': VARCHAR(length=95), 'ADDRESSLINE2': VARCHAR(length=95), 'ADDRESSLINE3': VARCHAR(length=40), 'ADDRESSLINE4': VARCHAR(length=40), 'POSTALCODE': VARCHAR(length=14), 'PROVINCE': VARCHAR(length=16)}
Write data to Oracle
Batch 1/8 written successfully.
Batch 2/8 written successfully.
Batch 3/8 written successfully.
Batch 4/8 written successfully.
Batch 5/8 written successfully.
Batch 6/8 written successfully.
Batch 7/8 written successfully.
Batch 8/8 written successfully.
All data written to Oracle DB BSP_ADDRESS successfully.
Month: 202405
/Users/johan/Workspace/Matogen/Atlas/src/python/Oracle_SqlScript.py:141: UserWarning: The provided table name 'BSP_APPLICATION' is not found exactly as such in the database after writing the table, possibly due to case sensitivity issues. Consider using lower case table names.
  batch_df.to_sql(
history BSP_APPLICATION
Dates Received 2024-05-01 00:00:00 .. 2024-05-31 23:59:59
Execution time: 29.632876873016357 seconds
   ApplicationId  AffordabilityId  ... IsCopyAppliation previous_application_date
0        2805019          2817641  ...             None   2023-12-01 09:11:25.913
1        2802286          2814908  ...             None                       NaT
2        2781409          2794031  ...             None   2024-04-13 10:31:07.800
3        2792048          2804670  ...             None                       NaT
4        2790643          2803265  ...             None   2024-03-26 09:12:28.320

[5 rows x 76 columns]
{'APPLICATIONID': NUMBER(precision=38, scale=0, asdecimal=False), 'AFFORDABILITYID': NUMBER(precision=38, scale=0, asdecimal=False), 'ACCOUNTNO': VARCHAR(length=20), 'NEXTOFKINID': VARCHAR(length=14), 'REASONID': NUMBER(precision=38, scale=0, asdecimal=False), 'ACCOUNTID': VARCHAR(length=19), 'CLIENTID': NUMBER(precision=38, scale=0, asdecimal=False), 'EMPLOYERID': NUMBER(precision=38, scale=0, asdecimal=False), 'BANKDETAILID': NUMBER(precision=38, scale=0, asdecimal=False), 'RESIDENTIALADDRESSID': NUMBER(precision=38, scale=0, asdecimal=False), 'AMOUNT': VARCHAR(length=17), 'REPAYMENTAMOUNT': VARCHAR(length=18), 'TOTALEXPENSES': VARCHAR(length=13), 'TOTALINCOME': VARCHAR(length=13), 'SALARYTYPEID': VARCHAR(length=14), 'SALARYTYPENO': NUMBER(precision=38, scale=0, asdecimal=False), 'PERIOD': NUMBER(precision=38, scale=0, asdecimal=False), 'STEP': NUMBER(precision=38, scale=0, asdecimal=False), 'STATUS': NUMBER(precision=38, scale=0, asdecimal=False), 'SETTLEMENTID': VARCHAR(length=14), 'REPAYMENTDATE': DATE(), 'HASH': VARCHAR(length=74), 'CREATEDATE': DATE(), 'IP': VARCHAR(length=14), 'OTHERINCOME': VARCHAR(length=14), 'NEWSTATUSID': NUMBER(precision=38, scale=0, asdecimal=False), 'DOCUMENTID': VARCHAR(length=14), 'INCOMEID': VARCHAR(length=14), 'APPLICATIONCLIENTID': NUMBER(precision=38, scale=0, asdecimal=False), 'DISBURSEMENTID': NUMBER(precision=38, scale=0, asdecimal=False), 'QUOTATIONID': NUMBER(precision=38, scale=0, asdecimal=False), 'BRANCHID': NUMBER(precision=38, scale=0, asdecimal=False), 'AGENTCODE': VARCHAR(length=23), 'CREATEDBY': NUMBER(precision=38, scale=0, asdecimal=False), 'ROLLOVERACCOUNTID': NUMBER(precision=38, scale=0, asdecimal=False), 'PAYABLEAMOUNT': VARCHAR(length=17), 'DCQUOTATIONSTATUS': VARCHAR(length=14), 'DCAGREEMENTSTATUS': VARCHAR(length=14), 'DCAGREEMENTID': NUMBER(precision=38, scale=0, asdecimal=False), 'DCQUOTATIONID': NUMBER(precision=38, scale=0, asdecimal=False), 'DISBURSEMENTMODEID': NUMBER(precision=38, scale=0, asdecimal=False), 'DEBITORDERMODEID': NUMBER(precision=38, scale=0, asdecimal=False), 'COMPANYID': NUMBER(precision=38, scale=0, asdecimal=False), 'CHANNELCODE': NUMBER(precision=38, scale=0, asdecimal=False), 'CHANNELREFERENCENO': VARCHAR(length=14), 'REQUESTEDLOANAMOUNT': VARCHAR(length=16), 'PRODUCTID': NUMBER(precision=38, scale=0, asdecimal=False), 'CAMPAIGNCODE': VARCHAR(length=34), 'PROCESSBY': VARCHAR(length=20), 'REFERRALCODE': VARCHAR(length=20), 'ROLLOVERACCEPTANCEDATE': DATE(), 'CLIENTIPADDRESS': VARCHAR(length=25), 'SERVERIPADDRESS': VARCHAR(length=23), 'PARENTFLASHLOANACCOUNTID': NUMBER(precision=38, scale=0, asdecimal=False), 'BRANDID': NUMBER(precision=38, scale=0, asdecimal=False), 'COPYLOANACCOUNTID': NUMBER(precision=38, scale=0, asdecimal=False), 'ISLOANOREMI': VARCHAR(length=14), 'INSTALLMENTAFFORDABILITYPERMONTH': VARCHAR(length=19), 'CANCELREASONID': VARCHAR(length=14), 'SOURCE': VARCHAR(length=14), 'QUOTEAPPROVALBY': VARCHAR(length=18), 'ISGETOFFEROVERRIDE': VARCHAR(length=15), 'OVERRIDEOFFERREASONID': VARCHAR(length=14), 'OVERRIDEOFFERREASON': VARCHAR(length=115), 'AGGREGATELOAN': VARCHAR(length=15), 'AGGREGATELOANAMOUNT': VARCHAR(length=13), 'CLIENTCATEGORY': VARCHAR(length=14), 'NOOFDAYSSINCELASTLOANPAID': VARCHAR(length=13), 'CURRENTACTIVELOAN': VARCHAR(length=15), 'SOURCEAPPLICATIONID': VARCHAR(length=13), 'ISCOPYAPPLIATION': VARCHAR(length=15), 'PREVIOUS_APPLICATION_DATE': DATE()}
Write data to Oracle
Batch 1/4 written successfully.
Batch 2/4 written successfully.
Batch 3/4 written successfully.
Batch 4/4 written successfully.
All data written to Oracle DB BSP_APPLICATION successfully.
/Users/johan/Workspace/Matogen/Atlas/src/python/Oracle_SqlScript.py:141: UserWarning: The provided table name 'BSP_ACCOUNT' is not found exactly as such in the database after writing the table, possibly due to case sensitivity issues. Consider using lower case table names.
  batch_df.to_sql(
history BSP_ACCOUNT
Dates Received 2024-05-01 00:00:00 .. 2024-05-31 23:59:59
Execution time: 33.08923125267029 seconds
   AccountId   AccountNo  ... assignedconsultantid         previous_loan_date
0    3805183  AOL3805183  ...                 None 2023-12-01 09:23:15.079526
1    3774453  AOL3774453  ...                 None 2024-04-13 10:37:46.473150
2    3786767  AOL3786767  ...                 None 2024-03-26 09:36:11.461058
3    3780523  AOL3780523  ...                 None 2024-04-27 08:26:16.928465
4    3766334  AOL3766334  ...                 None                        NaT

[5 rows x 77 columns]
{'ACCOUNTID': NUMBER(precision=38, scale=0, asdecimal=False), 'ACCOUNTNO': VARCHAR(length=20), 'ACCOUNTTYPEID': VARCHAR(length=14), 'PERSONID': NUMBER(precision=38, scale=0, asdecimal=False), 'HOSTID': NUMBER(precision=38, scale=0, asdecimal=False), 'STATUSID': NUMBER(precision=38, scale=0, asdecimal=False), 'LOANAMOUNT': VARCHAR(length=17), 'TOTALTOPUPAMOUNT': VARCHAR(length=13), 'TOTALFEES': VARCHAR(length=17), 'CAPITALAMOUNT': VARCHAR(length=13), 'PAYOUTAMOUNT': VARCHAR(length=18), 'THIRDPARTYPAYOUTAMOUNT': VARCHAR(length=14), 'ACCOUNTBALANCE': VARCHAR(length=19), 'INTERESTRATE': VARCHAR(length=15), 'PERIOD': NUMBER(precision=38, scale=0, asdecimal=False), 'PERIODFREQUENCYID': NUMBER(precision=38, scale=0, asdecimal=False), 'INSTALMENTAMOUNT': VARCHAR(length=17), 'NUMOFINSTALMENTS': NUMBER(precision=38, scale=0, asdecimal=False), 'STATUSREASONID': VARCHAR(length=14), 'STATUSSUBREASONID': VARCHAR(length=14), 'NLRENQUIRYREFERENCENO': VARCHAR(length=14), 'NLRREGISTRATIONNO': VARCHAR(length=14), 'STATUSCHANGEDATE': DATE(), 'FIRSTINSTALMENTDATE': DATE(), 'OPENDATE': DATE(), 'CLOSEDATE': DATE(), 'CREATEDATE': DATE(), 'CREATEDBY': NUMBER(precision=38, scale=0, asdecimal=False), 'OPTIMISTICLOCKFIELD': NUMBER(precision=38, scale=0, asdecimal=False), 'GCRECORD': VARCHAR(length=14), 'NEWSTATUSID': NUMBER(precision=38, scale=0, asdecimal=False), 'BRANCHID': NUMBER(precision=38, scale=0, asdecimal=False), 'LOANTYPE': VARCHAR(length=11), 'PAIDDATE': DATE(), 'LOANSTATEREASONCODE': VARCHAR(length=11), 'DISCOUNTAMOUNT': VARCHAR(length=13), 'HANDOVERAMOUNT': VARCHAR(length=18), 'HANDOVERDATE': DATE(), 'HANDOVERDUEDATE': DATE(), 'HANDOVERSERVICEFEE': VARCHAR(length=13), 'EXCLUDEPHOLOANREASONCODE': VARCHAR(length=14), 'ROLLOVERACCOUNTID': NUMBER(precision=38, scale=0, asdecimal=False), 'LOANENDDATE': VARCHAR(length=20), 'REPAYMENTAMOUNT': VARCHAR(length=18), 'CLIENTID': NUMBER(precision=38, scale=0, asdecimal=False), 'VAP_CST': VARCHAR(length=15), 'FUN_CST': VARCHAR(length=16), 'VAT_VAP_CST': VARCHAR(length=15), 'DISBURSEMENTMODEID': NUMBER(precision=38, scale=0, asdecimal=False), 'DEBITORDERMODEID': NUMBER(precision=38, scale=0, asdecimal=False), 'PRODUCTID': NUMBER(precision=38, scale=0, asdecimal=False), 'COMPANYID': NUMBER(precision=38, scale=0, asdecimal=False), 'CONSULTANTAPPROVEBY': NUMBER(precision=38, scale=0, asdecimal=False), 'MANAGERAPPROVEBY': NUMBER(precision=38, scale=0, asdecimal=False), 'CONSULTANTAPPROVEDATE': DATE(), 'MANAGERAPPROVEDATE': DATE(), 'REWARDAMOUNT': VARCHAR(length=13), 'REFERRALAMOUNT': VARCHAR(length=13), 'CLIENTIPADDRESS': VARCHAR(length=25), 'SERVERIPADDRESS': VARCHAR(length=23), 'IDLPSTATUS': VARCHAR(length=21), 'IDLDDATE': DATE(), 'PARENTFLASHLOANACCOUNTID': NUMBER(precision=38, scale=0, asdecimal=False), 'REPORATE': VARCHAR(length=14), 'REPORATEFACTOR': VARCHAR(length=13), 'REPORATEADJUSTMENT': VARCHAR(length=14), 'VAPCANCELID': NUMBER(precision=38, scale=0, asdecimal=False), 'VAPCANCELSTATUS': NUMBER(precision=38, scale=0, asdecimal=False), 'DAYSINARREARS': VARCHAR(length=15), 'NEWBRANCHID': VARCHAR(length=14), 'ASSIGNEDCONSULTANTID': VARCHAR(length=14), 'PREVIOUS_LOAN_DATE': DATE()}
Write data to Oracle
Batch 1/3 written successfully.
Batch 2/3 written successfully.
Batch 3/3 written successfully.
All data written to Oracle DB BSP_ACCOUNT successfully.
/Users/johan/Workspace/Matogen/Atlas/src/python/Oracle_SqlScript.py:141: UserWarning: The provided table name 'BSP_AFFORDABILITY' is not found exactly as such in the database after writing the table, possibly due to case sensitivity issues. Consider using lower case table names.
  batch_df.to_sql(
history BSP_AFFORDABILITY
Dates Received 2024-05-01 00:00:00 .. 2024-05-31 23:59:59
Execution time: 26.593677043914795 seconds
   AffordabilityId  OptionId  ...  CreditScoreFromCache  MockCreditScore
0          2749721         1  ...                 False            False
1          2751591         1  ...                 False            False
2          2747291         1  ...                  True            False
3          2751718         1  ...                 False            False
4          2756756         1  ...                 False            False

[5 rows x 60 columns]
{'AFFORDABILITYID': NUMBER(precision=38, scale=0, asdecimal=False), 'OPTIONID': NUMBER(precision=38, scale=0, asdecimal=False), 'APPLICATIONID': NUMBER(precision=38, scale=0, asdecimal=False), 'AMOUNT': VARCHAR(length=13), 'REPAYMENTAMOUNT': VARCHAR(length=13), 'TOTALFEES': VARCHAR(length=13), 'CAPITALAMOUNT': VARCHAR(length=13), 'INSTALMENT': VARCHAR(length=14), 'OPTIONTYPE': NUMBER(precision=38, scale=0, asdecimal=False), 'CREATEDATE': DATE(), 'ARREARS': VARCHAR(length=14), 'NEWSTATUSID': NUMBER(precision=38, scale=0, asdecimal=False), 'GROSSSALARY': VARCHAR(length=19), 'DEDUCTIONS': VARCHAR(length=19), 'NETSALARY': VARCHAR(length=19), 'AVERAGENETSALARY': VARCHAR(length=19), 'RENT': VARCHAR(length=17), 'WATER_LIGHTS': VARCHAR(length=17), 'TELEPHONE': VARCHAR(length=21), 'GROCERIERS': VARCHAR(length=17), 'MEDICAL': VARCHAR(length=18), 'INSURANCE': VARCHAR(length=18), 'PETROL_TRANSPORT': VARCHAR(length=17), 'SCHOOLFEES': VARCHAR(length=17), 'ENTERTAINMENT': VARCHAR(length=17), 'MAINTENANCE': VARCHAR(length=17), 'OTHER': VARCHAR(length=17), 'COMPANYLOANS': VARCHAR(length=18), 'BANKLOANS': VARCHAR(length=19), 'EMOLUORDERS': VARCHAR(length=17), 'STATEMENTDEBITS': VARCHAR(length=17), 'BANKCHARGES': VARCHAR(length=16), 'HIREPURCHASE': VARCHAR(length=18), 'OTHERMICROLOAN': VARCHAR(length=17), 'PREVIOUSMICROLOAN': VARCHAR(length=18), 'NLRSCORE': VARCHAR(length=15), 'ENQNO': VARCHAR(length=22), 'ENQDATE': DATE(), 'CPAINST': VARCHAR(length=19), 'NLRINST': VARCHAR(length=18), 'NETPM': VARCHAR(length=14), 'INSTALL_P_M': VARCHAR(length=19), 'LOANAMOUNT': VARCHAR(length=19), 'USERDEFINEDEXPENSES': VARCHAR(length=18), 'USERDEFINEDSALARY': VARCHAR(length=19), 'USERDEFINEDLIABILITY': VARCHAR(length=17), 'USERDEFINEDNLR': NUMBER(precision=38, scale=0, asdecimal=False), 'USERDEFINEDCPA': NUMBER(precision=38, scale=0, asdecimal=False), 'DISCRETION': VARCHAR(length=19), 'TOTALLIVINGEXPENSE': VARCHAR(length=21), 'RECOGNISEDLIVINGEXPENSE': VARCHAR(length=18), 'ACTUALLIVINGEXPENSE': VARCHAR(length=21), 'TOTALLIABILITY': VARCHAR(length=18), 'NLRCOMMENT': VARCHAR(length=208), 'COMPANYID': NUMBER(precision=38, scale=0, asdecimal=False), 'CHANNELCODE': NUMBER(precision=38, scale=0, asdecimal=False)}
Write data to Oracle
Batch 1/4 written successfully.
Batch 2/4 written successfully.
Batch 3/4 written successfully.
Batch 4/4 written successfully.
All data written to Oracle DB BSP_AFFORDABILITY successfully.
/Users/johan/Workspace/Matogen/Atlas/src/python/Oracle_SqlScript.py:141: UserWarning: The provided table name 'BSP_CREDITSCORE' is not found exactly as such in the database after writing the table, possibly due to case sensitivity issues. Consider using lower case table names.
  batch_df.to_sql(
history BSP_CREDITSCORE
Dates Received 2024-05-01 00:00:00 .. 2024-05-31 23:59:59
Execution time: 6.243548154830933 seconds
   CreditScoreId  ApplicationId  ...  ServiceProvider  ReferenceNumber
0        2611533        2733134  ...        COMPUSCAN             None
1        2611534        2733067  ...        COMPUSCAN             None
2        2611535        2733133  ...        COMPUSCAN             None
3        2611536        2733131  ...        COMPUSCAN             None
4        2611537        2733118  ...        COMPUSCAN             None

[5 rows x 8 columns]
{'CREDITSCOREID': NUMBER(precision=38, scale=0, asdecimal=False), 'APPLICATIONID': NUMBER(precision=38, scale=0, asdecimal=False), 'NLRSCORE': NUMBER(precision=38, scale=0, asdecimal=False), 'APPLICATIONSCORE': NUMBER(precision=38, scale=0, asdecimal=False), 'BEHAVIOURSCORE': VARCHAR(length=14), 'RISKTYPE': VARCHAR(length=24), 'SERVICEPROVIDER': VARCHAR(length=19), 'REFERENCENUMBER': VARCHAR(length=14)}
Write data to Oracle
Batch 1/4 written successfully.
Batch 2/4 written successfully.
Batch 3/4 written successfully.
Batch 4/4 written successfully.
All data written to Oracle DB BSP_CREDITSCORE successfully.
/Users/johan/Workspace/Matogen/Atlas/src/python/Oracle_SqlScript.py:141: UserWarning: The provided table name 'BSP_CLIENT' is not found exactly as such in the database after writing the table, possibly due to case sensitivity issues. Consider using lower case table names.
  batch_df.to_sql(
history BSP_CLIENT
Dates Received 2024-05-01 00:00:00 .. 2024-05-31 23:59:59
Execution time: 7.924499988555908 seconds
   ClientId  UserId PersonId  ... IsDelinquent IsDebtReview DeliquencyReasonId
0    631212       0     None  ...        False        False               None
1    699864       0     None  ...        False        False               None
2    699776       0     None  ...        False        False               None
3    473752       0     None  ...         True        False               None
4    130485       0     None  ...        False        False               None

[5 rows x 26 columns]
{'CLIENTID': NUMBER(precision=38, scale=0, asdecimal=False), 'USERID': NUMBER(precision=38, scale=0, asdecimal=False), 'PERSONID': VARCHAR(length=14), 'TITLE': VARCHAR(length=14), 'FIRSTNAME': VARCHAR(length=34), 'SURNAME': VARCHAR(length=36), 'IDNUMBER': VARCHAR(length=25), 'DATEOFBIRTH': DATE(), 'GENDER': VARCHAR(length=11), 'MARITALSTATUSID': VARCHAR(length=13), 'MARITALAGREEMENT': VARCHAR(length=14), 'ETHNICITYID': VARCHAR(length=13), 'NEWSTATUSID': NUMBER(precision=38, scale=0, asdecimal=False), 'COUNTRYOFBIRTHID': VARCHAR(length=15), 'LANGUAGEID': VARCHAR(length=14), 'MODIFIEDBY': VARCHAR(length=14), 'MODIFIEDDATE': DATE(), 'BRANCHID': NUMBER(precision=38, scale=0, asdecimal=False), 'PROPERTYOWNERSHIPID': VARCHAR(length=13), 'COMPANYID': NUMBER(precision=38, scale=0, asdecimal=False), 'CHANNELCODE': NUMBER(precision=38, scale=0, asdecimal=False), 'DELIQUENCYREASONID': VARCHAR(length=14)}
Write data to Oracle
Batch 1/3 written successfully.
Batch 2/3 written successfully.
Batch 3/3 written successfully.
All data written to Oracle DB BSP_CLIENT successfully.
/Users/johan/Workspace/Matogen/Atlas/src/python/Oracle_SqlScript.py:141: UserWarning: The provided table name 'BSP_ADDRESS' is not found exactly as such in the database after writing the table, possibly due to case sensitivity issues. Consider using lower case table names.
  batch_df.to_sql(
history BSP_ADDRESS
Dates Received 2024-05-01 00:00:00 .. 2024-05-31 23:59:59
Execution time: 8.658303022384644 seconds
   AddressId  AddressTypeId ClientId  ... AddressLine4 PostalCode Province
0    6882392              2     None  ...         None        157    130.0
1    6882393              3     None  ...         None       None      NaN
2    6882394              2     None  ...         None       1754    236.0
3    6882395              3     None  ...         None       None      NaN
4    6882396              2     None  ...         None       7600   3864.0

[5 rows x 9 columns]
{'ADDRESSID': NUMBER(precision=38, scale=0, asdecimal=False), 'ADDRESSTYPEID': NUMBER(precision=38, scale=0, asdecimal=False), 'CLIENTID': VARCHAR(length=14), 'ADDRESSLINE1': VARCHAR(length=95), 'ADDRESSLINE2': VARCHAR(length=83), 'ADDRESSLINE3': VARCHAR(length=40), 'ADDRESSLINE4': VARCHAR(length=40), 'POSTALCODE': VARCHAR(length=14), 'PROVINCE': VARCHAR(length=16)}
Write data to Oracle
Batch 1/8 written successfully.
Batch 2/8 written successfully.
Batch 3/8 written successfully.
Batch 4/8 written successfully.
Batch 5/8 written successfully.
Batch 6/8 written successfully.
Batch 7/8 written successfully.
Batch 8/8 written successfully.
All data written to Oracle DB BSP_ADDRESS successfully.
Month: 202406
/Users/johan/Workspace/Matogen/Atlas/src/python/Oracle_SqlScript.py:141: UserWarning: The provided table name 'BSP_APPLICATION' is not found exactly as such in the database after writing the table, possibly due to case sensitivity issues. Consider using lower case table names.
  batch_df.to_sql(
history BSP_APPLICATION
Dates Received 2024-06-01 00:00:00 .. 2024-06-30 23:59:59
Execution time: 31.627198219299316 seconds
   ApplicationId  AffordabilityId  ... IsCopyAppliation previous_application_date
0        2811867          2824489  ...             None   2024-04-29 11:46:30.740
1        2813378          2826000  ...             None   2024-06-03 06:17:57.923
2        2879551          2892173  ...             None   2024-05-31 11:02:17.013
3        2855379          2868001  ...             None   2024-05-25 09:23:45.760
4        2834969          2847591  ...             None   2024-05-21 06:46:52.587

[5 rows x 76 columns]
{'APPLICATIONID': NUMBER(precision=38, scale=0, asdecimal=False), 'AFFORDABILITYID': NUMBER(precision=38, scale=0, asdecimal=False), 'ACCOUNTNO': VARCHAR(length=20), 'NEXTOFKINID': VARCHAR(length=14), 'REASONID': NUMBER(precision=38, scale=0, asdecimal=False), 'ACCOUNTID': VARCHAR(length=19), 'CLIENTID': NUMBER(precision=38, scale=0, asdecimal=False), 'EMPLOYERID': NUMBER(precision=38, scale=0, asdecimal=False), 'BANKDETAILID': NUMBER(precision=38, scale=0, asdecimal=False), 'RESIDENTIALADDRESSID': NUMBER(precision=38, scale=0, asdecimal=False), 'AMOUNT': VARCHAR(length=17), 'REPAYMENTAMOUNT': VARCHAR(length=18), 'TOTALEXPENSES': VARCHAR(length=13), 'TOTALINCOME': VARCHAR(length=13), 'SALARYTYPEID': VARCHAR(length=14), 'SALARYTYPENO': NUMBER(precision=38, scale=0, asdecimal=False), 'PERIOD': NUMBER(precision=38, scale=0, asdecimal=False), 'STEP': NUMBER(precision=38, scale=0, asdecimal=False), 'STATUS': NUMBER(precision=38, scale=0, asdecimal=False), 'SETTLEMENTID': VARCHAR(length=14), 'REPAYMENTDATE': DATE(), 'HASH': VARCHAR(length=74), 'CREATEDATE': DATE(), 'IP': VARCHAR(length=14), 'OTHERINCOME': VARCHAR(length=14), 'NEWSTATUSID': NUMBER(precision=38, scale=0, asdecimal=False), 'DOCUMENTID': VARCHAR(length=14), 'INCOMEID': VARCHAR(length=14), 'APPLICATIONCLIENTID': NUMBER(precision=38, scale=0, asdecimal=False), 'DISBURSEMENTID': NUMBER(precision=38, scale=0, asdecimal=False), 'QUOTATIONID': NUMBER(precision=38, scale=0, asdecimal=False), 'BRANCHID': NUMBER(precision=38, scale=0, asdecimal=False), 'AGENTCODE': VARCHAR(length=23), 'CREATEDBY': NUMBER(precision=38, scale=0, asdecimal=False), 'ROLLOVERACCOUNTID': NUMBER(precision=38, scale=0, asdecimal=False), 'PAYABLEAMOUNT': VARCHAR(length=17), 'DCQUOTATIONSTATUS': VARCHAR(length=14), 'DCAGREEMENTSTATUS': VARCHAR(length=14), 'DCAGREEMENTID': NUMBER(precision=38, scale=0, asdecimal=False), 'DCQUOTATIONID': NUMBER(precision=38, scale=0, asdecimal=False), 'DISBURSEMENTMODEID': NUMBER(precision=38, scale=0, asdecimal=False), 'DEBITORDERMODEID': NUMBER(precision=38, scale=0, asdecimal=False), 'COMPANYID': NUMBER(precision=38, scale=0, asdecimal=False), 'CHANNELCODE': NUMBER(precision=38, scale=0, asdecimal=False), 'CHANNELREFERENCENO': VARCHAR(length=14), 'REQUESTEDLOANAMOUNT': VARCHAR(length=16), 'PRODUCTID': NUMBER(precision=38, scale=0, asdecimal=False), 'CAMPAIGNCODE': VARCHAR(length=24), 'PROCESSBY': VARCHAR(length=20), 'REFERRALCODE': VARCHAR(length=20), 'ROLLOVERACCEPTANCEDATE': DATE(), 'CLIENTIPADDRESS': VARCHAR(length=25), 'SERVERIPADDRESS': VARCHAR(length=23), 'PARENTFLASHLOANACCOUNTID': NUMBER(precision=38, scale=0, asdecimal=False), 'BRANDID': NUMBER(precision=38, scale=0, asdecimal=False), 'COPYLOANACCOUNTID': NUMBER(precision=38, scale=0, asdecimal=False), 'ISLOANOREMI': VARCHAR(length=14), 'INSTALLMENTAFFORDABILITYPERMONTH': VARCHAR(length=18), 'CANCELREASONID': VARCHAR(length=14), 'SOURCE': VARCHAR(length=14), 'QUOTEAPPROVALBY': VARCHAR(length=18), 'ISGETOFFEROVERRIDE': VARCHAR(length=15), 'OVERRIDEOFFERREASONID': VARCHAR(length=14), 'OVERRIDEOFFERREASON': VARCHAR(length=132), 'AGGREGATELOAN': VARCHAR(length=15), 'AGGREGATELOANAMOUNT': VARCHAR(length=14), 'CLIENTCATEGORY': VARCHAR(length=14), 'NOOFDAYSSINCELASTLOANPAID': VARCHAR(length=13), 'CURRENTACTIVELOAN': VARCHAR(length=15), 'SOURCEAPPLICATIONID': VARCHAR(length=13), 'ISCOPYAPPLIATION': VARCHAR(length=15), 'PREVIOUS_APPLICATION_DATE': DATE()}
Write data to Oracle
Batch 1/4 written successfully.
Batch 2/4 written successfully.
Batch 3/4 written successfully.
Batch 4/4 written successfully.
All data written to Oracle DB BSP_APPLICATION successfully.
/Users/johan/Workspace/Matogen/Atlas/src/python/Oracle_SqlScript.py:141: UserWarning: The provided table name 'BSP_ACCOUNT' is not found exactly as such in the database after writing the table, possibly due to case sensitivity issues. Consider using lower case table names.
  batch_df.to_sql(
history BSP_ACCOUNT
Dates Received 2024-06-01 00:00:00 .. 2024-06-30 23:59:59
Execution time: 34.24702501296997 seconds
   AccountId   AccountNo  ... assignedconsultantid         previous_loan_date
0    3814860  AOL3814860  ...                 None 2024-04-29 11:50:20.860314
1    3902249  AOL3902249  ...                 None 2024-05-31 11:14:31.503551
2    3869132  AOL3869132  ...                 None 2024-05-25 09:33:29.111503
3    3843991  AOL3843991  ...                 None 2024-05-21 07:21:09.777246
4    3884512  AOL3884512  ...                 None 2024-05-27 13:56:29.396188

[5 rows x 77 columns]
{'ACCOUNTID': NUMBER(precision=38, scale=0, asdecimal=False), 'ACCOUNTNO': VARCHAR(length=20), 'ACCOUNTTYPEID': VARCHAR(length=14), 'PERSONID': NUMBER(precision=38, scale=0, asdecimal=False), 'HOSTID': NUMBER(precision=38, scale=0, asdecimal=False), 'STATUSID': NUMBER(precision=38, scale=0, asdecimal=False), 'LOANAMOUNT': VARCHAR(length=17), 'TOTALTOPUPAMOUNT': VARCHAR(length=13), 'TOTALFEES': VARCHAR(length=17), 'CAPITALAMOUNT': VARCHAR(length=13), 'PAYOUTAMOUNT': VARCHAR(length=18), 'THIRDPARTYPAYOUTAMOUNT': VARCHAR(length=14), 'ACCOUNTBALANCE': VARCHAR(length=18), 'INTERESTRATE': VARCHAR(length=15), 'PERIOD': NUMBER(precision=38, scale=0, asdecimal=False), 'PERIODFREQUENCYID': NUMBER(precision=38, scale=0, asdecimal=False), 'INSTALMENTAMOUNT': VARCHAR(length=17), 'NUMOFINSTALMENTS': NUMBER(precision=38, scale=0, asdecimal=False), 'STATUSREASONID': VARCHAR(length=14), 'STATUSSUBREASONID': VARCHAR(length=14), 'NLRENQUIRYREFERENCENO': VARCHAR(length=14), 'NLRREGISTRATIONNO': VARCHAR(length=14), 'STATUSCHANGEDATE': DATE(), 'FIRSTINSTALMENTDATE': DATE(), 'OPENDATE': DATE(), 'CLOSEDATE': DATE(), 'CREATEDATE': DATE(), 'CREATEDBY': NUMBER(precision=38, scale=0, asdecimal=False), 'OPTIMISTICLOCKFIELD': NUMBER(precision=38, scale=0, asdecimal=False), 'GCRECORD': VARCHAR(length=14), 'NEWSTATUSID': NUMBER(precision=38, scale=0, asdecimal=False), 'BRANCHID': NUMBER(precision=38, scale=0, asdecimal=False), 'LOANTYPE': VARCHAR(length=11), 'PAIDDATE': DATE(), 'LOANSTATEREASONCODE': VARCHAR(length=11), 'DISCOUNTAMOUNT': VARCHAR(length=13), 'HANDOVERAMOUNT': VARCHAR(length=18), 'HANDOVERDATE': DATE(), 'HANDOVERDUEDATE': DATE(), 'HANDOVERSERVICEFEE': VARCHAR(length=13), 'EXCLUDEPHOLOANREASONCODE': VARCHAR(length=14), 'ROLLOVERACCOUNTID': NUMBER(precision=38, scale=0, asdecimal=False), 'LOANENDDATE': VARCHAR(length=20), 'REPAYMENTAMOUNT': VARCHAR(length=18), 'CLIENTID': NUMBER(precision=38, scale=0, asdecimal=False), 'VAP_CST': VARCHAR(length=15), 'FUN_CST': VARCHAR(length=16), 'VAT_VAP_CST': VARCHAR(length=16), 'DISBURSEMENTMODEID': NUMBER(precision=38, scale=0, asdecimal=False), 'DEBITORDERMODEID': NUMBER(precision=38, scale=0, asdecimal=False), 'PRODUCTID': VARCHAR(length=14), 'COMPANYID': VARCHAR(length=13), 'CONSULTANTAPPROVEBY': NUMBER(precision=38, scale=0, asdecimal=False), 'MANAGERAPPROVEBY': NUMBER(precision=38, scale=0, asdecimal=False), 'CONSULTANTAPPROVEDATE': DATE(), 'MANAGERAPPROVEDATE': DATE(), 'REWARDAMOUNT': VARCHAR(length=13), 'ISREFERRED': VARCHAR(length=15), 'REFERRALAMOUNT': VARCHAR(length=13), 'CLIENTIPADDRESS': VARCHAR(length=25), 'SERVERIPADDRESS': VARCHAR(length=23), 'IDLPSTATUS': VARCHAR(length=21), 'IDLDDATE': DATE(), 'PARENTFLASHLOANACCOUNTID': NUMBER(precision=38, scale=0, asdecimal=False), 'REPORATE': VARCHAR(length=14), 'REPORATEFACTOR': VARCHAR(length=13), 'REPORATEADJUSTMENT': VARCHAR(length=14), 'ISUNSECUREDLOAN': VARCHAR(length=15), 'VAPCANCELID': NUMBER(precision=38, scale=0, asdecimal=False), 'VAPCANCELSTATUS': NUMBER(precision=38, scale=0, asdecimal=False), 'DAYSINARREARS': VARCHAR(length=15), 'NEWBRANCHID': VARCHAR(length=14), 'ASSIGNEDCONSULTANTID': VARCHAR(length=14), 'PREVIOUS_LOAN_DATE': DATE()}
Write data to Oracle
Batch 1/3 written successfully.
Batch 2/3 written successfully.
Batch 3/3 written successfully.
All data written to Oracle DB BSP_ACCOUNT successfully.
/Users/johan/Workspace/Matogen/Atlas/src/python/Oracle_SqlScript.py:141: UserWarning: The provided table name 'BSP_AFFORDABILITY' is not found exactly as such in the database after writing the table, possibly due to case sensitivity issues. Consider using lower case table names.
  batch_df.to_sql(
history BSP_AFFORDABILITY
Dates Received 2024-06-01 00:00:00 .. 2024-06-30 23:59:59
Execution time: 18.772130012512207 seconds
   AffordabilityId  OptionId  ...  CreditScoreFromCache  MockCreditScore
0          2825117         1  ...                 False            False
1          2825290         1  ...                 False            False
2          2850740         1  ...                 False            False
3          2851014         1  ...                 False            False
4          2857706         1  ...                 False            False

[5 rows x 60 columns]
{'AFFORDABILITYID': NUMBER(precision=38, scale=0, asdecimal=False), 'OPTIONID': NUMBER(precision=38, scale=0, asdecimal=False), 'APPLICATIONID': NUMBER(precision=38, scale=0, asdecimal=False), 'AMOUNT': VARCHAR(length=13), 'REPAYMENTAMOUNT': VARCHAR(length=13), 'TOTALFEES': VARCHAR(length=13), 'CAPITALAMOUNT': VARCHAR(length=13), 'INSTALMENT': VARCHAR(length=14), 'OPTIONTYPE': NUMBER(precision=38, scale=0, asdecimal=False), 'CREATEDATE': DATE(), 'ARREARS': VARCHAR(length=14), 'NEWSTATUSID': NUMBER(precision=38, scale=0, asdecimal=False), 'GROSSSALARY': VARCHAR(length=19), 'DEDUCTIONS': VARCHAR(length=19), 'NETSALARY': VARCHAR(length=19), 'AVERAGENETSALARY': VARCHAR(length=19), 'RENT': VARCHAR(length=18), 'WATER_LIGHTS': VARCHAR(length=17), 'TELEPHONE': VARCHAR(length=21), 'GROCERIERS': VARCHAR(length=17), 'MEDICAL': VARCHAR(length=17), 'INSURANCE': VARCHAR(length=17), 'PETROL_TRANSPORT': VARCHAR(length=17), 'SCHOOLFEES': VARCHAR(length=17), 'ENTERTAINMENT': VARCHAR(length=17), 'MAINTENANCE': VARCHAR(length=17), 'OTHER': VARCHAR(length=18), 'COMPANYLOANS': VARCHAR(length=19), 'BANKLOANS': VARCHAR(length=19), 'EMOLUORDERS': VARCHAR(length=17), 'STATEMENTDEBITS': VARCHAR(length=18), 'BANKCHARGES': VARCHAR(length=18), 'HIREPURCHASE': VARCHAR(length=18), 'OTHERMICROLOAN': VARCHAR(length=18), 'PREVIOUSMICROLOAN': VARCHAR(length=17), 'NLRSCORE': VARCHAR(length=15), 'ENQNO': VARCHAR(length=22), 'ENQDATE': DATE(), 'CPAINST': VARCHAR(length=18), 'NLRINST': VARCHAR(length=18), 'NETPM': VARCHAR(length=14), 'INSTALL_P_M': VARCHAR(length=19), 'LOANAMOUNT': VARCHAR(length=18), 'USERDEFINEDEXPENSES': VARCHAR(length=18), 'USERDEFINEDSALARY': VARCHAR(length=19), 'USERDEFINEDLIABILITY': VARCHAR(length=18), 'USERDEFINEDNLR': NUMBER(precision=38, scale=0, asdecimal=False), 'USERDEFINEDCPA': NUMBER(precision=38, scale=0, asdecimal=False), 'DISCRETION': VARCHAR(length=19), 'TOTALLIVINGEXPENSE': VARCHAR(length=21), 'RECOGNISEDLIVINGEXPENSE': VARCHAR(length=18), 'ACTUALLIVINGEXPENSE': VARCHAR(length=21), 'TOTALLIABILITY': VARCHAR(length=19), 'NLRCOMMENT': VARCHAR(length=620), 'COMPANYID': NUMBER(precision=38, scale=0, asdecimal=False), 'CHANNELCODE': NUMBER(precision=38, scale=0, asdecimal=False)}
Write data to Oracle
Batch 1/4 written successfully.
Batch 2/4 written successfully.
Batch 3/4 written successfully.
Batch 4/4 written successfully.
All data written to Oracle DB BSP_AFFORDABILITY successfully.
/Users/johan/Workspace/Matogen/Atlas/src/python/Oracle_SqlScript.py:141: UserWarning: The provided table name 'BSP_CREDITSCORE' is not found exactly as such in the database after writing the table, possibly due to case sensitivity issues. Consider using lower case table names.
  batch_df.to_sql(
history BSP_CREDITSCORE
Dates Received 2024-06-01 00:00:00 .. 2024-06-30 23:59:59
Execution time: 6.352434873580933 seconds
   CreditScoreId  ApplicationId  ...  ServiceProvider  ReferenceNumber
0        2732708        2857412  ...        COMPUSCAN             None
1        2732709        2857336  ...        COMPUSCAN             None
2        2732710        2857368  ...        COMPUSCAN             None
3        2732711        2857383  ...        COMPUSCAN             None
4        2732712        2857405  ...        COMPUSCAN             None

[5 rows x 8 columns]
{'CREDITSCOREID': NUMBER(precision=38, scale=0, asdecimal=False), 'APPLICATIONID': NUMBER(precision=38, scale=0, asdecimal=False), 'NLRSCORE': NUMBER(precision=38, scale=0, asdecimal=False), 'APPLICATIONSCORE': NUMBER(precision=38, scale=0, asdecimal=False), 'BEHAVIOURSCORE': VARCHAR(length=14), 'RISKTYPE': VARCHAR(length=24), 'SERVICEPROVIDER': VARCHAR(length=19), 'REFERENCENUMBER': VARCHAR(length=14)}
Write data to Oracle
Batch 1/4 written successfully.
Batch 2/4 written successfully.
Batch 3/4 written successfully.
Batch 4/4 written successfully.
All data written to Oracle DB BSP_CREDITSCORE successfully.
/Users/johan/Workspace/Matogen/Atlas/src/python/Oracle_SqlScript.py:141: UserWarning: The provided table name 'BSP_CLIENT' is not found exactly as such in the database after writing the table, possibly due to case sensitivity issues. Consider using lower case table names.
  batch_df.to_sql(
history BSP_CLIENT
Dates Received 2024-06-01 00:00:00 .. 2024-06-30 23:59:59
Execution time: 7.315556287765503 seconds
   ClientId  UserId PersonId  ... IsDelinquent IsDebtReview DeliquencyReasonId
0    635791       0     None  ...        False        False               None
1    608214       0     None  ...         True        False               None
2    724607       0     None  ...        False        False               None
3    675553       0     None  ...        False        False               None
4    619355       0     None  ...         True        False               None

[5 rows x 26 columns]
{'CLIENTID': NUMBER(precision=38, scale=0, asdecimal=False), 'USERID': NUMBER(precision=38, scale=0, asdecimal=False), 'PERSONID': VARCHAR(length=14), 'TITLE': VARCHAR(length=14), 'FIRSTNAME': VARCHAR(length=31), 'SURNAME': VARCHAR(length=39), 'IDNUMBER': VARCHAR(length=23), 'DATEOFBIRTH': DATE(), 'GENDER': VARCHAR(length=11), 'MARITALSTATUSID': VARCHAR(length=13), 'MARITALAGREEMENT': VARCHAR(length=14), 'ETHNICITYID': VARCHAR(length=13), 'NEWSTATUSID': NUMBER(precision=38, scale=0, asdecimal=False), 'COUNTRYOFBIRTHID': VARCHAR(length=15), 'LANGUAGEID': VARCHAR(length=14), 'MODIFIEDBY': VARCHAR(length=14), 'MODIFIEDDATE': DATE(), 'BRANCHID': NUMBER(precision=38, scale=0, asdecimal=False), 'PROPERTYOWNERSHIPID': VARCHAR(length=13), 'COMPANYID': NUMBER(precision=38, scale=0, asdecimal=False), 'CHANNELCODE': NUMBER(precision=38, scale=0, asdecimal=False), 'DELIQUENCYREASONID': VARCHAR(length=14)}
Write data to Oracle
Batch 1/3 written successfully.
Batch 2/3 written successfully.
Batch 3/3 written successfully.
All data written to Oracle DB BSP_CLIENT successfully.
/Users/johan/Workspace/Matogen/Atlas/src/python/Oracle_SqlScript.py:141: UserWarning: The provided table name 'BSP_ADDRESS' is not found exactly as such in the database after writing the table, possibly due to case sensitivity issues. Consider using lower case table names.
  batch_df.to_sql(
history BSP_ADDRESS
Dates Received 2024-06-01 00:00:00 .. 2024-06-30 23:59:59
Execution time: 9.31983494758606 seconds
   AddressId  AddressTypeId ClientId  ... AddressLine4 PostalCode Province
0    7068741              2     None  ...         None         82    529.0
1    7068742              3     None  ...     PRETORIA       0045      NaN
2    7068743              2     None  ...         None        920   1122.0
3    7068744              3     None  ...         None       None      NaN
4    7068747              2     None  ...         None       4092    177.0

[5 rows x 9 columns]
{'ADDRESSID': NUMBER(precision=38, scale=0, asdecimal=False), 'ADDRESSTYPEID': NUMBER(precision=38, scale=0, asdecimal=False), 'CLIENTID': VARCHAR(length=14), 'ADDRESSLINE1': VARCHAR(length=95), 'ADDRESSLINE2': VARCHAR(length=83), 'ADDRESSLINE3': VARCHAR(length=40), 'ADDRESSLINE4': VARCHAR(length=40), 'POSTALCODE': VARCHAR(length=14), 'PROVINCE': VARCHAR(length=16)}
Write data to Oracle
Batch 1/8 written successfully.
Batch 2/8 written successfully.
Batch 3/8 written successfully.
Batch 4/8 written successfully.
Batch 5/8 written successfully.
Batch 6/8 written successfully.
Batch 7/8 written successfully.
Batch 8/8 written successfully.
All data written to Oracle DB BSP_ADDRESS successfully.
Month: 202407
/Users/johan/Workspace/Matogen/Atlas/src/python/Oracle_SqlScript.py:141: UserWarning: The provided table name 'BSP_APPLICATION' is not found exactly as such in the database after writing the table, possibly due to case sensitivity issues. Consider using lower case table names.
  batch_df.to_sql(
history BSP_APPLICATION
Dates Received 2024-07-01 00:00:00 .. 2024-07-31 23:59:59
Execution time: 32.04086685180664 seconds
   ApplicationId  AffordabilityId  ... IsCopyAppliation previous_application_date
0        2909952          2922574  ...            False                       NaT
1        2896357          2908979  ...             None   2024-05-24 10:04:50.710
2        2932006          2944628  ...            False   2024-06-25 07:10:45.713
3        2908882          2921504  ...            False   2024-06-13 10:14:35.750
4        2925836          2938458  ...            False   2024-07-11 08:35:08.667

[5 rows x 76 columns]
{'APPLICATIONID': NUMBER(precision=38, scale=0, asdecimal=False), 'AFFORDABILITYID': NUMBER(precision=38, scale=0, asdecimal=False), 'ACCOUNTNO': VARCHAR(length=20), 'NEXTOFKINID': VARCHAR(length=14), 'REASONID': NUMBER(precision=38, scale=0, asdecimal=False), 'ACCOUNTID': VARCHAR(length=19), 'CLIENTID': NUMBER(precision=38, scale=0, asdecimal=False), 'EMPLOYERID': NUMBER(precision=38, scale=0, asdecimal=False), 'BANKDETAILID': NUMBER(precision=38, scale=0, asdecimal=False), 'RESIDENTIALADDRESSID': NUMBER(precision=38, scale=0, asdecimal=False), 'AMOUNT': VARCHAR(length=17), 'REPAYMENTAMOUNT': VARCHAR(length=18), 'TOTALEXPENSES': VARCHAR(length=13), 'TOTALINCOME': VARCHAR(length=13), 'SALARYTYPEID': VARCHAR(length=14), 'SALARYTYPENO': NUMBER(precision=38, scale=0, asdecimal=False), 'PERIOD': NUMBER(precision=38, scale=0, asdecimal=False), 'STEP': NUMBER(precision=38, scale=0, asdecimal=False), 'STATUS': NUMBER(precision=38, scale=0, asdecimal=False), 'SETTLEMENTID': VARCHAR(length=14), 'REPAYMENTDATE': DATE(), 'HASH': VARCHAR(length=74), 'CREATEDATE': DATE(), 'IP': VARCHAR(length=14), 'OTHERINCOME': VARCHAR(length=14), 'NEWSTATUSID': NUMBER(precision=38, scale=0, asdecimal=False), 'DOCUMENTID': VARCHAR(length=14), 'INCOMEID': VARCHAR(length=14), 'APPLICATIONCLIENTID': NUMBER(precision=38, scale=0, asdecimal=False), 'DISBURSEMENTID': NUMBER(precision=38, scale=0, asdecimal=False), 'QUOTATIONID': NUMBER(precision=38, scale=0, asdecimal=False), 'BRANCHID': NUMBER(precision=38, scale=0, asdecimal=False), 'AGENTCODE': VARCHAR(length=23), 'CREATEDBY': NUMBER(precision=38, scale=0, asdecimal=False), 'ROLLOVERACCOUNTID': NUMBER(precision=38, scale=0, asdecimal=False), 'PAYABLEAMOUNT': VARCHAR(length=17), 'DCQUOTATIONSTATUS': VARCHAR(length=14), 'DCAGREEMENTSTATUS': VARCHAR(length=14), 'DCAGREEMENTID': NUMBER(precision=38, scale=0, asdecimal=False), 'DCQUOTATIONID': NUMBER(precision=38, scale=0, asdecimal=False), 'DISBURSEMENTMODEID': NUMBER(precision=38, scale=0, asdecimal=False), 'DEBITORDERMODEID': NUMBER(precision=38, scale=0, asdecimal=False), 'COMPANYID': NUMBER(precision=38, scale=0, asdecimal=False), 'CHANNELCODE': NUMBER(precision=38, scale=0, asdecimal=False), 'CHANNELREFERENCENO': VARCHAR(length=14), 'REQUESTEDLOANAMOUNT': VARCHAR(length=16), 'PRODUCTID': NUMBER(precision=38, scale=0, asdecimal=False), 'CAMPAIGNCODE': VARCHAR(length=40), 'PROCESSBY': VARCHAR(length=20), 'REFERRALCODE': VARCHAR(length=20), 'ROLLOVERACCEPTANCEDATE': DATE(), 'CLIENTIPADDRESS': VARCHAR(length=25), 'SERVERIPADDRESS': VARCHAR(length=23), 'PARENTFLASHLOANACCOUNTID': NUMBER(precision=38, scale=0, asdecimal=False), 'BRANDID': NUMBER(precision=38, scale=0, asdecimal=False), 'COPYLOANACCOUNTID': NUMBER(precision=38, scale=0, asdecimal=False), 'ISLOANOREMI': VARCHAR(length=14), 'INSTALLMENTAFFORDABILITYPERMONTH': VARCHAR(length=22), 'CANCELREASONID': VARCHAR(length=14), 'SOURCE': VARCHAR(length=14), 'QUOTEAPPROVALBY': VARCHAR(length=18), 'ISGETOFFEROVERRIDE': VARCHAR(length=15), 'OVERRIDEOFFERREASONID': VARCHAR(length=14), 'OVERRIDEOFFERREASON': VARCHAR(length=97), 'AGGREGATELOAN': VARCHAR(length=15), 'AGGREGATELOANAMOUNT': VARCHAR(length=13), 'CLIENTCATEGORY': VARCHAR(length=25), 'NOOFDAYSSINCELASTLOANPAID': VARCHAR(length=16), 'CURRENTACTIVELOAN': VARCHAR(length=15), 'SOURCEAPPLICATIONID': VARCHAR(length=13), 'ISCOPYAPPLIATION': VARCHAR(length=15), 'PREVIOUS_APPLICATION_DATE': DATE()}
Write data to Oracle
Batch 1/4 written successfully.
Batch 2/4 written successfully.
Batch 3/4 written successfully.
Batch 4/4 written successfully.
All data written to Oracle DB BSP_APPLICATION successfully.
/Users/johan/Workspace/Matogen/Atlas/src/python/Oracle_SqlScript.py:141: UserWarning: The provided table name 'BSP_ACCOUNT' is not found exactly as such in the database after writing the table, possibly due to case sensitivity issues. Consider using lower case table names.
  batch_df.to_sql(
history BSP_ACCOUNT
Dates Received 2024-07-01 00:00:00 .. 2024-07-31 23:59:59
Execution time: 25.055452823638916 seconds
   AccountId   AccountNo  ... assignedconsultantid         previous_loan_date
0    3925024  AOL3925024  ...                 None 2024-05-24 10:43:17.028358
1    3968926  AOL3968926  ...                 None 2024-06-25 07:22:57.393164
2    3961868  AOL3961868  ...                 None 2024-06-13 11:57:36.251703
3    3975820  AOL3975820  ...                 None 2024-06-27 09:36:07.659890
4    3991705  AOL3991705  ...                 None 2024-07-29 09:58:52.065615

[5 rows x 77 columns]
{'ACCOUNTID': NUMBER(precision=38, scale=0, asdecimal=False), 'ACCOUNTNO': VARCHAR(length=20), 'ACCOUNTTYPEID': VARCHAR(length=14), 'PERSONID': NUMBER(precision=38, scale=0, asdecimal=False), 'HOSTID': NUMBER(precision=38, scale=0, asdecimal=False), 'STATUSID': NUMBER(precision=38, scale=0, asdecimal=False), 'LOANAMOUNT': VARCHAR(length=17), 'TOTALTOPUPAMOUNT': VARCHAR(length=13), 'TOTALFEES': VARCHAR(length=17), 'CAPITALAMOUNT': VARCHAR(length=13), 'PAYOUTAMOUNT': VARCHAR(length=18), 'THIRDPARTYPAYOUTAMOUNT': VARCHAR(length=14), 'ACCOUNTBALANCE': VARCHAR(length=18), 'INTERESTRATE': VARCHAR(length=15), 'PERIOD': NUMBER(precision=38, scale=0, asdecimal=False), 'PERIODFREQUENCYID': NUMBER(precision=38, scale=0, asdecimal=False), 'INSTALMENTAMOUNT': VARCHAR(length=17), 'NUMOFINSTALMENTS': NUMBER(precision=38, scale=0, asdecimal=False), 'STATUSREASONID': VARCHAR(length=14), 'STATUSSUBREASONID': VARCHAR(length=14), 'NLRENQUIRYREFERENCENO': VARCHAR(length=14), 'NLRREGISTRATIONNO': VARCHAR(length=14), 'STATUSCHANGEDATE': DATE(), 'FIRSTINSTALMENTDATE': DATE(), 'OPENDATE': DATE(), 'CLOSEDATE': DATE(), 'CREATEDATE': DATE(), 'CREATEDBY': NUMBER(precision=38, scale=0, asdecimal=False), 'OPTIMISTICLOCKFIELD': NUMBER(precision=38, scale=0, asdecimal=False), 'GCRECORD': VARCHAR(length=14), 'NEWSTATUSID': NUMBER(precision=38, scale=0, asdecimal=False), 'BRANCHID': NUMBER(precision=38, scale=0, asdecimal=False), 'LOANTYPE': VARCHAR(length=11), 'PAIDDATE': DATE(), 'LOANSTATEREASONCODE': VARCHAR(length=14), 'DISCOUNTAMOUNT': VARCHAR(length=13), 'HANDOVERAMOUNT': VARCHAR(length=18), 'HANDOVERDATE': DATE(), 'HANDOVERDUEDATE': DATE(), 'HANDOVERSERVICEFEE': VARCHAR(length=13), 'EXCLUDEPHOLOANREASONCODE': VARCHAR(length=14), 'ROLLOVERACCOUNTID': NUMBER(precision=38, scale=0, asdecimal=False), 'LOANENDDATE': VARCHAR(length=20), 'REPAYMENTAMOUNT': VARCHAR(length=18), 'CLIENTID': NUMBER(precision=38, scale=0, asdecimal=False), 'VAP_CST': VARCHAR(length=15), 'FUN_CST': VARCHAR(length=16), 'VAT_VAP_CST': VARCHAR(length=16), 'DISBURSEMENTMODEID': NUMBER(precision=38, scale=0, asdecimal=False), 'DEBITORDERMODEID': NUMBER(precision=38, scale=0, asdecimal=False), 'PRODUCTID': NUMBER(precision=38, scale=0, asdecimal=False), 'COMPANYID': NUMBER(precision=38, scale=0, asdecimal=False), 'CONSULTANTAPPROVEBY': NUMBER(precision=38, scale=0, asdecimal=False), 'MANAGERAPPROVEBY': NUMBER(precision=38, scale=0, asdecimal=False), 'CONSULTANTAPPROVEDATE': DATE(), 'MANAGERAPPROVEDATE': DATE(), 'REWARDAMOUNT': VARCHAR(length=13), 'ISREFERRED': VARCHAR(length=15), 'REFERRALAMOUNT': VARCHAR(length=13), 'CLIENTIPADDRESS': VARCHAR(length=25), 'SERVERIPADDRESS': VARCHAR(length=23), 'IDLPSTATUS': VARCHAR(length=21), 'IDLDDATE': DATE(), 'PARENTFLASHLOANACCOUNTID': NUMBER(precision=38, scale=0, asdecimal=False), 'REPORATE': VARCHAR(length=14), 'REPORATEFACTOR': VARCHAR(length=13), 'REPORATEADJUSTMENT': VARCHAR(length=14), 'VAPCANCELID': NUMBER(precision=38, scale=0, asdecimal=False), 'VAPCANCELSTATUS': NUMBER(precision=38, scale=0, asdecimal=False), 'DAYSINARREARS': VARCHAR(length=15), 'NEWBRANCHID': VARCHAR(length=14), 'ASSIGNEDCONSULTANTID': VARCHAR(length=14), 'PREVIOUS_LOAN_DATE': DATE()}
Write data to Oracle
Batch 1/3 written successfully.
Batch 2/3 written successfully.
Batch 3/3 written successfully.
All data written to Oracle DB BSP_ACCOUNT successfully.
/Users/johan/Workspace/Matogen/Atlas/src/python/Oracle_SqlScript.py:141: UserWarning: The provided table name 'BSP_AFFORDABILITY' is not found exactly as such in the database after writing the table, possibly due to case sensitivity issues. Consider using lower case table names.
  batch_df.to_sql(
history BSP_AFFORDABILITY
Dates Received 2024-07-01 00:00:00 .. 2024-07-31 23:59:59
Execution time: 19.410301208496094 seconds
   AffordabilityId  OptionId  ...  CreditScoreFromCache  MockCreditScore
0          2894095         1  ...                 False            False
1          2897579         1  ...                 False            False
2          2897940         1  ...                 False            False
3          2915462         1  ...                 False            False
4          2895038         1  ...                 False            False

[5 rows x 60 columns]
{'AFFORDABILITYID': NUMBER(precision=38, scale=0, asdecimal=False), 'OPTIONID': NUMBER(precision=38, scale=0, asdecimal=False), 'APPLICATIONID': NUMBER(precision=38, scale=0, asdecimal=False), 'AMOUNT': VARCHAR(length=13), 'REPAYMENTAMOUNT': VARCHAR(length=13), 'TOTALFEES': VARCHAR(length=13), 'CAPITALAMOUNT': VARCHAR(length=13), 'INSTALMENT': VARCHAR(length=14), 'OPTIONTYPE': NUMBER(precision=38, scale=0, asdecimal=False), 'CREATEDATE': DATE(), 'ARREARS': VARCHAR(length=14), 'NEWSTATUSID': NUMBER(precision=38, scale=0, asdecimal=False), 'GROSSSALARY': VARCHAR(length=19), 'DEDUCTIONS': VARCHAR(length=19), 'NETSALARY': VARCHAR(length=19), 'AVERAGENETSALARY': VARCHAR(length=19), 'RENT': VARCHAR(length=17), 'WATER_LIGHTS': VARCHAR(length=16), 'TELEPHONE': VARCHAR(length=21), 'GROCERIERS': VARCHAR(length=17), 'MEDICAL': VARCHAR(length=16), 'INSURANCE': VARCHAR(length=17), 'PETROL_TRANSPORT': VARCHAR(length=17), 'SCHOOLFEES': VARCHAR(length=17), 'ENTERTAINMENT': VARCHAR(length=17), 'MAINTENANCE': VARCHAR(length=17), 'OTHER': VARCHAR(length=19), 'COMPANYLOANS': VARCHAR(length=17), 'BANKLOANS': VARCHAR(length=18), 'EMOLUORDERS': VARCHAR(length=17), 'STATEMENTDEBITS': VARCHAR(length=18), 'BANKCHARGES': VARCHAR(length=16), 'HIREPURCHASE': VARCHAR(length=17), 'OTHERMICROLOAN': VARCHAR(length=17), 'PREVIOUSMICROLOAN': VARCHAR(length=18), 'NLRSCORE': VARCHAR(length=15), 'ENQNO': VARCHAR(length=22), 'ENQDATE': DATE(), 'CPAINST': VARCHAR(length=18), 'NLRINST': VARCHAR(length=18), 'NETPM': VARCHAR(length=14), 'INSTALL_P_M': VARCHAR(length=19), 'LOANAMOUNT': VARCHAR(length=19), 'USERDEFINEDEXPENSES': VARCHAR(length=18), 'USERDEFINEDSALARY': VARCHAR(length=19), 'USERDEFINEDLIABILITY': VARCHAR(length=18), 'USERDEFINEDNLR': NUMBER(precision=38, scale=0, asdecimal=False), 'USERDEFINEDCPA': NUMBER(precision=38, scale=0, asdecimal=False), 'DISCRETION': VARCHAR(length=19), 'TOTALLIVINGEXPENSE': VARCHAR(length=21), 'RECOGNISEDLIVINGEXPENSE': VARCHAR(length=18), 'ACTUALLIVINGEXPENSE': VARCHAR(length=21), 'TOTALLIABILITY': VARCHAR(length=17), 'NLRCOMMENT': VARCHAR(length=403), 'COMPANYID': NUMBER(precision=38, scale=0, asdecimal=False), 'CHANNELCODE': NUMBER(precision=38, scale=0, asdecimal=False)}
Write data to Oracle
Batch 1/4 written successfully.
Batch 2/4 written successfully.
Batch 3/4 written successfully.
Batch 4/4 written successfully.
All data written to Oracle DB BSP_AFFORDABILITY successfully.
/Users/johan/Workspace/Matogen/Atlas/src/python/Oracle_SqlScript.py:141: UserWarning: The provided table name 'BSP_CREDITSCORE' is not found exactly as such in the database after writing the table, possibly due to case sensitivity issues. Consider using lower case table names.
  batch_df.to_sql(
history BSP_CREDITSCORE
Dates Received 2024-07-01 00:00:00 .. 2024-07-31 23:59:59
Execution time: 6.145075082778931 seconds
   CreditScoreId  ApplicationId  ...  ServiceProvider  ReferenceNumber
0        2756212        2881475  ...        COMPUSCAN             None
1        2756213        2881476  ...        COMPUSCAN             None
2        2756214        2881477  ...        COMPUSCAN             None
3        2756215        2881478  ...        COMPUSCAN             None
4        2756216        2881479  ...        COMPUSCAN             None

[5 rows x 8 columns]
{'CREDITSCOREID': NUMBER(precision=38, scale=0, asdecimal=False), 'APPLICATIONID': NUMBER(precision=38, scale=0, asdecimal=False), 'NLRSCORE': NUMBER(precision=38, scale=0, asdecimal=False), 'APPLICATIONSCORE': NUMBER(precision=38, scale=0, asdecimal=False), 'BEHAVIOURSCORE': VARCHAR(length=14), 'RISKTYPE': VARCHAR(length=24), 'SERVICEPROVIDER': VARCHAR(length=19), 'REFERENCENUMBER': VARCHAR(length=14)}
Write data to Oracle
Batch 1/4 written successfully.
Batch 2/4 written successfully.
Batch 3/4 written successfully.
Batch 4/4 written successfully.
All data written to Oracle DB BSP_CREDITSCORE successfully.
/Users/johan/Workspace/Matogen/Atlas/src/python/Oracle_SqlScript.py:141: UserWarning: The provided table name 'BSP_CLIENT' is not found exactly as such in the database after writing the table, possibly due to case sensitivity issues. Consider using lower case table names.
  batch_df.to_sql(
history BSP_CLIENT
Dates Received 2024-07-01 00:00:00 .. 2024-07-31 23:59:59
Execution time: 8.841416120529175 seconds
   ClientId  UserId PersonId  ... IsDelinquent IsDebtReview DeliquencyReasonId
0    747003       0     None  ...        False        False               None
1    675553       0     None  ...        False        False               None
2    130485       0     None  ...        False        False               None
3    412054       0     None  ...        False        False               None
4    742304       0     None  ...        False        False               None

[5 rows x 26 columns]
{'CLIENTID': NUMBER(precision=38, scale=0, asdecimal=False), 'USERID': NUMBER(precision=38, scale=0, asdecimal=False), 'PERSONID': VARCHAR(length=14), 'TITLE': VARCHAR(length=14), 'FIRSTNAME': VARCHAR(length=31), 'SURNAME': VARCHAR(length=40), 'IDNUMBER': VARCHAR(length=24), 'DATEOFBIRTH': DATE(), 'GENDER': VARCHAR(length=11), 'MARITALSTATUSID': VARCHAR(length=13), 'MARITALAGREEMENT': VARCHAR(length=14), 'ETHNICITYID': VARCHAR(length=13), 'NEWSTATUSID': NUMBER(precision=38, scale=0, asdecimal=False), 'COUNTRYOFBIRTHID': VARCHAR(length=15), 'LANGUAGEID': VARCHAR(length=14), 'MODIFIEDBY': VARCHAR(length=14), 'MODIFIEDDATE': DATE(), 'BRANCHID': NUMBER(precision=38, scale=0, asdecimal=False), 'PROPERTYOWNERSHIPID': VARCHAR(length=13), 'COMPANYID': NUMBER(precision=38, scale=0, asdecimal=False), 'CHANNELCODE': NUMBER(precision=38, scale=0, asdecimal=False), 'DELIQUENCYREASONID': VARCHAR(length=14)}
Write data to Oracle
Batch 1/3 written successfully.
Batch 2/3 written successfully.
Batch 3/3 written successfully.
All data written to Oracle DB BSP_CLIENT successfully.
/Users/johan/Workspace/Matogen/Atlas/src/python/Oracle_SqlScript.py:141: UserWarning: The provided table name 'BSP_ADDRESS' is not found exactly as such in the database after writing the table, possibly due to case sensitivity issues. Consider using lower case table names.
  batch_df.to_sql(
history BSP_ADDRESS
Dates Received 2024-07-01 00:00:00 .. 2024-07-31 23:59:59
Execution time: 8.535858869552612 seconds
   AddressId  AddressTypeId ClientId  ... AddressLine4 PostalCode Province
0    7249296              2     None  ...         None       7690   1986.0
1    7249297              3     None  ...         None       None      NaN
2    7249298              2     None  ...         None       1039    264.0
3    7249299              3     None  ...         None       0299      NaN
4    7249302              2     None  ...         None       4052    228.0

[5 rows x 9 columns]
{'ADDRESSID': NUMBER(precision=38, scale=0, asdecimal=False), 'ADDRESSTYPEID': NUMBER(precision=38, scale=0, asdecimal=False), 'CLIENTID': VARCHAR(length=14), 'ADDRESSLINE1': VARCHAR(length=95), 'ADDRESSLINE2': VARCHAR(length=90), 'ADDRESSLINE3': VARCHAR(length=40), 'ADDRESSLINE4': VARCHAR(length=39), 'POSTALCODE': VARCHAR(length=14), 'PROVINCE': VARCHAR(length=16)}
Write data to Oracle
Batch 1/8 written successfully.
Batch 2/8 written successfully.
Batch 3/8 written successfully.
Batch 4/8 written successfully.
Batch 5/8 written successfully.
Batch 6/8 written successfully.
Batch 7/8 written successfully.
Batch 8/8 written successfully.
All data written to Oracle DB BSP_ADDRESS successfully.
Month: 202408
/Users/johan/Workspace/Matogen/Atlas/src/python/Oracle_SqlScript.py:141: UserWarning: The provided table name 'BSP_APPLICATION' is not found exactly as such in the database after writing the table, possibly due to case sensitivity issues. Consider using lower case table names.
  batch_df.to_sql(
history BSP_APPLICATION
Dates Received 2024-08-01 00:00:00 .. 2024-08-31 23:59:59
Execution time: 30.406069040298462 seconds
   ApplicationId  AffordabilityId  ... IsCopyAppliation previous_application_date
0        3012961          3025583  ...            False                       NaT
1        2961084          2973706  ...            False   2024-06-29 09:35:28.653
2        3037353          3049975  ...            False   2024-08-01 08:17:01.937
3        2964771          2977393  ...            False                       NaT
4        3028490          3041112  ...            False   2024-07-04 11:08:20.547

[5 rows x 76 columns]
{'APPLICATIONID': NUMBER(precision=38, scale=0, asdecimal=False), 'AFFORDABILITYID': NUMBER(precision=38, scale=0, asdecimal=False), 'ACCOUNTNO': VARCHAR(length=20), 'NEXTOFKINID': VARCHAR(length=14), 'REASONID': NUMBER(precision=38, scale=0, asdecimal=False), 'ACCOUNTID': VARCHAR(length=19), 'CLIENTID': NUMBER(precision=38, scale=0, asdecimal=False), 'EMPLOYERID': NUMBER(precision=38, scale=0, asdecimal=False), 'BANKDETAILID': NUMBER(precision=38, scale=0, asdecimal=False), 'RESIDENTIALADDRESSID': NUMBER(precision=38, scale=0, asdecimal=False), 'AMOUNT': VARCHAR(length=17), 'REPAYMENTAMOUNT': VARCHAR(length=18), 'TOTALEXPENSES': VARCHAR(length=13), 'TOTALINCOME': VARCHAR(length=13), 'SALARYTYPEID': VARCHAR(length=14), 'SALARYTYPENO': NUMBER(precision=38, scale=0, asdecimal=False), 'PERIOD': NUMBER(precision=38, scale=0, asdecimal=False), 'STEP': NUMBER(precision=38, scale=0, asdecimal=False), 'STATUS': NUMBER(precision=38, scale=0, asdecimal=False), 'SETTLEMENTID': VARCHAR(length=14), 'REPAYMENTDATE': DATE(), 'HASH': VARCHAR(length=74), 'CREATEDATE': DATE(), 'IP': VARCHAR(length=14), 'OTHERINCOME': VARCHAR(length=14), 'NEWSTATUSID': NUMBER(precision=38, scale=0, asdecimal=False), 'DOCUMENTID': VARCHAR(length=14), 'INCOMEID': VARCHAR(length=14), 'APPLICATIONCLIENTID': NUMBER(precision=38, scale=0, asdecimal=False), 'DISBURSEMENTID': NUMBER(precision=38, scale=0, asdecimal=False), 'QUOTATIONID': NUMBER(precision=38, scale=0, asdecimal=False), 'BRANCHID': NUMBER(precision=38, scale=0, asdecimal=False), 'AGENTCODE': VARCHAR(length=22), 'CREATEDBY': NUMBER(precision=38, scale=0, asdecimal=False), 'ROLLOVERACCOUNTID': NUMBER(precision=38, scale=0, asdecimal=False), 'PAYABLEAMOUNT': VARCHAR(length=17), 'DCQUOTATIONSTATUS': VARCHAR(length=14), 'DCAGREEMENTSTATUS': VARCHAR(length=14), 'DCAGREEMENTID': NUMBER(precision=38, scale=0, asdecimal=False), 'DCQUOTATIONID': NUMBER(precision=38, scale=0, asdecimal=False), 'DISBURSEMENTMODEID': NUMBER(precision=38, scale=0, asdecimal=False), 'DEBITORDERMODEID': NUMBER(precision=38, scale=0, asdecimal=False), 'COMPANYID': NUMBER(precision=38, scale=0, asdecimal=False), 'CHANNELCODE': NUMBER(precision=38, scale=0, asdecimal=False), 'CHANNELREFERENCENO': VARCHAR(length=14), 'REQUESTEDLOANAMOUNT': VARCHAR(length=16), 'PRODUCTID': NUMBER(precision=38, scale=0, asdecimal=False), 'CAMPAIGNCODE': VARCHAR(length=27), 'PROCESSBY': VARCHAR(length=20), 'REFERRALCODE': VARCHAR(length=20), 'ROLLOVERACCEPTANCEDATE': DATE(), 'CLIENTIPADDRESS': VARCHAR(length=25), 'SERVERIPADDRESS': VARCHAR(length=23), 'PARENTFLASHLOANACCOUNTID': NUMBER(precision=38, scale=0, asdecimal=False), 'BRANDID': NUMBER(precision=38, scale=0, asdecimal=False), 'COPYLOANACCOUNTID': NUMBER(precision=38, scale=0, asdecimal=False), 'ISLOANOREMI': VARCHAR(length=14), 'INSTALLMENTAFFORDABILITYPERMONTH': VARCHAR(length=19), 'CANCELREASONID': VARCHAR(length=14), 'SOURCE': VARCHAR(length=14), 'QUOTEAPPROVALBY': VARCHAR(length=18), 'ISGETOFFEROVERRIDE': VARCHAR(length=15), 'OVERRIDEOFFERREASONID': VARCHAR(length=14), 'OVERRIDEOFFERREASON': VARCHAR(length=96), 'AGGREGATELOAN': VARCHAR(length=15), 'AGGREGATELOANAMOUNT': VARCHAR(length=13), 'CLIENTCATEGORY': VARCHAR(length=25), 'NOOFDAYSSINCELASTLOANPAID': NUMBER(precision=38, scale=0, asdecimal=False), 'SOURCEAPPLICATIONID': NUMBER(precision=38, scale=0, asdecimal=False), 'PREVIOUS_APPLICATION_DATE': DATE()}
Write data to Oracle
Batch 1/4 written successfully.
Batch 2/4 written successfully.
Batch 3/4 written successfully.
Batch 4/4 written successfully.
All data written to Oracle DB BSP_APPLICATION successfully.
/Users/johan/Workspace/Matogen/Atlas/src/python/Oracle_SqlScript.py:141: UserWarning: The provided table name 'BSP_ACCOUNT' is not found exactly as such in the database after writing the table, possibly due to case sensitivity issues. Consider using lower case table names.
  batch_df.to_sql(
history BSP_ACCOUNT
Dates Received 2024-08-01 00:00:00 .. 2024-08-31 23:59:59
Execution time: 27.597077131271362 seconds
   AccountId   AccountNo  ... assignedconsultantid         previous_loan_date
0    4007704  AOL4007704  ...                 None 2024-06-29 09:45:08.461717
1    4104167  AOL4104167  ...                 None 2024-08-01 08:23:37.750551
2    4092175  AOL4092175  ...                 None 2024-07-04 11:18:09.338197
3    4072241  AOL4072241  ...                 None 2024-07-25 08:04:35.475517
4    4048686  AOL4048686  ...                 None                        NaT

[5 rows x 77 columns]
{'ACCOUNTID': NUMBER(precision=38, scale=0, asdecimal=False), 'ACCOUNTNO': VARCHAR(length=20), 'ACCOUNTTYPEID': VARCHAR(length=14), 'PERSONID': NUMBER(precision=38, scale=0, asdecimal=False), 'HOSTID': NUMBER(precision=38, scale=0, asdecimal=False), 'STATUSID': NUMBER(precision=38, scale=0, asdecimal=False), 'LOANAMOUNT': VARCHAR(length=17), 'TOTALTOPUPAMOUNT': VARCHAR(length=13), 'TOTALFEES': VARCHAR(length=17), 'CAPITALAMOUNT': VARCHAR(length=13), 'PAYOUTAMOUNT': VARCHAR(length=18), 'THIRDPARTYPAYOUTAMOUNT': VARCHAR(length=14), 'ACCOUNTBALANCE': VARCHAR(length=18), 'INTERESTRATE': VARCHAR(length=15), 'PERIOD': NUMBER(precision=38, scale=0, asdecimal=False), 'PERIODFREQUENCYID': NUMBER(precision=38, scale=0, asdecimal=False), 'INSTALMENTAMOUNT': VARCHAR(length=17), 'NUMOFINSTALMENTS': NUMBER(precision=38, scale=0, asdecimal=False), 'STATUSREASONID': VARCHAR(length=14), 'STATUSSUBREASONID': VARCHAR(length=14), 'NLRENQUIRYREFERENCENO': VARCHAR(length=14), 'NLRREGISTRATIONNO': VARCHAR(length=14), 'STATUSCHANGEDATE': DATE(), 'FIRSTINSTALMENTDATE': DATE(), 'OPENDATE': DATE(), 'CLOSEDATE': DATE(), 'CREATEDATE': DATE(), 'CREATEDBY': NUMBER(precision=38, scale=0, asdecimal=False), 'OPTIMISTICLOCKFIELD': NUMBER(precision=38, scale=0, asdecimal=False), 'GCRECORD': VARCHAR(length=14), 'NEWSTATUSID': NUMBER(precision=38, scale=0, asdecimal=False), 'BRANCHID': NUMBER(precision=38, scale=0, asdecimal=False), 'LOANTYPE': VARCHAR(length=11), 'PAIDDATE': DATE(), 'LOANSTATEREASONCODE': VARCHAR(length=11), 'DISCOUNTAMOUNT': VARCHAR(length=13), 'HANDOVERAMOUNT': VARCHAR(length=18), 'HANDOVERDATE': DATE(), 'HANDOVERDUEDATE': DATE(), 'HANDOVERSERVICEFEE': VARCHAR(length=13), 'EXCLUDEPHOLOANREASONCODE': VARCHAR(length=14), 'ROLLOVERACCOUNTID': NUMBER(precision=38, scale=0, asdecimal=False), 'LOANENDDATE': VARCHAR(length=20), 'REPAYMENTAMOUNT': VARCHAR(length=18), 'CLIENTID': NUMBER(precision=38, scale=0, asdecimal=False), 'VAP_CST': VARCHAR(length=15), 'FUN_CST': VARCHAR(length=16), 'VAT_VAP_CST': VARCHAR(length=16), 'DISBURSEMENTMODEID': NUMBER(precision=38, scale=0, asdecimal=False), 'DEBITORDERMODEID': NUMBER(precision=38, scale=0, asdecimal=False), 'PRODUCTID': NUMBER(precision=38, scale=0, asdecimal=False), 'COMPANYID': NUMBER(precision=38, scale=0, asdecimal=False), 'CONSULTANTAPPROVEBY': NUMBER(precision=38, scale=0, asdecimal=False), 'MANAGERAPPROVEBY': NUMBER(precision=38, scale=0, asdecimal=False), 'CONSULTANTAPPROVEDATE': DATE(), 'MANAGERAPPROVEDATE': DATE(), 'REWARDAMOUNT': VARCHAR(length=13), 'REFERRALAMOUNT': VARCHAR(length=13), 'CLIENTIPADDRESS': VARCHAR(length=25), 'SERVERIPADDRESS': VARCHAR(length=23), 'IDLPSTATUS': VARCHAR(length=21), 'IDLDDATE': DATE(), 'PARENTFLASHLOANACCOUNTID': NUMBER(precision=38, scale=0, asdecimal=False), 'REPORATE': VARCHAR(length=14), 'REPORATEFACTOR': VARCHAR(length=13), 'REPORATEADJUSTMENT': VARCHAR(length=14), 'VAPCANCELID': NUMBER(precision=38, scale=0, asdecimal=False), 'VAPCANCELSTATUS': NUMBER(precision=38, scale=0, asdecimal=False), 'DAYSINARREARS': VARCHAR(length=15), 'NEWBRANCHID': VARCHAR(length=14), 'ASSIGNEDCONSULTANTID': VARCHAR(length=14), 'PREVIOUS_LOAN_DATE': DATE()}
Write data to Oracle
Batch 1/3 written successfully.
Batch 2/3 written successfully.
Batch 3/3 written successfully.
All data written to Oracle DB BSP_ACCOUNT successfully.
/Users/johan/Workspace/Matogen/Atlas/src/python/Oracle_SqlScript.py:141: UserWarning: The provided table name 'BSP_AFFORDABILITY' is not found exactly as such in the database after writing the table, possibly due to case sensitivity issues. Consider using lower case table names.
  batch_df.to_sql(
history BSP_AFFORDABILITY
Dates Received 2024-08-01 00:00:00 .. 2024-08-31 23:59:59
Execution time: 21.283011198043823 seconds
   AffordabilityId  OptionId  ...  CreditScoreFromCache  MockCreditScore
0          2992348         1  ...                  True            False
1          2973665         1  ...                 False            False
2          2977294         1  ...                 False            False
3          2977295         1  ...                 False            False
4          2977296         1  ...                 False            False

[5 rows x 60 columns]
{'AFFORDABILITYID': NUMBER(precision=38, scale=0, asdecimal=False), 'OPTIONID': NUMBER(precision=38, scale=0, asdecimal=False), 'APPLICATIONID': NUMBER(precision=38, scale=0, asdecimal=False), 'AMOUNT': VARCHAR(length=13), 'REPAYMENTAMOUNT': VARCHAR(length=13), 'TOTALFEES': VARCHAR(length=13), 'CAPITALAMOUNT': VARCHAR(length=13), 'INSTALMENT': VARCHAR(length=14), 'OPTIONTYPE': NUMBER(precision=38, scale=0, asdecimal=False), 'CREATEDATE': DATE(), 'ARREARS': VARCHAR(length=14), 'NEWSTATUSID': NUMBER(precision=38, scale=0, asdecimal=False), 'GROSSSALARY': VARCHAR(length=19), 'DEDUCTIONS': VARCHAR(length=19), 'NETSALARY': VARCHAR(length=19), 'AVERAGENETSALARY': VARCHAR(length=19), 'RENT': VARCHAR(length=17), 'WATER_LIGHTS': VARCHAR(length=17), 'TELEPHONE': VARCHAR(length=22), 'GROCERIERS': VARCHAR(length=17), 'MEDICAL': VARCHAR(length=17), 'INSURANCE': VARCHAR(length=17), 'PETROL_TRANSPORT': VARCHAR(length=17), 'SCHOOLFEES': VARCHAR(length=17), 'ENTERTAINMENT': VARCHAR(length=17), 'MAINTENANCE': VARCHAR(length=17), 'OTHER': VARCHAR(length=17), 'COMPANYLOANS': VARCHAR(length=17), 'BANKLOANS': VARCHAR(length=18), 'EMOLUORDERS': VARCHAR(length=17), 'STATEMENTDEBITS': VARCHAR(length=18), 'BANKCHARGES': VARCHAR(length=16), 'HIREPURCHASE': VARCHAR(length=17), 'OTHERMICROLOAN': VARCHAR(length=17), 'PREVIOUSMICROLOAN': VARCHAR(length=17), 'NLRSCORE': VARCHAR(length=15), 'ENQNO': VARCHAR(length=22), 'ENQDATE': DATE(), 'CPAINST': VARCHAR(length=18), 'NLRINST': VARCHAR(length=18), 'NETPM': VARCHAR(length=14), 'INSTALL_P_M': VARCHAR(length=22), 'LOANAMOUNT': VARCHAR(length=22), 'USERDEFINEDEXPENSES': VARCHAR(length=21), 'USERDEFINEDSALARY': VARCHAR(length=19), 'USERDEFINEDLIABILITY': VARCHAR(length=17), 'USERDEFINEDNLR': NUMBER(precision=38, scale=0, asdecimal=False), 'USERDEFINEDCPA': NUMBER(precision=38, scale=0, asdecimal=False), 'DISCRETION': VARCHAR(length=22), 'TOTALLIVINGEXPENSE': VARCHAR(length=22), 'RECOGNISEDLIVINGEXPENSE': VARCHAR(length=18), 'ACTUALLIVINGEXPENSE': VARCHAR(length=22), 'TOTALLIABILITY': VARCHAR(length=17), 'NLRCOMMENT': VARCHAR(length=490), 'COMPANYID': NUMBER(precision=38, scale=0, asdecimal=False), 'CHANNELCODE': NUMBER(precision=38, scale=0, asdecimal=False)}
Write data to Oracle
Batch 1/4 written successfully.
Batch 2/4 written successfully.
Batch 3/4 written successfully.
Batch 4/4 written successfully.
All data written to Oracle DB BSP_AFFORDABILITY successfully.
/Users/johan/Workspace/Matogen/Atlas/src/python/Oracle_SqlScript.py:141: UserWarning: The provided table name 'BSP_CREDITSCORE' is not found exactly as such in the database after writing the table, possibly due to case sensitivity issues. Consider using lower case table names.
  batch_df.to_sql(
history BSP_CREDITSCORE
Dates Received 2024-08-01 00:00:00 .. 2024-08-31 23:59:59
Execution time: 6.2040369510650635 seconds
   CreditScoreId  ApplicationId  ...  ServiceProvider  ReferenceNumber
0        2836973        2964329  ...        COMPUSCAN             None
1        2832743        2959978  ...        COMPUSCAN             None
2        2832744        2959979  ...        COMPUSCAN             None
3        2832745        2959980  ...        COMPUSCAN             None
4        2832746        2959981  ...        COMPUSCAN             None

[5 rows x 8 columns]
{'CREDITSCOREID': NUMBER(precision=38, scale=0, asdecimal=False), 'APPLICATIONID': NUMBER(precision=38, scale=0, asdecimal=False), 'NLRSCORE': NUMBER(precision=38, scale=0, asdecimal=False), 'APPLICATIONSCORE': NUMBER(precision=38, scale=0, asdecimal=False), 'BEHAVIOURSCORE': VARCHAR(length=14), 'RISKTYPE': VARCHAR(length=24), 'SERVICEPROVIDER': VARCHAR(length=19), 'REFERENCENUMBER': VARCHAR(length=14)}
Write data to Oracle
Batch 1/4 written successfully.
Batch 2/4 written successfully.
Batch 3/4 written successfully.
Batch 4/4 written successfully.
All data written to Oracle DB BSP_CREDITSCORE successfully.
/Users/johan/Workspace/Matogen/Atlas/src/python/Oracle_SqlScript.py:141: UserWarning: The provided table name 'BSP_CLIENT' is not found exactly as such in the database after writing the table, possibly due to case sensitivity issues. Consider using lower case table names.
  batch_df.to_sql(
history BSP_CLIENT
Dates Received 2024-08-01 00:00:00 .. 2024-08-31 23:59:59
Execution time: 7.298458099365234 seconds
   ClientId  UserId PersonId  ... IsDelinquent IsDebtReview DeliquencyReasonId
0    760301       0     None  ...        False        False               None
1    473752       0     None  ...         True        False               None
2    764080       0     None  ...        False        False               None
3    763155       0     None  ...        False        False               None
4    589073       0     None  ...        False        False               None

[5 rows x 26 columns]
{'CLIENTID': NUMBER(precision=38, scale=0, asdecimal=False), 'USERID': NUMBER(precision=38, scale=0, asdecimal=False), 'PERSONID': VARCHAR(length=14), 'TITLE': VARCHAR(length=14), 'FIRSTNAME': VARCHAR(length=31), 'SURNAME': VARCHAR(length=38), 'IDNUMBER': VARCHAR(length=25), 'DATEOFBIRTH': DATE(), 'GENDER': VARCHAR(length=11), 'MARITALSTATUSID': VARCHAR(length=13), 'MARITALAGREEMENT': VARCHAR(length=14), 'ETHNICITYID': VARCHAR(length=13), 'NEWSTATUSID': NUMBER(precision=38, scale=0, asdecimal=False), 'COUNTRYOFBIRTHID': VARCHAR(length=15), 'LANGUAGEID': VARCHAR(length=14), 'MODIFIEDBY': VARCHAR(length=14), 'MODIFIEDDATE': DATE(), 'BRANCHID': NUMBER(precision=38, scale=0, asdecimal=False), 'PROPERTYOWNERSHIPID': VARCHAR(length=13), 'COMPANYID': NUMBER(precision=38, scale=0, asdecimal=False), 'CHANNELCODE': NUMBER(precision=38, scale=0, asdecimal=False), 'DELIQUENCYREASONID': VARCHAR(length=14)}
Write data to Oracle
Batch 1/4 written successfully.
Batch 2/4 written successfully.
Batch 3/4 written successfully.
Batch 4/4 written successfully.
All data written to Oracle DB BSP_CLIENT successfully.
/Users/johan/Workspace/Matogen/Atlas/src/python/Oracle_SqlScript.py:141: UserWarning: The provided table name 'BSP_ADDRESS' is not found exactly as such in the database after writing the table, possibly due to case sensitivity issues. Consider using lower case table names.
  batch_df.to_sql(
history BSP_ADDRESS
Dates Received 2024-08-01 00:00:00 .. 2024-08-31 23:59:59
Execution time: 11.27899694442749 seconds
   AddressId  AddressTypeId ClientId  ... AddressLine4 PostalCode Province
0    7484773              2     None  ...         None       4470    920.0
1    7484774              3     None  ...         None       None      NaN
2    7484777              2     None  ...         None        850    162.0
3    7484778              3     None  ...         None       None      NaN
4    7484781              2     None  ...         None       7530    363.0

[5 rows x 9 columns]
{'ADDRESSID': NUMBER(precision=38, scale=0, asdecimal=False), 'ADDRESSTYPEID': NUMBER(precision=38, scale=0, asdecimal=False), 'CLIENTID': VARCHAR(length=14), 'ADDRESSLINE1': VARCHAR(length=95), 'ADDRESSLINE2': VARCHAR(length=79), 'ADDRESSLINE3': VARCHAR(length=40), 'ADDRESSLINE4': VARCHAR(length=40), 'POSTALCODE': VARCHAR(length=14), 'PROVINCE': VARCHAR(length=16)}
Write data to Oracle
Batch 1/8 written successfully.
Batch 2/8 written successfully.
Batch 3/8 written successfully.
Batch 4/8 written successfully.
Batch 5/8 written successfully.
Batch 6/8 written successfully.
Batch 7/8 written successfully.
Batch 8/8 written successfully.
All data written to Oracle DB BSP_ADDRESS successfully.
Month: 202409
Traceback (most recent call last):
  File "/Users/johan/Workspace/Matogen/Atlas/src/python/./Bespoke_ExtractHistory.py", line 106, in <module>
    subprocess.run(
  File "/usr/local/Caskroom/miniconda/base/lib/python3.12/subprocess.py", line 552, in run
    stdout, stderr = process.communicate(input, timeout=timeout)
                     ^^^^^^^^^^^^^^^^^^^^^^^^^^^^^^^^^^^^^^^^^^^
  File "/usr/local/Caskroom/miniconda/base/lib/python3.12/subprocess.py", line 1203, in communicate
    self.wait()
  File "/usr/local/Caskroom/miniconda/base/lib/python3.12/subprocess.py", line 1266, in wait
    return self._wait(timeout=timeout)
           ^^^^^^^^^^^^^^^^^^^^^^^^^^^
  File "/usr/local/Caskroom/miniconda/base/lib/python3.12/subprocess.py", line 2061, in _wait
    (pid, sts) = self._try_wait(0)
                 ^^^^^^^^^^^^^^^^^
  File "/usr/local/Caskroom/miniconda/base/lib/python3.12/subprocess.py", line 2019, in _try_wait
    (pid, sts) = os.waitpid(self.pid, wait_flags)
                 ^^^^^^^^^^^^^^^^^^^^^^^^^^^^^^^^
KeyboardInterrupt
